WMU,Animal,Tag Type,Season Start,Season End
102,White-tailed deer,Antlered (Archery),Sep 1,Nov 3
102,White-tailed deer,Antlered (General),Nov 4,"N7, N11 - N14,"
102,White-tailed deer,Antlered (General),Nov 18,"N21, N25 - N28"
104,White-tailed deer,Antlered (Archery),Sep 1,Nov 3
104,White-tailed deer,Antlered (General),Nov 4,"N7, N11 - N14,"
104,White-tailed deer,Antlered (General),Nov 18,"N21, N25 - N28"
106,White-tailed deer,Antlered (Archery),Sep 1,Nov 3
106,White-tailed deer,Antlered (General),Nov 4,"N7, N11 - N14,"
106,White-tailed deer,Antlered (General),Nov 18,"N21, N25 - N28"
108,White-tailed deer,Antlered (Archery),Sep 1,Nov 3
108,White-tailed deer,Antlered (General),Nov 4,"N7, N11 - N14,"
108,White-tailed deer,Antlered (General),Nov 18,"N21, N25 - N28"
110,White-tailed deer,Antlered (Archery),Sep 1,Nov 3
110,White-tailed deer,Antlered (General),Nov 4,"N7, N11 - N14,"
110,White-tailed deer,Antlered (General),Nov 18,"N21, N25 - N28"
112,White-tailed deer,Antlered (Archery),Sep 1,Nov 3
112,White-tailed deer,Antlered (General),Nov 4,"N7, N11 - N14,"
112,White-tailed deer,Antlered (General),Nov 18,"N21, N25 - N28"
116,White-tailed deer,Antlered (Archery),Sep 1,Nov 3
116,White-tailed deer,Antlered (General),Nov 4,"N7, N11 - N14,"
116,White-tailed deer,Antlered (General),Nov 18,"N21, N25 - N28"
118,White-tailed deer,Antlered (Archery),Sep 1,Nov 3
118,White-tailed deer,Antlered (General),Nov 4,"N7, N11 - N14,"
118,White-tailed deer,Antlered (General),Nov 18,"N21, N25 - N28"
119,White-tailed deer,Antlered (Archery),Sep 1,Nov 3
119,White-tailed deer,Antlered (General),Nov 4,"N7, N11 - N14,"
119,White-tailed deer,Antlered (General),Nov 18,"N21, N25 - N28"
124,White-tailed deer,Antlered (Archery),Sep 1,Nov 3
124,White-tailed deer,Antlered (General),Nov 4,"N7, N11 - N14,"
124,White-tailed deer,Antlered (General),Nov 18,"N21, N25 - N28"
128,White-tailed deer,Antlered (Archery),Sep 1,Nov 3
128,White-tailed deer,Antlered (General),Nov 4,"N7, N11 - N14,"
128,White-tailed deer,Antlered (General),Nov 18,"N21, N25 - N28"
130,White-tailed deer,Antlered (Archery),Sep 1,Nov 3
130,White-tailed deer,Antlered (General),Nov 4,"N7, N11 - N14,"
130,White-tailed deer,Antlered (General),Nov 18,"N21, N25 - N28"
132,White-tailed deer,Antlered (Archery),Sep 1,Nov 3
132,White-tailed deer,Antlered (General),Nov 4,"N7, N11 - N14,"
132,White-tailed deer,Antlered (General),Nov 18,"N21, N25 - N28"
134,White-tailed deer,Antlered (Archery),Sep 1,Nov 3
134,White-tailed deer,Antlered (General),Nov 4,"N7, N11 - N14,"
134,White-tailed deer,Antlered (General),Nov 18,"N21, N25 - N28"
136,White-tailed deer,Antlered (Archery),Sep 1,Nov 3
136,White-tailed deer,Antlered (General),Nov 4,"N7, N11 - N14,"
136,White-tailed deer,Antlered (General),Nov 18,"N21, N25 - N28"
138,White-tailed deer,Antlered (Archery),Sep 1,Nov 3
138,White-tailed deer,Antlered (General),Nov 4,"N7, N11 - N14,"
138,White-tailed deer,Antlered (General),Nov 18,"N21, N25 - N28"
140,White-tailed deer,Antlered (Archery),Sep 1,Nov 3
140,White-tailed deer,Antlered (General),Nov 4,"N7, N11 - N14,"
140,White-tailed deer,Antlered (General),Nov 18,"N21, N25 - N28"
142,White-tailed deer,Antlered (Archery),Sep 1,Nov 3
142,White-tailed deer,Antlered (General),Nov 4,"N7, N11 - N14,"
142,White-tailed deer,Antlered (General),Nov 18,"N21, N25 - N28"
144,White-tailed deer,Antlered (Archery),Sep 1,Nov 3
144,White-tailed deer,Antlered (General),Nov 4,"N7, N11 - N14,"
144,White-tailed deer,Antlered (General),Nov 18,"N21, N25 - N28"
148,White-tailed deer,Antlered (Archery),Sep 1,Nov 3
148,White-tailed deer,Antlered (General),Nov 4,"N7, N11 - N14,"
148,White-tailed deer,Antlered (General),Nov 18,"N21, N25 - N28"
150,White-tailed deer,Antlered (Archery),Sep 1,Nov 3
150,White-tailed deer,Antlered (General),Nov 4,"N7, N11 - N14,"
150,White-tailed deer,Antlered (General),Nov 18,"N21, N25 - N28"
151,White-tailed deer,Antlered (Archery),Sep 1,Nov 3
151,White-tailed deer,Antlered (General),Nov 4,"N7, N11 - N14,"
151,White-tailed deer,Antlered (General),Nov 18,"N21, N25 - N28"
152,White-tailed deer,Antlered (Archery),Sep 1,Nov 3
152,White-tailed deer,Antlered (General),Nov 4,"N7, N11 - N14,"
152,White-tailed deer,Antlered (General),Nov 18,"N21, N25 - N28"
156,White-tailed deer,Antlered (Archery),Sep 1,Nov 3
156,White-tailed deer,Antlered (General),Nov 4,"N7, N11 - N14,"
156,White-tailed deer,Antlered (General),Nov 18,"N21, N25 - N28"
158,White-tailed deer,Antlered (Archery),Sep 1,Nov 3
158,White-tailed deer,Antlered (General),Nov 4,"N7, N11 - N14,"
158,White-tailed deer,Antlered (General),Nov 18,"N21, N25 - N28"
160,White-tailed deer,Antlered (Archery),Sep 1,Nov 3
160,White-tailed deer,Antlered (General),Nov 4,"N7, N11 - N14,"
160,White-tailed deer,Antlered (General),Nov 18,"N21, N25 - N28"
162,White-tailed deer,Antlered (Archery),Sep 1,Oct 31
162,White-tailed deer,Antlered (General),Nov 1,Nov 30
163,White-tailed deer,Antlered (Archery),Sep 1,Oct 31
163,White-tailed deer,Antlered (General),Nov 1,Nov 30
164,White-tailed deer,Antlered (Archery),Sep 1,Oct 31
164,White-tailed deer,Antlered (General),Nov 1,Nov 30
166,White-tailed deer,Antlered (Archery),Sep 1,Oct 31
166,White-tailed deer,Antlered (General),Nov 1,Nov 30
102,White-tailed deer,Antlerless (Archery),Sep 1,Nov 3
102,White-tailed deer,Antlerless (General),Nov 4,"N7, N11 - N14,"
102,White-tailed deer,Antlerless (General),Nov 18,"N21, N25 - N28"
104,White-tailed deer,Antlerless (Archery),Sep 1,Nov 3
104,White-tailed deer,Antlerless (General),Nov 4,"N7, N11 - N14,"
104,White-tailed deer,Antlerless (General),Nov 18,"N21, N25 - N28"
106,White-tailed deer,Antlerless (Archery),Sep 1,Nov 3
106,White-tailed deer,Antlerless (General),Nov 4,"N7, N11 - N14,"
106,White-tailed deer,Antlerless (General),Nov 18,"N21, N25 - N28"
108,White-tailed deer,Antlerless (Archery),Sep 1,Nov 3
108,White-tailed deer,Antlerless (General),Nov 4,"N7, N11 - N14,"
108,White-tailed deer,Antlerless (General),Nov 18,"N21, N25 - N28"
110,White-tailed deer,Antlerless (Archery),Sep 1,Nov 3
110,White-tailed deer,Antlerless (General),Nov 4,"N7, N11 - N14,"
110,White-tailed deer,Antlerless (General),Nov 18,"N21, N25 - N28"
112,White-tailed deer,Antlerless (Archery),Sep 1,Nov 3
112,White-tailed deer,Antlerless (General),Nov 4,"N7, N11 - N14,"
112,White-tailed deer,Antlerless (General),Nov 18,"N21, N25 - N28"
116,White-tailed deer,Antlerless (Archery),Sep 1,Nov 3
116,White-tailed deer,Antlerless (General),Nov 4,"N7, N11 - N14,"
116,White-tailed deer,Antlerless (General),Nov 18,"N21, N25 - N28"
118,White-tailed deer,Antlerless (Archery),Sep 1,Nov 3
118,White-tailed deer,Antlerless (General),Nov 4,"N7, N11 - N14,"
118,White-tailed deer,Antlerless (General),Nov 18,"N21, N25 - N28"
119,White-tailed deer,Antlerless (Archery),Sep 1,Nov 3
119,White-tailed deer,Antlerless (General),Nov 4,"N7, N11 - N14,"
119,White-tailed deer,Antlerless (General),Nov 18,"N21, N25 - N28"
124,White-tailed deer,Antlerless (Archery),Sep 1,Nov 3
124,White-tailed deer,Antlerless (General),Nov 4,"N7, N11 - N14,"
124,White-tailed deer,Antlerless (General),Nov 18,"N21, N25 - N28"
128,White-tailed deer,Antlerless (Archery),Sep 1,Nov 3
128,White-tailed deer,Antlerless (General),Nov 4,"N7, N11 - N14,"
128,White-tailed deer,Antlerless (General),Nov 18,"N21, N25 - N28"
130,White-tailed deer,Antlerless (Archery),Sep 1,Nov 3
130,White-tailed deer,Antlerless (General),Nov 4,"N7, N11 - N14,"
130,White-tailed deer,Antlerless (General),Nov 18,"N21, N25 - N28"
132,White-tailed deer,Antlerless (Archery),Sep 1,Nov 3
132,White-tailed deer,Antlerless (General),Nov 4,"N7, N11 - N14,"
132,White-tailed deer,Antlerless (General),Nov 18,"N21, N25 - N28"
134,White-tailed deer,Antlerless (Archery),Sep 1,Nov 3
134,White-tailed deer,Antlerless (General),Nov 4,"N7, N11 - N14,"
134,White-tailed deer,Antlerless (General),Nov 18,"N21, N25 - N28"
136,White-tailed deer,Antlerless (Archery),Sep 1,Nov 3
136,White-tailed deer,Antlerless (General),Nov 4,"N7, N11 - N14,"
136,White-tailed deer,Antlerless (General),Nov 18,"N21, N25 - N28"
138,White-tailed deer,Antlerless (Archery),Sep 1,Nov 3
138,White-tailed deer,Antlerless (General),Nov 4,"N7, N11 - N14,"
138,White-tailed deer,Antlerless (General),Nov 18,"N21, N25 - N28"
140,White-tailed deer,Antlerless (Archery),Sep 1,Nov 3
140,White-tailed deer,Antlerless (General),Nov 4,"N7, N11 - N14,"
140,White-tailed deer,Antlerless (General),Nov 18,"N21, N25 - N28"
142,White-tailed deer,Antlerless (Archery),Sep 1,Nov 3
142,White-tailed deer,Antlerless (General),Nov 4,"N7, N11 - N14,"
142,White-tailed deer,Antlerless (General),Nov 18,"N21, N25 - N28"
144,White-tailed deer,Antlerless (Archery),Sep 1,Nov 3
144,White-tailed deer,Antlerless (General),Nov 4,"N7, N11 - N14,"
144,White-tailed deer,Antlerless (General),Nov 18,"N21, N25 - N28"
148,White-tailed deer,Antlerless (Archery),Sep 1,Nov 3
148,White-tailed deer,Antlerless (General),Nov 4,"N7, N11 - N14,"
148,White-tailed deer,Antlerless (General),Nov 18,"N21, N25 - N28"
150,White-tailed deer,Antlerless (Archery),Sep 1,Nov 3
150,White-tailed deer,Antlerless (General),Nov 4,"N7, N11 - N14,"
150,White-tailed deer,Antlerless (General),Nov 18,"N21, N25 - N28"
151,White-tailed deer,Antlerless (Archery),Sep 1,Nov 3
151,White-tailed deer,Antlerless (General),Nov 4,"N7, N11 - N14,"
151,White-tailed deer,Antlerless (General),Nov 18,"N21, N25 - N28"
152,White-tailed deer,Antlerless (Archery),Sep 1,Nov 3
152,White-tailed deer,Antlerless (General),Nov 4,"N7, N11 - N14,"
152,White-tailed deer,Antlerless (General),Nov 18,"N21, N25 - N28"
156,White-tailed deer,Antlerless (Archery),Sep 1,Nov 3
156,White-tailed deer,Antlerless (General),Nov 4,"N7, N11 - N14,"
156,White-tailed deer,Antlerless (General),Nov 18,"N21, N25 - N28"
158,White-tailed deer,Antlerless (Archery),Sep 1,Nov 3
158,White-tailed deer,Antlerless (General),Nov 4,"N7, N11 - N14,"
158,White-tailed deer,Antlerless (General),Nov 18,"N21, N25 - N28"
160,White-tailed deer,Antlerless (Archery),Sep 1,Nov 3
160,White-tailed deer,Antlerless (General),Nov 4,"N7, N11 - N14,"
160,White-tailed deer,Antlerless (General),Nov 18,"N21, N25 - N28"
162,White-tailed deer,Antlerless (Archery),Sep 1,Oct 31
162,White-tailed deer,Antlerless (General),Nov 1,Nov 30
163,White-tailed deer,Antlerless (Archery),Sep 1,Oct 31
163,White-tailed deer,Antlerless (General),Nov 1,Nov 30
164,White-tailed deer,Antlerless (Archery),Sep 1,Oct 31
164,White-tailed deer,Antlerless (General),Nov 1,Nov 30
166,White-tailed deer,Antlerless (Archery),Sep 1,Oct 31
166,White-tailed deer,Antlerless (General),Nov 1,Nov 30
102,Mule deer,Antlered and antlerless (Archery),Sep 1,Nov 3
102,Mule deer,Antlered and antlerless (General),Nov 4,"N7, N11 - N14,"
102,Mule deer,Antlered and antlerless (General),Nov 18,"N21, N25 - N28"
116,Mule deer,Antlered and antlerless (Archery),Sep 1,Nov 3
116,Mule deer,Antlered and antlerless (General),Nov 4,"N7, N11 - N14,"
116,Mule deer,Antlered and antlerless (General),Nov 18,"N21, N25 - N28"
118,Mule deer,Antlered and antlerless (Archery),Sep 1,Nov 3
118,Mule deer,Antlered and antlerless (General),Nov 4,"N7, N11 - N14,"
118,Mule deer,Antlered and antlerless (General),Nov 18,"N21, N25 - N28"
119,Mule deer,Antlered and antlerless (Archery),Sep 1,Nov 3
119,Mule deer,Antlered and antlerless (General),Nov 4,"N7, N11 - N14,"
119,Mule deer,Antlered and antlerless (General),Nov 18,"N21, N25 - N28"
124,Mule deer,Antlered and antlerless (Archery),Sep 1,Nov 3
124,Mule deer,Antlered and antlerless (General),Nov 4,"N7, N11 - N14,"
124,Mule deer,Antlered and antlerless (General),Nov 18,"N21, N25 - N28"
142,Mule deer,Antlered and antlerless (Archery),Sep 1,Nov 3
142,Mule deer,Antlered and antlerless (General),Nov 4,"N7, N11 - N14,"
142,Mule deer,Antlered and antlerless (General),Nov 18,"N21, N25 - N28"
144,Mule deer,Antlered and antlerless (Archery),Sep 1,Nov 3
144,Mule deer,Antlered and antlerless (General),Nov 4,"N7, N11 - N14,"
144,Mule deer,Antlered and antlerless (General),Nov 18,"N21, N25 - N28"
148,Mule deer,Antlered and antlerless (Archery),Sep 1,Nov 3
148,Mule deer,Antlered and antlerless (General),Nov 4,"N7, N11 - N14,"
148,Mule deer,Antlered and antlerless (General),Nov 18,"N21, N25 - N28"
150,Mule deer,Antlered and antlerless (Archery),Sep 1,Nov 3
150,Mule deer,Antlered and antlerless (General),Nov 4,"N7, N11 - N14,"
150,Mule deer,Antlered and antlerless (General),Nov 18,"N21, N25 - N28"
151,Mule deer,Antlered and antlerless (Archery),Sep 1,Nov 3
151,Mule deer,Antlered and antlerless (General),Nov 4,"N7, N11 - N14,"
151,Mule deer,Antlered and antlerless (General),Nov 18,"N21, N25 - N28"
152,Mule deer,Antlered and antlerless (Archery),Sep 1,Nov 3
152,Mule deer,Antlered and antlerless (General),Nov 4,"N7, N11 - N14,"
152,Mule deer,Antlered and antlerless (General),Nov 18,"N21, N25 - N28"
158,Mule deer,Antlered and antlerless (Archery),Sep 1,Nov 3
158,Mule deer,Antlered and antlerless (General),Nov 4,"N7, N11 - N14,"
158,Mule deer,Antlered and antlerless (General),Nov 18,"N21, N25 - N28"
160,Mule deer,Antlered and antlerless (Archery),Sep 1,Nov 3
160,Mule deer,Antlered and antlerless (General),Nov 4,"N7, N11 - N14,"
160,Mule deer,Antlered and antlerless (General),Nov 18,"N21, N25 - N28"
162,Mule deer,Antlered and antlerless (Archery),Sep 1,Oct 31
162,Mule deer,Antlered and antlerless (General),Nov 1,Nov 30
163,Mule deer,Antlered and antlerless (Archery),Sep 1,Oct 31
163,Mule deer,Antlered and antlerless (General),Nov 1,Nov 30
164,Mule deer,Antlered and antlerless (Archery),Sep 1,Oct 31
164,Mule deer,Antlered and antlerless (General),Nov 1,Nov 30
166,Mule deer,Antlered and antlerless (Archery),Sep 1,Oct 31
166,Mule deer,Antlered and antlerless (General),Nov 1,Nov 30
104,Mule deer,Antlered (Archery),Sep 1,Nov 3
104,Mule deer,Antlered (General),Nov 4,"N7, N11 - N14,"
104,Mule deer,Antlered (General),Nov 18,"N21, N25 - N28"
106,Mule deer,Antlered (Archery),Sep 1,Nov 3
106,Mule deer,Antlered (General),Nov 4,"N7, N11 - N14,"
106,Mule deer,Antlered (General),Nov 18,"N21, N25 - N28"
108,Mule deer,Antlered (Archery),Sep 1,Nov 3
108,Mule deer,Antlered (General),Nov 4,"N7, N11 - N14,"
108,Mule deer,Antlered (General),Nov 18,"N21, N25 - N28"
110,Mule deer,Antlered (Archery),Sep 1,Nov 3
110,Mule deer,Antlered (General),Nov 4,"N7, N11 - N14,"
110,Mule deer,Antlered (General),Nov 18,"N21, N25 - N28"
112,Mule deer,Antlered (Archery),Sep 1,Nov 3
112,Mule deer,Antlered (General),Nov 4,"N7, N11 - N14,"
112,Mule deer,Antlered (General),Nov 18,"N21, N25 - N28"
128,Mule deer,Antlered (Archery),Sep 1,Nov 3
128,Mule deer,Antlered (General),Nov 4,"N7, N11 - N14,"
128,Mule deer,Antlered (General),Nov 18,"N21, N25 - N28"
130,Mule deer,Antlered (Archery),Sep 1,Nov 3
130,Mule deer,Antlered (General),Nov 4,"N7, N11 - N14,"
130,Mule deer,Antlered (General),Nov 18,"N21, N25 - N28"
132,Mule deer,Antlered (Archery),Sep 1,Nov 3
132,Mule deer,Antlered (General),Nov 4,"N7, N11 - N14,"
132,Mule deer,Antlered (General),Nov 18,"N21, N25 - N28"
134,Mule deer,Antlered (Archery),Sep 1,Nov 3
134,Mule deer,Antlered (General),Nov 4,"N7, N11 - N14,"
134,Mule deer,Antlered (General),Nov 18,"N21, N25 - N28"
136,Mule deer,Antlered (Archery),Sep 1,Nov 3
136,Mule deer,Antlered (General),Nov 4,"N7, N11 - N14,"
136,Mule deer,Antlered (General),Nov 18,"N21, N25 - N28"
138,Mule deer,Antlered (Archery),Sep 1,Nov 3
138,Mule deer,Antlered (General),Nov 4,"N7, N11 - N14,"
138,Mule deer,Antlered (General),Nov 18,"N21, N25 - N28"
140,Mule deer,Antlered (Archery),Sep 1,Nov 3
140,Mule deer,Antlered (General),Nov 4,"N7, N11 - N14,"
140,Mule deer,Antlered (General),Nov 18,"N21, N25 - N28"
156,Mule deer,Antlered (Archery),Sep 1,Nov 3
156,Mule deer,Antlered (General),Nov 4,"N7, N11 - N14,"
156,Mule deer,Antlered (General),Nov 18,"N21, N25 - N28"
104,Mule deer,Antlerless (Archery),Sep 1,Nov 3
104,Mule deer,Antlerless (General),Nov 4,"N7, N11 - N14,"
104,Mule deer,Antlerless (General),Nov 18,"N21, N25 - N28"
106,Mule deer,Antlerless (Archery),Sep 1,Nov 3
106,Mule deer,Antlerless (General),Nov 4,"N7, N11 - N14,"
106,Mule deer,Antlerless (General),Nov 18,"N21, N25 - N28"
108,Mule deer,Antlerless (Archery),Sep 1,Nov 3
108,Mule deer,Antlerless (General),Nov 4,"N7, N11 - N14,"
108,Mule deer,Antlerless (General),Nov 18,"N21, N25 - N28"
110,Mule deer,Antlerless (Archery),Sep 1,Nov 3
110,Mule deer,Antlerless (General),Nov 4,"N7, N11 - N14,"
110,Mule deer,Antlerless (General),Nov 18,"N21, N25 - N28"
112,Mule deer,Antlerless (Archery),Sep 1,Nov 3
112,Mule deer,Antlerless (General),Nov 4,"N7, N11 - N14,"
112,Mule deer,Antlerless (General),Nov 18,"N21, N25 - N28"
128,Mule deer,Antlerless (Archery),Sep 1,Nov 3
128,Mule deer,Antlerless (General),Nov 4,"N7, N11 - N14,"
128,Mule deer,Antlerless (General),Nov 18,"N21, N25 - N28"
130,Mule deer,Antlerless (Archery),Sep 1,Nov 3
130,Mule deer,Antlerless (General),Nov 4,"N7, N11 - N14,"
130,Mule deer,Antlerless (General),Nov 18,"N21, N25 - N28"
132,Mule deer,Antlerless (Archery),Sep 1,Nov 3
132,Mule deer,Antlerless (General),Nov 4,"N7, N11 - N14,"
132,Mule deer,Antlerless (General),Nov 18,"N21, N25 - N28"
134,Mule deer,Antlerless (Archery),Sep 1,Nov 3
134,Mule deer,Antlerless (General),Nov 4,"N7, N11 - N14,"
134,Mule deer,Antlerless (General),Nov 18,"N21, N25 - N28"
136,Mule deer,Antlerless (Archery),Sep 1,Nov 3
136,Mule deer,Antlerless (General),Nov 4,"N7, N11 - N14,"
136,Mule deer,Antlerless (General),Nov 18,"N21, N25 - N28"
138,Mule deer,Antlerless (Archery),Sep 1,Nov 3
138,Mule deer,Antlerless (General),Nov 4,"N7, N11 - N14,"
138,Mule deer,Antlerless (General),Nov 18,"N21, N25 - N28"
140,Mule deer,Antlerless (Archery),Sep 1,Nov 3
140,Mule deer,Antlerless (General),Nov 4,"N7, N11 - N14,"
140,Mule deer,Antlerless (General),Nov 18,"N21, N25 - N28"
156,Mule deer,Antlerless (Archery),Sep 1,Nov 3
156,Mule deer,Antlerless (General),Nov 4,"N7, N11 - N14,"
156,Mule deer,Antlerless (General),Nov 18,"N21, N25 - N28"
102,Moose,Antlered and antlerless (Archery),Sep 1,Oct 31
102,Moose,Antlered and antlerless (General),Nov 1,Nov 30
116,Moose,Antlered and antlerless (Archery),Sep 1,Oct 31
116,Moose,Antlered and antlerless (General),Nov 1,Nov 30
118,Moose,Antlered and antlerless (Archery),Sep 1,Oct 31
118,Moose,Antlered and antlerless (General),Nov 1,Nov 30
119,Moose,Antlered and antlerless (Archery),Sep 1,Oct 31
119,Moose,Antlered and antlerless (General),Nov 1,Nov 30
124,Moose,Antlered and antlerless (Archery),Sep 1,Oct 31
124,Moose,Antlered and antlerless (General),Nov 1,Nov 30
148,Moose,Antlered and antlerless (Archery),Sep 1,Oct 31
148,Moose,Antlered and antlerless (General),Nov 1,Nov 30
150,Moose,Antlered and antlerless (Archery),Sep 1,Oct 31
150,Moose,Antlered and antlerless (General),Nov 1,Nov 30
151,Moose,Antlered and antlerless (Archery),Sep 1,Oct 31
151,Moose,Antlered and antlerless (General),Nov 1,Nov 30
152,Moose,Antlered and antlerless (Archery),Sep 1,Oct 31
152,Moose,Antlered and antlerless (General),Nov 1,Nov 30
156,Moose,Antlered and antlerless (Archery),Sep 1,Oct 31
156,Moose,Antlered and antlerless (General),Nov 1,Nov 30
158,Moose,Antlered and antlerless (Archery),Sep 1,Oct 31
158,Moose,Antlered and antlerless (General),Nov 1,Nov 30
160,Moose,Antlered and antlerless (Archery),Sep 1,Oct 31
160,Moose,Antlered and antlerless (General),Nov 1,Nov 30
162,Moose,Antlered and antlerless (Archery),Sep 1,Oct 31
162,Moose,Antlered and antlerless (General),Nov 1,Nov 30
163,Moose,Antlered and antlerless (Archery),Sep 1,Oct 31
163,Moose,Antlered and antlerless (General),Nov 1,Nov 30
164,Moose,Antlered and antlerless (Archery),Sep 1,Oct 31
164,Moose,Antlered and antlerless (General),Nov 1,Nov 30
166,Moose,Antlered and antlerless (Archery),Sep 1,Oct 31
166,Moose,Antlered and antlerless (General),Nov 1,Nov 30
102,Elk,Antlered and antlerless (General),Sep 1,Sep 30
102,Elk,Antlered and antlerless (General),Oct 1,Oct 24
102,Elk,Antlered and antlerless (General),Oct 25,Nov 16
102,Elk,Antlered and antlerless (General),Nov 17,Dec 31
104,Elk,Antlered and antlerless (General),Sep 1,Sep 30
104,Elk,Antlered and antlerless (General),Oct 1,Oct 24
104,Elk,Antlered and antlerless (General),Oct 25,Nov 16
104,Elk,Antlered and antlerless (General),Nov 17,Dec 31
108,Elk,Antlered and antlerless (General),Sep 1,Sep 30
108,Elk,Antlered and antlerless (General),Oct 1,Oct 24
108,Elk,Antlered and antlerless (General),Oct 25,Nov 16
108,Elk,Antlered and antlerless (General),Nov 17,Dec 31
124,Elk,Antlered and antlerless (General),Sep 1,Sep 30
124,Elk,Antlered and antlerless (General),Oct 1,Oct 24
124,Elk,Antlered and antlerless (General),Oct 25,Nov 16
124,Elk,Antlered and antlerless (General),Nov 17,Dec 31
124,Elk,Antlered and antlerless (General),Jan 1,"Jan 31, 2027"
124,Elk,Antlered and antlerless (General),Feb 1,"Feb 28, 2027"
128,Elk,Antlered and antlerless (General),Sep 1,Sep 30
128,Elk,Antlered and antlerless (General),Oct 1,Oct 24
128,Elk,Antlered and antlerless (General),Oct 25,Nov 16
128,Elk,Antlered and antlerless (General),Nov 17,Dec 31
128,Elk,Antlered and antlerless (General),Jan 1,"Jan 31, 2027"
128,Elk,Antlered and antlerless (General),Feb 1,"Feb 28, 2027"
142,Elk,Antlered and antlerless (General),Sep 1,Sep 30
142,Elk,Antlered and antlerless (General),Oct 1,Oct 24
142,Elk,Antlered and antlerless (General),Oct 25,Nov 16
142,Elk,Antlered and antlerless (General),Nov 17,Dec 31
142,Elk,Antlered and antlerless (General),Jan 1,"Jan 31, 2027"
142,Elk,Antlered and antlerless (General),Feb 1,"Feb 28, 2027"
144,Elk,Antlered and antlerless (General),Sep 1,Sep 30
144,Elk,Antlered and antlerless (General),Oct 1,Oct 24
144,Elk,Antlered and antlerless (General),Oct 25,Nov 16
144,Elk,Antlered and antlerless (General),Nov 17,Dec 31
144,Elk,Antlered and antlerless (General),Jan 1,"Jan 31, 2027"
144,Elk,Antlered and antlerless (General),Feb 1,"Feb 28, 2027"
148,Elk,Antlered and antlerless (General),Sep 1,Sep 30
148,Elk,Antlered and antlerless (General),Oct 1,Oct 24
148,Elk,Antlered and antlerless (General),Oct 25,Nov 16
148,Elk,Antlered and antlerless (General),Nov 17,Dec 31
148,Elk,Antlered and antlerless (General),Jan 1,"Jan 31, 2027"
148,Elk,Antlered and antlerless (General),Feb 1,"Feb 28, 2027"
150,Elk,Antlered and antlerless (General),Sep 1,Sep 30
150,Elk,Antlered and antlerless (General),Oct 1,Oct 24
150,Elk,Antlered and antlerless (General),Oct 25,Nov 16
150,Elk,Antlered and antlerless (General),Nov 17,Dec 31
150,Elk,Antlered and antlerless (General),Jan 1,"Jan 31, 2027"
150,Elk,Antlered and antlerless (General),Feb 1,"Feb 28, 2027"
116,Elk,Antlered and antlerless (General),Nov 1,Nov 10
116,Elk,Antlered and antlerless (General),Nov 11,Nov 20
116,Elk,Antlered and antlerless (General),Nov 21,Nov 30
118,Elk,Antlered and antlerless (General),Nov 1,Nov 10
118,Elk,Antlered and antlerless (General),Nov 11,Nov 20
118,Elk,Antlered and antlerless (General),Nov 21,Nov 30
119,Elk,Antlered and antlerless (General),Nov 1,Nov 10
119,Elk,Antlered and antlerless (General),Nov 11,Nov 20
119,Elk,Antlered and antlerless (General),Nov 21,Nov 30
624,Elk,Antlered and antlerless (General),Nov 1,Nov 10
624,Elk,Antlered and antlerless (General),Nov 11,Nov 20
624,Elk,Antlered and antlerless (General),Nov 21,Nov 30
116,Elk,Antlered and antlerless (General),Dec 1,Dec 31
116,Elk,Antlered and antlerless (General),Jan 1,"Jan 31, 2027"
116,Elk,Antlered and antlerless (General),Feb 1,"Feb 28, 2027"
118,Elk,Antlered and antlerless (General),Dec 1,Dec 31
118,Elk,Antlered and antlerless (General),Jan 1,"Jan 31, 2027"
118,Elk,Antlered and antlerless (General),Feb 1,"Feb 28, 2027"
119,Elk,Antlered and antlerless (General),Dec 1,Dec 31
119,Elk,Antlered and antlerless (General),Jan 1,"Jan 31, 2027"
119,Elk,Antlered and antlerless (General),Feb 1,"Feb 28, 2027"
116,Elk,Antlered and antlerless (Archery),Sep 1,Oct 31
118,Elk,Antlered and antlerless (Archery),Sep 1,Oct 31
119,Elk,Antlered and antlerless (Archery),Sep 1,Oct 31
110,Elk,Antlered (Archery),Sep 1,Oct 31
110,Elk,Antlered (General),Nov 1,Nov 30
132,Elk,Antlered (Archery),Sep 1,Oct 31
132,Elk,Antlered (General),Nov 1,Nov 30
136,Elk,Antlered (Archery),Sep 1,Oct 31
136,Elk,Antlered (General),Nov 1,Nov 30
138,Elk,Antlered (Archery),Sep 1,Oct 31
138,Elk,Antlered (General),Nov 1,Nov 30
151,Elk,Antlered (Archery),Sep 1,Oct 31
151,Elk,Antlered (General),Nov 1,Nov 30
152,Elk,Antlered (Archery),Sep 1,Oct 31
152,Elk,Antlered (General),Nov 1,Nov 30
156,Elk,Antlered (Archery),Sep 1,Oct 31
156,Elk,Antlered (General),Nov 1,Nov 30
158,Elk,Antlered (Archery),Sep 1,Oct 31
158,Elk,Antlered (General),Nov 1,Nov 30
160,Elk,Antlered (Archery),Sep 1,Oct 31
160,Elk,Antlered (General),Nov 1,Nov 30
162,Elk,Antlered (Archery),Sep 1,Oct 31
162,Elk,Antlered (General),Nov 1,Nov 30
163,Elk,Antlered (Archery),Sep 1,Oct 31
163,Elk,Antlered (General),Nov 1,Nov 30
164,Elk,Antlered (Archery),Sep 1,Oct 31
164,Elk,Antlered (General),Nov 1,Nov 30
166,Elk,Antlered (Archery),Sep 1,Oct 31
166,Elk,Antlered (General),Nov 1,Nov 30
102,Elk,Antlerless (General),Jan 1,"Jan 31, 2027"
102,Elk,Antlerless (General),Feb 1,"Feb 28, 2027"
104,Elk,Antlerless (General),Jan 1,"Jan 31, 2027"
104,Elk,Antlerless (General),Feb 1,"Feb 28, 2027"
108,Elk,Antlerless (General),Jan 1,"Jan 31, 2027"
108,Elk,Antlerless (General),Feb 1,"Feb 28, 2027"
106,Elk,Antlered (3-point or larger)1 and antlerless (Archery),Sep 1,Oct 31
112,Elk,Antlered (3-point or larger)1 and antlerless (Archery),Sep 1,Oct 31
130,Elk,Antlered (3-point or larger)1 and antlerless (Archery),Sep 1,Oct 31
134,Elk,Antlered (3-point or larger)1 and antlerless (Archery),Sep 1,Oct 31
140,Elk,Antlered (3-point or larger)1 and antlerless (Archery),Sep 1,Oct 31
151,Elk,Antlerless (Archery),Sep 1,Oct 31
151,Elk,Antlerless (General),Nov 1,"Jan 31, 2027"
152,Elk,Antlerless (Archery),Sep 1,Oct 31
152,Elk,Antlerless (General),Nov 1,"Jan 31, 2027"
156,Elk,Antlerless (Archery),Sep 1,Oct 31
156,Elk,Antlerless (General),Nov 1,"Jan 31, 2027"
158,Elk,Antlerless (Archery),Sep 1,Oct 31
158,Elk,Antlerless (General),Nov 1,"Jan 31, 2027"
160,Elk,Antlerless (Archery),Sep 1,Oct 31
160,Elk,Antlerless (General),Nov 1,"Jan 31, 2027"
110,Elk,Antlerless (Archery),Sep 1,Oct 31
110,Elk,Antlerless (General),Nov 1,Nov 30
110,Elk,Antlerless (General),Dec 1,Dec 31
110,Elk,Antlerless (General),Jan 1,"Jan 31, 2027"
110,Elk,Antlerless (General),Feb 1,"Feb 28, 2027"
132,Elk,Antlerless (Archery),Sep 1,Oct 31
132,Elk,Antlerless (General),Nov 1,Nov 30
132,Elk,Antlerless (General),Dec 1,Dec 31
132,Elk,Antlerless (General),Jan 1,"Jan 31, 2027"
132,Elk,Antlerless (General),Feb 1,"Feb 28, 2027"
136,Elk,Antlerless (Archery),Sep 1,Oct 31
136,Elk,Antlerless (General),Nov 1,Nov 30
136,Elk,Antlerless (General),Dec 1,Dec 31
136,Elk,Antlerless (General),Jan 1,"Jan 31, 2027"
136,Elk,Antlerless (General),Feb 1,"Feb 28, 2027"
138,Elk,Antlerless (Archery),Sep 1,Oct 31
138,Elk,Antlerless (General),Nov 1,Nov 30
138,Elk,Antlerless (General),Dec 1,Dec 31
138,Elk,Antlerless (General),Jan 1,"Jan 31, 2027"
138,Elk,Antlerless (General),Feb 1,"Feb 28, 2027"
162,Elk,Antlerless (Archery),Sep 1,Oct 31
162,Elk,Antlerless (General),Nov 1,Nov 30
162,Elk,Antlerless (General),Dec 1,Dec 31
162,Elk,Antlerless (General),Jan 1,"Jan 31, 2027"
162,Elk,Antlerless (General),Feb 1,"Feb 28, 2027"
163,Elk,Antlerless (Archery),Sep 1,Oct 31
163,Elk,Antlerless (General),Nov 1,Nov 30
163,Elk,Antlerless (General),Dec 1,Dec 31
163,Elk,Antlerless (General),Jan 1,"Jan 31, 2027"
163,Elk,Antlerless (General),Feb 1,"Feb 28, 2027"
164,Elk,Antlerless (Archery),Sep 1,Oct 31
164,Elk,Antlerless (General),Nov 1,Nov 30
164,Elk,Antlerless (General),Dec 1,Dec 31
164,Elk,Antlerless (General),Jan 1,"Jan 31, 2027"
164,Elk,Antlerless (General),Feb 1,"Feb 28, 2027"
166,Elk,Antlerless (Archery),Sep 1,Oct 31
166,Elk,Antlerless (General),Nov 1,Nov 30
166,Elk,Antlerless (General),Dec 1,Dec 31
166,Elk,Antlerless (General),Jan 1,"Jan 31, 2027"
166,Elk,Antlerless (General),Feb 1,"Feb 28, 2027"
732,Elk,Antlered and antlerless (General),Nov 18,Nov 20
732,Elk,Antlered and antlerless (General),Nov 26,Nov 28
732,Elk,Antlered and antlerless (General),Jan 13,"Jan 15, 2027"
732,Elk,Antlered and antlerless (General),Jan 21,"Jan 23, 2027"
200,White-tailed deer,Antlered and antlerless (Archery),Sep 1,Oct 31
200,White-tailed deer,Antlered and antlerless (General),Nov 1,Nov 30
202,White-tailed deer,Antlered and antlerless (Archery),Sep 1,Oct 31
202,White-tailed deer,Antlered and antlerless (General),Nov 1,Nov 30
203,White-tailed deer,Antlered and antlerless (Archery),Sep 1,Oct 31
203,White-tailed deer,Antlered and antlerless (General),Nov 1,Nov 30
204,White-tailed deer,Antlered and antlerless (Archery),Sep 1,Oct 31
204,White-tailed deer,Antlered and antlerless (General),Nov 1,Nov 30
206,White-tailed deer,Antlered and antlerless (Archery),Sep 1,Oct 31
206,White-tailed deer,Antlered and antlerless (General),Nov 1,Nov 30
208,White-tailed deer,Antlered and antlerless (Archery),Sep 1,Oct 31
208,White-tailed deer,Antlered and antlerless (General),Nov 1,Nov 30
214,White-tailed deer,Antlered and antlerless (Archery),Sep 1,Oct 31
214,White-tailed deer,Antlered and antlerless (General),Nov 1,Nov 30
216,White-tailed deer,Antlered and antlerless (Archery),Sep 1,Oct 31
216,White-tailed deer,Antlered and antlerless (General),Nov 1,Nov 30
220,White-tailed deer,Antlered and antlerless (Archery),Sep 1,Oct 31
220,White-tailed deer,Antlered and antlerless (General),Nov 1,Nov 30
221,White-tailed deer,Antlered and antlerless (Archery),Sep 1,Oct 31
221,White-tailed deer,Antlered and antlerless (General),Nov 1,Nov 30
222,White-tailed deer,Antlered and antlerless (Archery),Sep 1,Oct 31
222,White-tailed deer,Antlered and antlerless (General),Nov 1,Nov 30
224,White-tailed deer,Antlered and antlerless (Archery),Sep 1,Oct 31
224,White-tailed deer,Antlered and antlerless (General),Nov 1,Nov 30
226,White-tailed deer,Antlered and antlerless (Archery),Sep 1,Oct 31
226,White-tailed deer,Antlered and antlerless (General),Nov 1,Nov 30
228,White-tailed deer,Antlered and antlerless (Archery),Sep 1,Oct 31
228,White-tailed deer,Antlered and antlerless (General),Nov 1,Nov 30
230,White-tailed deer,Antlered and antlerless (Archery),Sep 1,Oct 31
230,White-tailed deer,Antlered and antlerless (General),Nov 1,Nov 30
232,White-tailed deer,Antlered and antlerless (Archery),Sep 1,Oct 31
232,White-tailed deer,Antlered and antlerless (General),Nov 1,Nov 30
234,White-tailed deer,Antlered and antlerless (Archery),Sep 1,Oct 31
234,White-tailed deer,Antlered and antlerless (General),Nov 1,Nov 30
236,White-tailed deer,Antlered and antlerless (Archery),Sep 1,Oct 31
236,White-tailed deer,Antlered and antlerless (General),Nov 1,Nov 30
238,White-tailed deer,Antlered and antlerless (Archery),Sep 1,Oct 31
238,White-tailed deer,Antlered and antlerless (General),Nov 1,Nov 30
240,White-tailed deer,Antlered and antlerless (Archery),Sep 1,Oct 31
240,White-tailed deer,Antlered and antlerless (General),Nov 1,Nov 30
242,White-tailed deer,Antlered and antlerless (Archery),Sep 1,Oct 31
242,White-tailed deer,Antlered and antlerless (General),Nov 1,Nov 30
244,White-tailed deer,Antlered and antlerless (Archery),Sep 1,Oct 31
244,White-tailed deer,Antlered and antlerless (General),Nov 1,Nov 30
246,White-tailed deer,Antlered and antlerless (Archery),Sep 1,Oct 31
246,White-tailed deer,Antlered and antlerless (General),Nov 1,Nov 30
250,White-tailed deer,Antlered and antlerless (Archery),Sep 1,Oct 31
250,White-tailed deer,Antlered and antlerless (General),Nov 1,Nov 30
252,White-tailed deer,Antlered and antlerless (Archery),Sep 1,Oct 31
252,White-tailed deer,Antlered and antlerless (General),Nov 1,Nov 30
254,White-tailed deer,Antlered and antlerless (Archery),Sep 1,Oct 31
254,White-tailed deer,Antlered and antlerless (General),Nov 1,Nov 30
256,White-tailed deer,Antlered and antlerless (Archery),Sep 1,Oct 31
256,White-tailed deer,Antlered and antlerless (General),Nov 1,Nov 30
258,White-tailed deer,Antlered and antlerless (Archery),Sep 1,Oct 31
258,White-tailed deer,Antlered and antlerless (General),Nov 1,Nov 30
260,White-tailed deer,Antlered and antlerless (Archery),Sep 1,Oct 31
260,White-tailed deer,Antlered and antlerless (General),Nov 1,Nov 30
212,White-tailed deer,Antlered and antlerless (Archery),Sep 1,Nov 30
247,White-tailed deer,Antlered and antlerless (Archery),Sep 1,Nov 30
248,White-tailed deer,Antlered and antlerless (Archery),Sep 1,Nov 30
9361,White-tailed deer,Antlered and antlerless (Archery),Oct 17,Oct 31
9361,White-tailed deer,Antlered and antlerless (General),Nov 9,Nov 30
210,White-tailed deer,Antlered (Archery),Sep 1,Oct 31
210,White-tailed deer,Antlered (General),Nov 1,Nov 30
210,White-tailed deer,Antlerless (Archery),Sep 1,Oct 31
210,White-tailed deer,Antlerless (General),Nov 1,Nov 30
200,Mule deer,Antlered and antlerless (Archery),Sep 1,Oct 31
200,Mule deer,Antlered and antlerless (General),Nov 1,Nov 30
202,Mule deer,Antlered and antlerless (Archery),Sep 1,Oct 31
202,Mule deer,Antlered and antlerless (General),Nov 1,Nov 30
203,Mule deer,Antlered and antlerless (Archery),Sep 1,Oct 31
203,Mule deer,Antlered and antlerless (General),Nov 1,Nov 30
204,Mule deer,Antlered and antlerless (Archery),Sep 1,Oct 31
204,Mule deer,Antlered and antlerless (General),Nov 1,Nov 30
228,Mule deer,Antlered and antlerless (Archery),Sep 1,Oct 31
228,Mule deer,Antlered and antlerless (General),Nov 1,Nov 30
230,Mule deer,Antlered and antlerless (Archery),Sep 1,Oct 31
230,Mule deer,Antlered and antlerless (General),Nov 1,Nov 30
232,Mule deer,Antlered and antlerless (Archery),Sep 1,Oct 31
232,Mule deer,Antlered and antlerless (General),Nov 1,Nov 30
234,Mule deer,Antlered and antlerless (Archery),Sep 1,Oct 31
234,Mule deer,Antlered and antlerless (General),Nov 1,Nov 30
236,Mule deer,Antlered and antlerless (Archery),Sep 1,Oct 31
236,Mule deer,Antlered and antlerless (General),Nov 1,Nov 30
238,Mule deer,Antlered and antlerless (Archery),Sep 1,Oct 31
238,Mule deer,Antlered and antlerless (General),Nov 1,Nov 30
240,Mule deer,Antlered and antlerless (Archery),Sep 1,Oct 31
240,Mule deer,Antlered and antlerless (General),Nov 1,Nov 30
244,Mule deer,Antlered and antlerless (Archery),Sep 1,Oct 31
244,Mule deer,Antlered and antlerless (General),Nov 1,Nov 30
246,Mule deer,Antlered and antlerless (Archery),Sep 1,Oct 31
246,Mule deer,Antlered and antlerless (General),Nov 1,Nov 30
250,Mule deer,Antlered and antlerless (Archery),Sep 1,Oct 31
250,Mule deer,Antlered and antlerless (General),Nov 1,Nov 30
252,Mule deer,Antlered and antlerless (Archery),Sep 1,Oct 31
252,Mule deer,Antlered and antlerless (General),Nov 1,Nov 30
254,Mule deer,Antlered and antlerless (Archery),Sep 1,Oct 31
254,Mule deer,Antlered and antlerless (General),Nov 1,Nov 30
256,Mule deer,Antlered and antlerless (Archery),Sep 1,Oct 31
256,Mule deer,Antlered and antlerless (General),Nov 1,Nov 30
258,Mule deer,Antlered and antlerless (Archery),Sep 1,Oct 31
258,Mule deer,Antlered and antlerless (General),Nov 1,Nov 30
260,Mule deer,Antlered and antlerless (Archery),Sep 1,Oct 31
260,Mule deer,Antlered and antlerless (General),Nov 1,Nov 30
212,Mule deer,Antlered and antlerless (Archery),Sep 1,Nov 30
247,Mule deer,Antlered and antlerless (Archery),Sep 1,Nov 30
248,Mule deer,Antlered and antlerless (Archery),Sep 1,Nov 30
206,Mule deer,Antlered (Archery),Sep 1,Oct 31
206,Mule deer,Antlered (General),Nov 1,Nov 30
208,Mule deer,Antlered (Archery),Sep 1,Oct 31
208,Mule deer,Antlered (General),Nov 1,Nov 30
210,Mule deer,Antlered (Archery),Sep 1,Oct 31
210,Mule deer,Antlered (General),Nov 1,Nov 30
214,Mule deer,Antlered (Archery),Sep 1,Oct 31
214,Mule deer,Antlered (General),Nov 1,Nov 30
216,Mule deer,Antlered (Archery),Sep 1,Oct 31
216,Mule deer,Antlered (General),Nov 1,Nov 30
220,Mule deer,Antlered (Archery),Sep 1,Oct 31
220,Mule deer,Antlered (General),Nov 1,Nov 30
221,Mule deer,Antlered (Archery),Sep 1,Oct 31
221,Mule deer,Antlered (General),Nov 1,Nov 30
222,Mule deer,Antlered (Archery),Sep 1,Oct 31
222,Mule deer,Antlered (General),Nov 1,Nov 30
224,Mule deer,Antlered (Archery),Sep 1,Oct 31
224,Mule deer,Antlered (General),Nov 1,Nov 30
226,Mule deer,Antlered (Archery),Sep 1,Oct 31
226,Mule deer,Antlered (General),Nov 1,Nov 30
242,Mule deer,Antlered (Archery),Sep 1,Oct 31
242,Mule deer,Antlered (General),Nov 1,Nov 30
206,Mule deer,Antlerless (Archery),Sep 1,Oct 31
206,Mule deer,Antlerless (General),Nov 1,Nov 30
208,Mule deer,Antlerless (Archery),Sep 1,Oct 31
208,Mule deer,Antlerless (General),Nov 1,Nov 30
210,Mule deer,Antlerless (Archery),Sep 1,Oct 31
210,Mule deer,Antlerless (General),Nov 1,Nov 30
214,Mule deer,Antlerless (Archery),Sep 1,Oct 31
214,Mule deer,Antlerless (General),Nov 1,Nov 30
216,Mule deer,Antlerless (Archery),Sep 1,Oct 31
216,Mule deer,Antlerless (General),Nov 1,Nov 30
220,Mule deer,Antlerless (Archery),Sep 1,Oct 31
220,Mule deer,Antlerless (General),Nov 1,Nov 30
221,Mule deer,Antlerless (Archery),Sep 1,Oct 31
221,Mule deer,Antlerless (General),Nov 1,Nov 30
222,Mule deer,Antlerless (Archery),Sep 1,Oct 31
222,Mule deer,Antlerless (General),Nov 1,Nov 30
224,Mule deer,Antlerless (Archery),Sep 1,Oct 31
224,Mule deer,Antlerless (General),Nov 1,Nov 30
226,Mule deer,Antlerless (Archery),Sep 1,Oct 31
226,Mule deer,Antlerless (General),Nov 1,Nov 30
242,Mule deer,Antlerless (Archery),Sep 1,Oct 31
242,Mule deer,Antlerless (General),Nov 1,Nov 30
200,Moose,Antlered and antlerless (Archery),Sep 1,Oct 31
200,Moose,Antlered and antlerless (General),Nov 1,Nov 30
202,Moose,Antlered and antlerless (Archery),Sep 1,Oct 31
202,Moose,Antlered and antlerless (General),Nov 1,Nov 30
203,Moose,Antlered and antlerless (Archery),Sep 1,Oct 31
203,Moose,Antlered and antlerless (General),Nov 1,Nov 30
204,Moose,Antlered and antlerless (Archery),Sep 1,Oct 31
204,Moose,Antlered and antlerless (General),Nov 1,Nov 30
206,Moose,Antlered and antlerless (Archery),Sep 1,Oct 31
206,Moose,Antlered and antlerless (General),Nov 1,Nov 30
208,Moose,Antlered and antlerless (Archery),Sep 1,Oct 31
208,Moose,Antlered and antlerless (General),Nov 1,Nov 30
210,Moose,Antlered and antlerless (Archery),Sep 1,Oct 31
210,Moose,Antlered and antlerless (General),Nov 1,Nov 30
214,Moose,Antlered and antlerless (Archery),Sep 1,Oct 31
214,Moose,Antlered and antlerless (General),Nov 1,Nov 30
216,Moose,Antlered and antlerless (Archery),Sep 1,Oct 31
216,Moose,Antlered and antlerless (General),Nov 1,Nov 30
220,Moose,Antlered and antlerless (Archery),Sep 1,Oct 31
220,Moose,Antlered and antlerless (General),Nov 1,Nov 30
221,Moose,Antlered and antlerless (Archery),Sep 1,Oct 31
221,Moose,Antlered and antlerless (General),Nov 1,Nov 30
222,Moose,Antlered and antlerless (Archery),Sep 1,Oct 31
222,Moose,Antlered and antlerless (General),Nov 1,Nov 30
224,Moose,Antlered and antlerless (Archery),Sep 1,Oct 31
224,Moose,Antlered and antlerless (General),Nov 1,Nov 30
226,Moose,Antlered and antlerless (Archery),Sep 1,Oct 31
226,Moose,Antlered and antlerless (General),Nov 1,Nov 30
228,Moose,Antlered and antlerless (Archery),Sep 1,Oct 31
228,Moose,Antlered and antlerless (General),Nov 1,Nov 30
230,Moose,Antlered and antlerless (Archery),Sep 1,Oct 31
230,Moose,Antlered and antlerless (General),Nov 1,Nov 30
232,Moose,Antlered and antlerless (Archery),Sep 1,Oct 31
232,Moose,Antlered and antlerless (General),Nov 1,Nov 30
234,Moose,Antlered and antlerless (Archery),Sep 1,Oct 31
234,Moose,Antlered and antlerless (General),Nov 1,Nov 30
236,Moose,Antlered and antlerless (Archery),Sep 1,Oct 31
236,Moose,Antlered and antlerless (General),Nov 1,Nov 30
238,Moose,Antlered and antlerless (Archery),Sep 1,Oct 31
238,Moose,Antlered and antlerless (General),Nov 1,Nov 30
240,Moose,Antlered and antlerless (Archery),Sep 1,Oct 31
240,Moose,Antlered and antlerless (General),Nov 1,Nov 30
242,Moose,Antlered and antlerless (Archery),Sep 1,Oct 31
242,Moose,Antlered and antlerless (General),Nov 1,Nov 30
244,Moose,Antlered and antlerless (Archery),Sep 1,Oct 31
244,Moose,Antlered and antlerless (General),Nov 1,Nov 30
246,Moose,Antlered and antlerless (Archery),Sep 1,Oct 31
246,Moose,Antlered and antlerless (General),Nov 1,Nov 30
250,Moose,Antlered and antlerless (Archery),Sep 1,Oct 31
250,Moose,Antlered and antlerless (General),Nov 1,Nov 30
252,Moose,Antlered and antlerless (Archery),Sep 1,Oct 31
252,Moose,Antlered and antlerless (General),Nov 1,Nov 30
254,Moose,Antlered and antlerless (Archery),Sep 1,Oct 31
254,Moose,Antlered and antlerless (General),Nov 1,Nov 30
256,Moose,Antlered and antlerless (Archery),Sep 1,Oct 31
256,Moose,Antlered and antlerless (General),Nov 1,Nov 30
258,Moose,Antlered and antlerless (Archery),Sep 1,Oct 31
258,Moose,Antlered and antlerless (General),Nov 1,Nov 30
260,Moose,Antlered and antlerless (Archery),Sep 1,Oct 31
260,Moose,Antlered and antlerless (General),Nov 1,Nov 30
212,Moose,Antlered and antlerless (Archery),Sep 1,Nov 30
247,Moose,Antlered and antlerless (Archery),Sep 1,Nov 30
9361,Moose,Antlered and antlerless (Archery),Oct 17,Oct 31
9361,Moose,Antlered and antlerless (General),Nov 1,Nov 23
248,Moose,Antlered and antlerless (Archery),Sep 1,Nov 30
248,Moose,Antlered and antlerless (General),Oct 25,Dec 72
212,Elk,Antlered and antlerless (Archery),Sep 1,Nov 30
247,Elk,Antlered and antlerless (Archery),Sep 1,Nov 30
248,Elk,Antlered and antlerless (Archery),Sep 1,Nov 30
9361,Elk,Antlered and antlerless (Archery),Oct 17,Oct 31
9361,Elk,Antlered and antlerless (General),Nov 1,Nov 23
214,Elk,Antlered (3-point or larger)3 (Archery),Sep 1,Oct 24
214,Elk,Antlered (3-point or larger)3 (General),Oct 25,Nov 30
216,Elk,Antlered (3-point or larger)3 (Archery),Sep 1,Oct 31
216,Elk,Antlered (3-point or larger)3 (General),Nov 1,Nov 30
221,Elk,Antlered (3-point or larger)3 (Archery),Sep 1,Oct 31
221,Elk,Antlered (3-point or larger)3 (General),Nov 1,Nov 30
224,Elk,Antlered (3-point or larger)3 (Archery),Sep 1,Oct 31
224,Elk,Antlered (3-point or larger)3 (General),Nov 1,Nov 30
200,Elk,Antlered (Archery),Sep 1,Oct 31
200,Elk,Antlered (General),Nov 1,Nov 30
202,Elk,Antlered (Archery),Sep 1,Oct 31
202,Elk,Antlered (General),Nov 1,Nov 30
203,Elk,Antlered (Archery),Sep 1,Oct 31
203,Elk,Antlered (General),Nov 1,Nov 30
232,Elk,Antlered (Archery),Sep 1,Oct 31
232,Elk,Antlered (General),Nov 1,Nov 30
234,Elk,Antlered (Archery),Sep 1,Oct 31
234,Elk,Antlered (General),Nov 1,Nov 30
204,Elk,Antlered (Archery),Sep 1,Oct 31
204,Elk,Antlered (General),Nov 1,Nov 30
228,Elk,Antlered (Archery),Sep 1,Oct 31
228,Elk,Antlered (General),Nov 1,Nov 30
230,Elk,Antlered (Archery),Sep 1,Oct 31
230,Elk,Antlered (General),Nov 1,Nov 30
206,Elk,Antlered (Archery),Sep 1,Oct 31
206,Elk,Antlered (General),Nov 1,Nov 30
222,Elk,Antlered (Archery),Sep 1,Oct 31
222,Elk,Antlered (General),Nov 1,Nov 30
226,Elk,Antlered (Archery),Sep 1,Oct 31
226,Elk,Antlered (General),Nov 1,Nov 30
244,Elk,Antlered (Archery),Sep 1,Oct 31
244,Elk,Antlered (General),Nov 1,Nov 30
246,Elk,Antlered (Archery),Sep 1,Oct 31
246,Elk,Antlered (General),Nov 1,Nov 30
208,Elk,Antlered (Archery),Sep 1,Oct 31
208,Elk,Antlered (General),Nov 1,Nov 30
210,Elk,Antlered (Archery),Sep 1,Oct 31
210,Elk,Antlered (General),Nov 1,Nov 30
220,Elk,Antlered (Archery),Sep 1,Oct 31
220,Elk,Antlered (General),Nov 1,Nov 30
236,Elk,Antlered (Archery),Sep 1,Oct 31
236,Elk,Antlered (General),Nov 1,Nov 30
238,Elk,Antlered (Archery),Sep 1,Oct 31
238,Elk,Antlered (General),Nov 1,Nov 30
256,Elk,Antlered (Archery),Sep 1,Oct 31
256,Elk,Antlered (General),Nov 1,Nov 30
240,Elk,Antlered (Archery),Sep 1,Oct 31
240,Elk,Antlered (General),Nov 1,Nov 30
242,Elk,Antlered (Archery),Sep 1,Oct 31
242,Elk,Antlered (General),Nov 1,Nov 30
250,Elk,Antlered (Archery),Sep 1,Oct 31
250,Elk,Antlered (General),Nov 1,Nov 30
252,Elk,Antlered (Archery),Sep 1,Oct 31
252,Elk,Antlered (General),Nov 1,Nov 30
254,Elk,Antlered (Archery),Sep 1,Oct 31
254,Elk,Antlered (General),Nov 1,Nov 30
258,Elk,Antlered (Archery),Sep 1,Oct 31
258,Elk,Antlered (General),Nov 1,Nov 30
260,Elk,Antlered (Archery),Sep 1,Oct 31
260,Elk,Antlered (General),Nov 1,Nov 30
200,Elk,Antlerless (Archery),Sep 1,Oct 31
200,Elk,Antlerless (General),Nov 1,Nov 30
200,Elk,Antlerless (General),Dec 1,Dec 31
200,Elk,Antlerless (General),Jan 1,"Jan 31, 2027"
200,Elk,Antlerless (General),Feb 1,"Feb 28, 2027"
202,Elk,Antlerless (Archery),Sep 1,Oct 31
202,Elk,Antlerless (General),Nov 1,Nov 30
202,Elk,Antlerless (General),Dec 1,Dec 31
202,Elk,Antlerless (General),Jan 1,"Jan 31, 2027"
202,Elk,Antlerless (General),Feb 1,"Feb 28, 2027"
203,Elk,Antlerless (Archery),Sep 1,Oct 31
203,Elk,Antlerless (General),Nov 1,Nov 30
203,Elk,Antlerless (General),Dec 1,Dec 31
203,Elk,Antlerless (General),Jan 1,"Jan 31, 2027"
203,Elk,Antlerless (General),Feb 1,"Feb 28, 2027"
232,Elk,Antlerless (Archery),Sep 1,Oct 31
232,Elk,Antlerless (General),Nov 1,Nov 30
232,Elk,Antlerless (General),Dec 1,Dec 31
232,Elk,Antlerless (General),Jan 1,"Jan 31, 2027"
232,Elk,Antlerless (General),Feb 1,"Feb 28, 2027"
234,Elk,Antlerless (Archery),Sep 1,Oct 31
234,Elk,Antlerless (General),Nov 1,Nov 30
234,Elk,Antlerless (General),Dec 1,Dec 31
234,Elk,Antlerless (General),Jan 1,"Jan 31, 2027"
234,Elk,Antlerless (General),Feb 1,"Feb 28, 2027"
240,Elk,Antlerless (Archery),Sep 1,Oct 31
240,Elk,Antlerless (General),Nov 1,Nov 30
240,Elk,Antlerless (General),Dec 1,Dec 31
240,Elk,Antlerless (General),Jan 1,"Jan 31, 2027"
240,Elk,Antlerless (General),Feb 1,"Feb 28, 2027"
242,Elk,Antlerless (Archery),Sep 1,Oct 31
242,Elk,Antlerless (General),Nov 1,Nov 30
242,Elk,Antlerless (General),Dec 1,Dec 31
242,Elk,Antlerless (General),Jan 1,"Jan 31, 2027"
242,Elk,Antlerless (General),Feb 1,"Feb 28, 2027"
204,Elk,Antlerless (Archery),Sep 1,Oct 31
204,Elk,Antlerless (General),Nov 1,"Jan 31, 2027"
228,Elk,Antlerless (Archery),Sep 1,Oct 31
228,Elk,Antlerless (General),Nov 1,"Jan 31, 2027"
230,Elk,Antlerless (Archery),Sep 1,Oct 31
230,Elk,Antlerless (General),Nov 1,"Jan 31, 2027"
206,Elk,Antlerless (Archery),Sep 1,Oct 31
206,Elk,Antlerless (General),Nov 1,"Jan 31, 2027"
222,Elk,Antlerless (Archery),Sep 1,Oct 31
222,Elk,Antlerless (General),Nov 1,"Jan 31, 2027"
226,Elk,Antlerless (Archery),Sep 1,Oct 31
226,Elk,Antlerless (General),Nov 1,"Jan 31, 2027"
244,Elk,Antlerless (Archery),Sep 1,Oct 31
244,Elk,Antlerless (General),Nov 1,"Jan 31, 2027"
246,Elk,Antlerless (Archery),Sep 1,Oct 31
246,Elk,Antlerless (General),Nov 1,"Jan 31, 2027"
208,Elk,Antlerless (Archery),Sep 1,Oct 31
208,Elk,Antlerless (General),Nov 1,"Jan 31, 2027"
210,Elk,Antlerless (Archery),Sep 1,Oct 31
210,Elk,Antlerless (General),Nov 1,"Jan 31, 2027"
220,Elk,Antlerless (Archery),Sep 1,Oct 31
220,Elk,Antlerless (General),Nov 1,"Jan 31, 2027"
236,Elk,Antlerless (Archery),Sep 1,Oct 31
236,Elk,Antlerless (General),Nov 1,"Jan 31, 2027"
238,Elk,Antlerless (Archery),Sep 1,Oct 31
238,Elk,Antlerless (General),Nov 1,"Jan 31, 2027"
256,Elk,Antlerless (Archery),Sep 1,Oct 31
256,Elk,Antlerless (General),Nov 1,"Jan 31, 2027"
252,Elk,Antlerless (Archery),Sep 1,Oct 31
252,Elk,Antlerless (General),Nov 1,"Jan 31, 2027"
254,Elk,Antlerless (Archery),Sep 1,Oct 31
254,Elk,Antlerless (General),Nov 1,"Jan 31, 2027"
258,Elk,Antlerless (Archery),Sep 1,Oct 31
258,Elk,Antlerless (General),Nov 1,"Jan 31, 2027"
260,Elk,Antlerless (Archery),Sep 1,Oct 31
260,Elk,Antlerless (General),Nov 1,"Jan 31, 2027"
224,Elk,Antlerless (Archery),Sep 1,Oct 31
224,Elk,Antlerless (General),Nov 1,Dec 20
250,Elk,Antlerless (Archery),Sep 1,Oct 31
250,Elk,Antlerless (General),Nov 1,Dec 20
250,Elk,Antlerless (General),Dec 21,"Jan 31, 2027"
250,Elk,Antlerless (General),Feb 1,"Feb 28, 2027"
214,Elk,Antlerless (Archery),Sep 1,Oct 24
214,Elk,Antlerless (General),Oct 25,Nov 20
214,Elk,Antlerless (General),Nov 21,Dec 31
214,Elk,Antlerless (General),Jan 1,"Jan 31, 2027"
214,Elk,Antlerless (General),Feb 1,"Feb 28, 2027"
216,Elk,Antlerless (Archery),Sep 1,Oct 31
216,Elk,Antlerless (General),Nov 1,Nov 25
216,Elk,Antlerless (General),Nov 26,Dec 31
216,Elk,Antlerless (General),Jan 1,"Jan 31, 2027"
216,Elk,Antlerless (General),Feb 1,"Feb 28, 2027"
221,Elk,Antlerless (Archery),Sep 1,Oct 31
221,Elk,Antlerless (General),Nov 1,Nov 25
221,Elk,Antlerless (General),Nov 26,Dec 31
221,Elk,Antlerless (General),Jan 1,"Jan 31, 2027"
221,Elk,Antlerless (General),Feb 1,"Feb 28, 2027"
2124,Elk,Antlerless (Archery),Sep 1,Nov 30
2124,Elk,Antlerless (General),Nov 1,N302
2124,Elk,Antlerless (General),Dec 1,Dec 31
2124,Elk,Antlerless (General),Jan 1,"Jan 31, 2027"
2124,Elk,Antlerless (General),Feb 1,"Feb 28, 2027"
310,White-tailed deer,Antlered and antlerless (Archery),Sep 1,Oct 31
310,White-tailed deer,Antlered and antlerless (General),Nov 1,Nov 30
312,White-tailed deer,Antlered and antlerless (Archery),Sep 1,Oct 31
312,White-tailed deer,Antlered and antlerless (General),Nov 1,Nov 30
314,White-tailed deer,Antlered and antlerless (Archery),Sep 1,Oct 31
314,White-tailed deer,Antlered and antlerless (General),Nov 1,Nov 30
316,White-tailed deer,Antlered and antlerless (Archery),Sep 1,Oct 31
316,White-tailed deer,Antlered and antlerless (General),Nov 1,Nov 30
318,White-tailed deer,Antlered and antlerless (Archery),Sep 1,Oct 31
318,White-tailed deer,Antlered and antlerless (General),Nov 1,Nov 30
320,White-tailed deer,Antlered and antlerless (Archery),Sep 1,Oct 31
320,White-tailed deer,Antlered and antlerless (General),Nov 1,Nov 30
322,White-tailed deer,Antlered and antlerless (Archery),Sep 1,Oct 31
322,White-tailed deer,Antlered and antlerless (General),Nov 1,Nov 30
324,White-tailed deer,Antlered and antlerless (Archery),Sep 1,Oct 31
324,White-tailed deer,Antlered and antlerless (General),Nov 1,Nov 30
332,White-tailed deer,Antlered and antlerless (Archery),Sep 1,Oct 31
332,White-tailed deer,Antlered and antlerless (General),Nov 1,Nov 30
334,White-tailed deer,Antlered and antlerless (Archery),Sep 1,Oct 31
334,White-tailed deer,Antlered and antlerless (General),Nov 1,Nov 30
336,White-tailed deer,Antlered and antlerless (Archery),Sep 1,Oct 31
336,White-tailed deer,Antlered and antlerless (General),Nov 1,Nov 30
337,White-tailed deer,Antlered and antlerless (Archery),Sep 1,Oct 31
337,White-tailed deer,Antlered and antlerless (General),Nov 1,Nov 30
338,White-tailed deer,Antlered and antlerless (Archery),Sep 1,Oct 31
338,White-tailed deer,Antlered and antlerless (General),Nov 1,Nov 30
348,White-tailed deer,Antlered and antlerless (Archery),Sep 1,Oct 31
348,White-tailed deer,Antlered and antlerless (General),Nov 1,Nov 30
300,White-tailed deer,Antlered and antlerless (Archery),Sep 1,Oct 24
300,White-tailed deer,Antlered and antlerless (General),Oct 25,Nov 30
302,White-tailed deer,Antlered and antlerless (Archery),Sep 1,Oct 24
302,White-tailed deer,Antlered and antlerless (General),Oct 25,Nov 30
303,White-tailed deer,Antlered and antlerless (Archery),Sep 1,Oct 24
303,White-tailed deer,Antlered and antlerless (General),Oct 25,Nov 30
304,White-tailed deer,Antlered and antlerless (Archery),Sep 1,Oct 24
304,White-tailed deer,Antlered and antlerless (General),Oct 25,Nov 30
305,White-tailed deer,Antlered and antlerless (Archery),Sep 1,Oct 24
305,White-tailed deer,Antlered and antlerless (General),Oct 25,Nov 30
306,White-tailed deer,Antlered and antlerless (Archery),Sep 1,Oct 24
306,White-tailed deer,Antlered and antlerless (General),Oct 25,Nov 30
308,White-tailed deer,Antlered and antlerless (Archery),Sep 1,Oct 24
308,White-tailed deer,Antlered and antlerless (General),Oct 25,Nov 30
326,White-tailed deer,Antlered and antlerless (Archery),Aug 25,Sep 16
326,White-tailed deer,Antlered and antlerless (General),Sep 17,Nov 30
328,White-tailed deer,Antlered and antlerless (Archery),Aug 25,Sep 16
328,White-tailed deer,Antlered and antlerless (General),Sep 17,Nov 30
330,White-tailed deer,Antlered and antlerless (Archery),Aug 25,Sep 16
330,White-tailed deer,Antlered and antlerless (General),Sep 17,Nov 30
339,White-tailed deer,Antlered and antlerless (Archery),Aug 25,Sep 16
339,White-tailed deer,Antlered and antlerless (General),Sep 17,Nov 30
340,White-tailed deer,Antlered and antlerless (Archery),Aug 25,Sep 16
340,White-tailed deer,Antlered and antlerless (General),Sep 17,Nov 30
342,White-tailed deer,Antlered and antlerless (Archery),Aug 25,Sep 16
342,White-tailed deer,Antlered and antlerless (General),Sep 17,Nov 30
344,White-tailed deer,Antlered and antlerless (Archery),Aug 25,Sep 16
344,White-tailed deer,Antlered and antlerless (General),Sep 17,Nov 30
346,White-tailed deer,Antlered and antlerless (Archery),Aug 25,Sep 16
346,White-tailed deer,Antlered and antlerless (General),Sep 17,Nov 30
347,White-tailed deer,Antlered and antlerless (Archery),Aug 25,Sep 16
347,White-tailed deer,Antlered and antlerless (General),Sep 17,Nov 30
349,White-tailed deer,Antlered and antlerless (Archery),Aug 25,Sep 16
349,White-tailed deer,Antlered and antlerless (General),Sep 17,Nov 30
350,White-tailed deer,Antlered and antlerless (Archery),Aug 25,Sep 16
350,White-tailed deer,Antlered and antlerless (General),Sep 17,Nov 30
351,White-tailed deer,Antlered and antlerless (Archery),Aug 25,Sep 16
351,White-tailed deer,Antlered and antlerless (General),Sep 17,Nov 30
352,White-tailed deer,Antlered and antlerless (Archery),Aug 25,Sep 16
352,White-tailed deer,Antlered and antlerless (General),Sep 17,Nov 30
353,White-tailed deer,Antlered and antlerless (Archery),Aug 25,Sep 16
353,White-tailed deer,Antlered and antlerless (General),Sep 17,Nov 30
354,White-tailed deer,Antlered and antlerless (Archery),Aug 25,Sep 16
354,White-tailed deer,Antlered and antlerless (General),Sep 17,Nov 30
355,White-tailed deer,Antlered and antlerless (Archery),Aug 25,Sep 16
355,White-tailed deer,Antlered and antlerless (General),Sep 17,Nov 30
356,White-tailed deer,Antlered and antlerless (Archery),Aug 25,Sep 16
356,White-tailed deer,Antlered and antlerless (General),Sep 17,Nov 30
357,White-tailed deer,Antlered and antlerless (Archery),Aug 25,Sep 16
357,White-tailed deer,Antlered and antlerless (General),Sep 17,Nov 30
358,White-tailed deer,Antlered and antlerless (Archery),Aug 25,Sep 16
358,White-tailed deer,Antlered and antlerless (General),Sep 17,Nov 30
359,White-tailed deer,Antlered and antlerless (Archery),Aug 25,Sep 16
359,White-tailed deer,Antlered and antlerless (General),Sep 17,Nov 30
360,White-tailed deer,Antlered and antlerless (Archery),Aug 25,Sep 16
360,White-tailed deer,Antlered and antlerless (General),Sep 17,Nov 30
310,Mule deer,Antlered and antlerless (Archery),Sep 1,Oct 31
310,Mule deer,Antlered and antlerless (General),Nov 1,Nov 30
312,Mule deer,Antlered and antlerless (Archery),Sep 1,Oct 31
312,Mule deer,Antlered and antlerless (General),Nov 1,Nov 30
334,Mule deer,Antlered and antlerless (Archery),Sep 1,Oct 31
334,Mule deer,Antlered and antlerless (General),Nov 1,Nov 30
336,Mule deer,Antlered and antlerless (Archery),Sep 1,Oct 31
336,Mule deer,Antlered and antlerless (General),Nov 1,Nov 30
348,Mule deer,Antlered and antlerless (Archery),Sep 1,Oct 31
348,Mule deer,Antlered and antlerless (General),Nov 1,Nov 30
352,Mule deer,Antlered (Archery),Aug 25,Sep 16
352,Mule deer,Antlered (General),Sep 17,Nov 30
353,Mule deer,Antlered (Archery),Aug 25,Sep 16
353,Mule deer,Antlered (General),Sep 17,Nov 30
355,Mule deer,Antlered (Archery),Aug 25,Sep 16
355,Mule deer,Antlered (General),Sep 17,Nov 30
316,Mule deer,Antlered (Archery),Sep 1,Oct 31
316,Mule deer,Antlered (General),Nov 1,Nov 30
326,Mule deer,Antlered (Archery),Aug 25,Sep 16
326,Mule deer,Antlered (General),Sep 17,Nov 30
328,Mule deer,Antlered (Archery),Aug 25,Sep 16
328,Mule deer,Antlered (General),Sep 17,Nov 30
330,Mule deer,Antlered (Archery),Aug 25,Sep 16
330,Mule deer,Antlered (General),Sep 17,Nov 30
347,Mule deer,Antlered (Archery),Aug 25,Sep 16
347,Mule deer,Antlered (General),Sep 17,Nov 30
349,Mule deer,Antlered (Archery),Aug 25,Sep 16
349,Mule deer,Antlered (General),Sep 17,Nov 30
350,Mule deer,Antlered (Archery),Aug 25,Sep 16
350,Mule deer,Antlered (General),Sep 17,Nov 30
351,Mule deer,Antlered (Archery),Aug 25,Sep 16
351,Mule deer,Antlered (General),Sep 17,Nov 30
354,Mule deer,Antlered (Archery),Aug 25,Sep 16
354,Mule deer,Antlered (General),Sep 17,Nov 30
356,Mule deer,Antlered (Archery),Aug 25,Sep 16
356,Mule deer,Antlered (General),Sep 17,Nov 30
314,Mule deer,Antlered (Archery),Sep 1,Oct 31
314,Mule deer,Antlered (General),Nov 1,Nov 30
318,Mule deer,Antlered (Archery),Sep 1,Oct 31
318,Mule deer,Antlered (General),Nov 1,Nov 30
320,Mule deer,Antlered (Archery),Sep 1,Oct 31
320,Mule deer,Antlered (General),Nov 1,Nov 30
322,Mule deer,Antlered (Archery),Sep 1,Oct 31
322,Mule deer,Antlered (General),Nov 1,Nov 30
324,Mule deer,Antlered (Archery),Sep 1,Oct 31
324,Mule deer,Antlered (General),Nov 1,Nov 30
332,Mule deer,Antlered (Archery),Sep 1,Oct 31
332,Mule deer,Antlered (General),Nov 1,Nov 30
337,Mule deer,Antlered (Archery),Sep 1,Oct 31
337,Mule deer,Antlered (General),Nov 1,Nov 30
338,Mule deer,Antlered (Archery),Sep 1,Oct 31
338,Mule deer,Antlered (General),Nov 1,Nov 30
339,Mule deer,Antlered (Archery),Aug 25,Sep 16
339,Mule deer,Antlered (General),Sep 17,Nov 30
340,Mule deer,Antlered (Archery),Aug 25,Sep 16
340,Mule deer,Antlered (General),Sep 17,Nov 30
342,Mule deer,Antlered (Archery),Aug 25,Sep 16
342,Mule deer,Antlered (General),Sep 17,Nov 30
344,Mule deer,Antlered (Archery),Aug 25,Sep 16
344,Mule deer,Antlered (General),Sep 17,Nov 30
346,Mule deer,Antlered (Archery),Aug 25,Sep 16
346,Mule deer,Antlered (General),Sep 17,Nov 30
357,Mule deer,Antlered (Archery),Aug 25,Sep 16
357,Mule deer,Antlered (General),Sep 17,Nov 30
358,Mule deer,Antlered (Archery),Aug 25,Sep 16
358,Mule deer,Antlered (General),Sep 17,Nov 30
359,Mule deer,Antlered (Archery),Aug 25,Sep 16
359,Mule deer,Antlered (General),Sep 17,Nov 30
360,Mule deer,Antlered (Archery),Aug 25,Sep 16
360,Mule deer,Antlered (General),Sep 17,Nov 30
300,Mule deer,Antlered (Archery),Sep 1,Oct 24
300,Mule deer,Antlered (General),Oct 25,Nov 30
302,Mule deer,Antlered (Archery),Sep 1,Oct 24
302,Mule deer,Antlered (General),Oct 25,Nov 30
303,Mule deer,Antlered (Archery),Sep 1,Oct 24
303,Mule deer,Antlered (General),Oct 25,Nov 30
304,Mule deer,Antlered (Archery),Sep 1,Oct 24
304,Mule deer,Antlered (General),Oct 25,Nov 30
305,Mule deer,Antlered (Archery),Sep 1,Oct 24
305,Mule deer,Antlered (General),Oct 25,Nov 30
306,Mule deer,Antlered (Archery),Sep 1,Oct 24
306,Mule deer,Antlered (General),Oct 25,Nov 30
308,Mule deer,Antlered (Archery),Sep 1,Oct 24
308,Mule deer,Antlered (General),Oct 25,Nov 30
357,Mule deer,Antlerless (Archery),Aug 25,Sep 16
357,Mule deer,Antlerless (General),Sep 17,Dec 20
359,Mule deer,Antlerless (Archery),Aug 25,Sep 16
359,Mule deer,Antlerless (General),Sep 17,Dec 20
360,Mule deer,Antlerless (Archery),Aug 25,Sep 16
360,Mule deer,Antlerless (General),Sep 17,Dec 20
314,Mule deer,Antlerless (Archery),Sep 1,Oct 31
314,Mule deer,Antlerless (General),Nov 1,Nov 30
320,Mule deer,Antlerless (Archery),Sep 1,Oct 31
320,Mule deer,Antlerless (General),Nov 1,Nov 30
322,Mule deer,Antlerless (Archery),Sep 1,Oct 31
322,Mule deer,Antlerless (General),Nov 1,Nov 30
332,Mule deer,Antlerless (Archery),Sep 1,Oct 31
332,Mule deer,Antlerless (General),Nov 1,Nov 30
300,Mule deer,Antlerless (Archery),Sep 1,Oct 24
300,Mule deer,Antlerless (General),Oct 25,Nov 30
302,Mule deer,Antlerless (Archery),Sep 1,Oct 24
302,Mule deer,Antlerless (General),Oct 25,Nov 30
303,Mule deer,Antlerless (Archery),Sep 1,Oct 24
303,Mule deer,Antlerless (General),Oct 25,Nov 30
304,Mule deer,Antlerless (Archery),Sep 1,Oct 24
304,Mule deer,Antlerless (General),Oct 25,Nov 30
305,Mule deer,Antlerless (Archery),Sep 1,Oct 24
305,Mule deer,Antlerless (General),Oct 25,Nov 30
306,Mule deer,Antlerless (Archery),Sep 1,Oct 24
306,Mule deer,Antlerless (General),Oct 25,Nov 30
308,Mule deer,Antlerless (Archery),Sep 1,Oct 24
308,Mule deer,Antlerless (General),Oct 25,Nov 30
358,Mule deer,Antlerless (Archery),Aug 25,Sep 16
358,Mule deer,Antlerless (General),Sep 17,Nov 30
310,Moose,Antlered and antlerless (Archery),Sep 1,Oct 31
310,Moose,Antlered and antlerless (General),Nov 1,Nov 30
312,Moose,Antlered and antlerless (Archery),Sep 1,Oct 31
312,Moose,Antlered and antlerless (General),Nov 1,Nov 30
314,Moose,Antlered and antlerless (Archery),Sep 1,Oct 31
314,Moose,Antlered and antlerless (General),Nov 1,Nov 30
316,Moose,Antlered and antlerless (Archery),Sep 1,Oct 31
316,Moose,Antlered and antlerless (General),Nov 1,Nov 30
320,Moose,Antlered and antlerless (Archery),Sep 1,Oct 31
320,Moose,Antlered and antlerless (General),Nov 1,Nov 30
322,Moose,Antlered and antlerless (Archery),Sep 1,Oct 31
322,Moose,Antlered and antlerless (General),Nov 1,Nov 30
332,Moose,Antlered and antlerless (Archery),Sep 1,Oct 31
332,Moose,Antlered and antlerless (General),Nov 1,Nov 30
334,Moose,Antlered and antlerless (Archery),Sep 1,Oct 31
334,Moose,Antlered and antlerless (General),Nov 1,Nov 30
336,Moose,Antlered and antlerless (Archery),Sep 1,Oct 31
336,Moose,Antlered and antlerless (General),Nov 1,Nov 30
337,Moose,Antlered and antlerless (Archery),Sep 1,Oct 31
337,Moose,Antlered and antlerless (General),Nov 1,Nov 30
347,Moose,Antlered (Archery),Aug 25,Sep 23
347,Moose,Antlered (General),Sep 24,Oct 31
347,Moose,Antlered (General),Nov 1,Nov 30
349,Moose,Antlered (Archery),Aug 25,Sep 23
349,Moose,Antlered (General),Sep 24,Oct 31
349,Moose,Antlered (General),Nov 1,Nov 30
350,Moose,Antlered (Archery),Aug 25,Sep 23
350,Moose,Antlered (General),Sep 24,Oct 31
350,Moose,Antlered (General),Nov 1,Nov 30
351,Moose,Antlered (Archery),Aug 25,Sep 23
351,Moose,Antlered (General),Sep 24,Oct 31
351,Moose,Antlered (General),Nov 1,Nov 30
352,Moose,Antlered (Archery),Aug 25,Sep 23
352,Moose,Antlered (General),Sep 24,Oct 31
352,Moose,Antlered (General),Nov 1,Nov 30
353,Moose,Antlered (Archery),Aug 25,Sep 23
353,Moose,Antlered (General),Sep 24,Oct 31
353,Moose,Antlered (General),Nov 1,Nov 30
354,Moose,Antlered (Archery),Aug 25,Sep 23
354,Moose,Antlered (General),Sep 24,Oct 31
354,Moose,Antlered (General),Nov 1,Nov 30
355,Moose,Antlered (Archery),Aug 25,Sep 23
355,Moose,Antlered (General),Sep 24,Oct 31
355,Moose,Antlered (General),Nov 1,Nov 30
356,Moose,Antlered (Archery),Aug 25,Sep 23
356,Moose,Antlered (General),Sep 24,Oct 31
356,Moose,Antlered (General),Nov 1,Nov 30
357,Moose,Antlered (Archery),Aug 25,Sep 23
357,Moose,Antlered (General),Sep 24,Oct 31
357,Moose,Antlered (General),Nov 1,Nov 30
358,Moose,Antlered (Archery),Aug 25,Sep 23
358,Moose,Antlered (General),Sep 24,Oct 31
358,Moose,Antlered (General),Nov 1,Nov 30
359,Moose,Antlered (Archery),Aug 25,Sep 23
359,Moose,Antlered (General),Sep 24,Oct 31
359,Moose,Antlered (General),Nov 1,Nov 30
360,Moose,Antlered (Archery),Aug 25,Sep 23
360,Moose,Antlered (General),Sep 24,Oct 31
360,Moose,Antlered (General),Nov 1,Nov 30
318,Moose,Antlered (Archery),Sep 1,Oct 31
318,Moose,Antlered (General),Nov 1,Nov 30
324,Moose,Antlered (Archery),Sep 1,Oct 31
324,Moose,Antlered (General),Nov 1,Nov 30
338,Moose,Antlered (Archery),Sep 1,Oct 31
338,Moose,Antlered (General),Nov 1,Nov 30
348,Moose,Antlered (Archery),Sep 1,Oct 31
348,Moose,Antlered (General),Nov 1,Nov 30
300,Moose,Antlered (Archery),Sep 1,Oct 24
300,Moose,Antlered (General),Oct 25,Nov 30
302,Moose,Antlered (Archery),Sep 1,Oct 24
302,Moose,Antlered (General),Oct 25,Nov 30
303,Moose,Antlered (Archery),Sep 1,Oct 24
303,Moose,Antlered (General),Oct 25,Nov 30
304,Moose,Antlered (Archery),Sep 1,Oct 24
304,Moose,Antlered (General),Oct 25,Nov 30
306,Moose,Antlered (Archery),Sep 1,Oct 24
306,Moose,Antlered (General),Oct 25,Nov 30
308,Moose,Antlered (Archery),Sep 1,Oct 24
308,Moose,Antlered (General),Oct 25,Nov 30
326,Moose,Antlered (Archery),Aug 25,Sep 23
326,Moose,Antlered (General),Sep 24,Oct 31
326,Moose,Antlered (General),Nov 1,Nov 30
328,Moose,Antlered (Archery),Aug 25,Sep 23
328,Moose,Antlered (General),Sep 24,Oct 31
328,Moose,Antlered (General),Nov 1,Nov 30
330,Moose,Antlered (Archery),Aug 25,Sep 23
330,Moose,Antlered (General),Sep 24,Oct 31
330,Moose,Antlered (General),Nov 1,Nov 30
339,Moose,Antlered (Archery),Aug 25,Sep 23
339,Moose,Antlered (General),Sep 24,Oct 31
339,Moose,Antlered (General),Nov 1,Nov 30
340,Moose,Antlered (Archery),Aug 25,Sep 23
340,Moose,Antlered (General),Sep 24,Oct 31
340,Moose,Antlered (General),Nov 1,Nov 30
342,Moose,Antlered (Archery),Aug 25,Sep 23
342,Moose,Antlered (General),Sep 24,Oct 31
342,Moose,Antlered (General),Nov 1,Nov 30
344,Moose,Antlered (Archery),Aug 25,Sep 23
344,Moose,Antlered (General),Sep 24,Oct 31
344,Moose,Antlered (General),Nov 1,Nov 30
346,Moose,Antlered (Archery),Aug 25,Sep 23
346,Moose,Antlered (General),Sep 24,Oct 31
346,Moose,Antlered (General),Nov 1,Nov 30
352,Moose,Antlerless (Archery),Aug 25,Sep 23
352,Moose,Antlerless (General),Sep 24,Nov 30
3531,Moose,Antlerless (Archery),Aug 25,Sep 23
3531,Moose,Antlerless (General),Sep 24,Nov 30
355,Moose,Antlerless (Archery),Aug 25,Sep 23
355,Moose,Antlerless (General),Sep 24,Nov 30
357,Moose,Antlerless (Archery),Aug 25,Sep 23
357,Moose,Antlerless (General),Nov 1,Nov 30
359,Moose,Antlerless (calf only) (Archery),Aug 25,Sep 23
359,Moose,Antlerless (calf only) (General),Nov 1,Nov 30
360,Moose,Antlerless (calf only) (Archery),Aug 25,Sep 23
360,Moose,Antlerless (calf only) (General),Nov 1,Nov 30
339,Elk,Antlered (3-point or larger)2 (Archery),Aug 25,Sep 16
339,Elk,Antlered (3-point or larger)2 (General),Sep 17,Nov 30
340,Elk,Antlered (3-point or larger)2 (Archery),Aug 25,Sep 16
340,Elk,Antlered (3-point or larger)2 (General),Sep 17,Nov 30
342,Elk,Antlered (3-point or larger)2 (Archery),Aug 25,Sep 16
342,Elk,Antlered (3-point or larger)2 (General),Sep 17,Nov 30
344,Elk,Antlered (3-point or larger)2 (Archery),Aug 25,Sep 16
344,Elk,Antlered (3-point or larger)2 (General),Sep 17,Nov 30
346,Elk,Antlered (3-point or larger)2 (Archery),Aug 25,Sep 16
346,Elk,Antlered (3-point or larger)2 (General),Sep 17,Nov 30
347,Elk,Antlered (3-point or larger)2 (Archery),Aug 25,Sep 16
347,Elk,Antlered (3-point or larger)2 (General),Sep 17,Nov 30
349,Elk,Antlered (3-point or larger)2 (Archery),Aug 25,Sep 16
349,Elk,Antlered (3-point or larger)2 (General),Sep 17,Nov 30
350,Elk,Antlered (3-point or larger)2 (Archery),Aug 25,Sep 16
350,Elk,Antlered (3-point or larger)2 (General),Sep 17,Nov 30
351,Elk,Antlered (3-point or larger)2 (Archery),Aug 25,Sep 16
351,Elk,Antlered (3-point or larger)2 (General),Sep 17,Nov 30
352,Elk,Antlered (3-point or larger)2 (Archery),Aug 25,Sep 16
352,Elk,Antlered (3-point or larger)2 (General),Sep 17,Nov 30
353,Elk,Antlered (3-point or larger)2 (Archery),Aug 25,Sep 16
353,Elk,Antlered (3-point or larger)2 (General),Sep 17,Nov 30
354,Elk,Antlered (3-point or larger)2 (Archery),Aug 25,Sep 16
354,Elk,Antlered (3-point or larger)2 (General),Sep 17,Nov 30
355,Elk,Antlered (3-point or larger)2 (Archery),Aug 25,Sep 16
355,Elk,Antlered (3-point or larger)2 (General),Sep 17,Nov 30
356,Elk,Antlered (3-point or larger)2 (Archery),Aug 25,Sep 16
356,Elk,Antlered (3-point or larger)2 (General),Sep 17,Nov 30
357,Elk,Antlered (3-point or larger)2 (Archery),Aug 25,Sep 16
357,Elk,Antlered (3-point or larger)2 (General),Sep 17,Nov 30
358,Elk,Antlered (3-point or larger)2 (Archery),Aug 25,Sep 16
358,Elk,Antlered (3-point or larger)2 (General),Sep 17,Nov 30
359,Elk,Antlered (3-point or larger)2 (Archery),Aug 25,Sep 16
359,Elk,Antlered (3-point or larger)2 (General),Sep 17,Nov 30
360,Elk,Antlered (3-point or larger)2 (Archery),Aug 25,Sep 16
360,Elk,Antlered (3-point or larger)2 (General),Sep 17,Nov 30
302,Elk,Antlered (3-point or larger)2 (Archery),Sep 1,Oct 24
302,Elk,Antlered (3-point or larger)2 (General),Oct 25,Nov 30
303,Elk,Antlered (3-point or larger)2 (Archery),Sep 1,Oct 24
303,Elk,Antlered (3-point or larger)2 (General),Oct 25,Nov 30
304,Elk,Antlered (3-point or larger)2 (Archery),Sep 1,Oct 24
304,Elk,Antlered (3-point or larger)2 (General),Oct 25,Nov 30
305,Elk,Antlered (3-point or larger)2 (Archery),Sep 1,Oct 24
305,Elk,Antlered (3-point or larger)2 (General),Oct 25,Nov 30
306,Elk,Antlered (3-point or larger)2 (Archery),Sep 1,Oct 24
306,Elk,Antlered (3-point or larger)2 (General),Oct 25,Nov 30
308,Elk,Antlered (3-point or larger)2 (Archery),Sep 1,Oct 24
308,Elk,Antlered (3-point or larger)2 (General),Oct 25,Nov 30
310,Elk,Antlered (3-point or larger)2 (Archery),Sep 1,Oct 24
310,Elk,Antlered (3-point or larger)2 (General),Oct 25,Nov 30
312,Elk,Antlered (3-point or larger)2 (Archery),Sep 1,Oct 24
312,Elk,Antlered (3-point or larger)2 (General),Oct 25,Nov 30
314,Elk,Antlered (3-point or larger)2 (Archery),Sep 1,Oct 24
314,Elk,Antlered (3-point or larger)2 (General),Oct 25,Nov 30
316,Elk,Antlered (3-point or larger)2 (Archery),Sep 1,Oct 31
316,Elk,Antlered (3-point or larger)2 (General),Nov 1,Nov 30
318,Elk,Antlered (3-point or larger)2 (Archery),Sep 1,Oct 31
318,Elk,Antlered (3-point or larger)2 (General),Nov 1,Nov 30
320,Elk,Antlered (3-point or larger)2 (Archery),Sep 1,Oct 31
320,Elk,Antlered (3-point or larger)2 (General),Nov 1,Nov 30
322,Elk,Antlered (3-point or larger)2 (Archery),Sep 1,Oct 31
322,Elk,Antlered (3-point or larger)2 (General),Nov 1,Nov 30
324,Elk,Antlered (3-point or larger)2 (Archery),Sep 1,Oct 31
324,Elk,Antlered (3-point or larger)2 (General),Nov 1,Nov 30
326,Elk,Antlered (3-point or larger)2 (Archery),Sep 1,Oct 31
326,Elk,Antlered (3-point or larger)2 (General),Nov 1,Nov 30
328,Elk,Antlered (3-point or larger)2 (Archery),Sep 1,Oct 31
328,Elk,Antlered (3-point or larger)2 (General),Nov 1,Nov 30
330,Elk,Antlered (3-point or larger)2 (Archery),Sep 1,Oct 31
330,Elk,Antlered (3-point or larger)2 (General),Nov 1,Nov 30
332,Elk,Antlered (3-point or larger)2 (Archery),Sep 1,Oct 31
332,Elk,Antlered (3-point or larger)2 (General),Nov 1,Nov 30
334,Elk,Antlered (3-point or larger)2 (Archery),Sep 1,Oct 31
334,Elk,Antlered (3-point or larger)2 (General),Nov 1,Nov 30
336,Elk,Antlered (3-point or larger)2 (Archery),Sep 1,Oct 31
336,Elk,Antlered (3-point or larger)2 (General),Nov 1,Nov 30
337,Elk,Antlered (3-point or larger)2 (Archery),Sep 1,Oct 31
337,Elk,Antlered (3-point or larger)2 (General),Nov 1,Nov 30
338,Elk,Antlered (3-point or larger)2 (Archery),Sep 1,Oct 31
338,Elk,Antlered (3-point or larger)2 (General),Nov 1,Nov 30
348,Elk,Antlered (3-point or larger)2 (Archery),Sep 1,Oct 31
348,Elk,Antlered (3-point or larger)2 (General),Nov 1,Nov 30
300,Elk,Antlerless (General),Sep 9,Oct 24
300,Elk,Antlerless (General),Oct 25,Dec 24
300,Elk,Antlerless (General),Dec 25,"Jan 31, 2027"
300,Elk,Antlerless (General),Feb 1,"Feb 28, 2027"
340,Elk,Antlerless (Archery),Aug 25,Sep 16
340,Elk,Antlerless (General),Sep 17,Dec 20
342,Elk,Antlerless (Archery),Aug 25,Sep 16
342,Elk,Antlerless (General),Sep 17,Dec 20
3441,Elk,Antlerless (Archery),Aug 25,Sep 16
3441,Elk,Antlerless (General),Sep 17,Dec 20
330,Elk,Antlerless (Archery),Aug 25,Sep 16
330,Elk,Antlerless (General),Sep 17,Nov 30
352,Elk,Antlerless (Archery),Aug 25,Sep 16
352,Elk,Antlerless (General),Sep 17,Nov 30
302,Elk,Antlerless (Archery),Sep 1,Oct 24
302,Elk,Antlerless (General),Oct 25,Dec 20
302,Elk,Antlerless (General),Dec 21,"Jan 31, 2027"
302,Elk,Antlerless (General),Feb 1,"Feb 28, 2027"
304,Elk,Antlerless (Archery),Sep 1,Oct 24
304,Elk,Antlerless (General),Oct 25,Dec 20
304,Elk,Antlerless (General),Dec 21,"Jan 31, 2027"
304,Elk,Antlerless (General),Feb 1,"Feb 28, 2027"
305,Elk,Antlerless (Archery),Sep 1,Oct 24
305,Elk,Antlerless (General),Oct 25,Dec 20
305,Elk,Antlerless (General),Dec 21,"Jan 31, 2027"
305,Elk,Antlerless (General),Feb 1,"Feb 28, 2027"
306,Elk,Antlerless (Archery),Sep 1,Oct 24
306,Elk,Antlerless (General),Oct 25,Dec 20
306,Elk,Antlerless (General),Dec 21,"Jan 31, 2027"
306,Elk,Antlerless (General),Feb 1,"Feb 28, 2027"
308,Elk,Antlerless (Archery),Sep 1,Oct 24
308,Elk,Antlerless (General),Oct 25,Dec 20
308,Elk,Antlerless (General),Dec 21,"Jan 31, 2027"
308,Elk,Antlerless (General),Feb 1,"Feb 28, 2027"
310,Elk,Antlerless (Archery),Sep 1,Oct 24
310,Elk,Antlerless (General),Oct 25,Dec 20
310,Elk,Antlerless (General),Dec 21,"Jan 31, 2027"
310,Elk,Antlerless (General),Feb 1,"Feb 28, 2027"
303,Elk,Antlerless (Archery),Sep 1,Oct 24
303,Elk,Antlerless (General),Oct 25,Dec 31
303,Elk,Antlerless (General),Dec 21,"Jan 31, 2027"
312,Elk,Antlerless (Archery),Sep 1,Oct 24
312,Elk,Antlerless (General),Oct 25,Nov 20
312,Elk,Antlerless (General),Nov 21,Dec 31
312,Elk,Antlerless (General),Jan 1,"Jan 31, 2027"
312,Elk,Antlerless (General),Feb 1,"Feb 28, 2027"
314,Elk,Antlerless (Archery),Sep 1,Oct 24
314,Elk,Antlerless (General),Oct 25,Nov 20
314,Elk,Antlerless (General),Nov 21,Dec 31
314,Elk,Antlerless (General),Jan 1,"Jan 31, 2027"
314,Elk,Antlerless (General),Feb 1,"Feb 28, 2027"
318,Elk,Antlerless (Archery),Sep 1,Oct 31
318,Elk,Antlerless (General),Nov 1,Nov 25
318,Elk,Antlerless (General),Nov 26,Dec 20
332,Elk,Antlerless (Archery),Sep 1,Oct 31
332,Elk,Antlerless (General),Nov 1,Nov 25
332,Elk,Antlerless (General),Nov 26,Dec 20
324,Elk,Antlerless (Archery),Sep 1,Oct 31
324,Elk,Antlerless (General),Nov 1,Nov 25
324,Elk,Antlerless (General),Nov 26,Dec 31
324,Elk,Antlerless (General),Jan 1,"Jan 31, 2027"
324,Elk,Antlerless (General),Feb 1,"Feb 28, 2027"
334,Elk,Antlerless (Archery),Sep 1,Oct 31
334,Elk,Antlerless (General),Nov 1,Dec 20
336,Elk,Antlerless (Archery),Sep 1,Oct 31
336,Elk,Antlerless (General),Nov 1,Dec 20
346,Elk,Antlerless (Archery),Aug 25,Sep 16
346,Elk,Antlerless (General),Sep 17,Oct 31
346,Elk,Antlerless (General),Nov 1,Dec 20
346,Elk,Antlerless (General),Dec 21,"Jan 31, 2027"
357,Elk,Antlerless (Archery),Aug 25,Sep 16
357,Elk,Antlerless (General),Sep 17,Oct 31
357,Elk,Antlerless (General),Nov 1,Dec 20
357,Elk,Antlerless (General),Dec 21,"Jan 31, 2027"
357,Elk,Antlerless (General),Feb 1,"Feb 28, 2027"
358,Elk,Antlerless (Archery),Aug 25,Sep 16
358,Elk,Antlerless (General),Sep 17,Oct 31
358,Elk,Antlerless (General),Nov 1,Dec 20
358,Elk,Antlerless (General),Dec 21,"Jan 31, 2027"
358,Elk,Antlerless (General),Feb 1,"Feb 28, 2027"
359,Elk,Antlerless (Archery),Aug 25,Sep 16
359,Elk,Antlerless (General),Sep 17,Oct 31
359,Elk,Antlerless (General),Nov 1,Dec 20
359,Elk,Antlerless (General),Dec 21,"Jan 31, 2027"
359,Elk,Antlerless (General),Feb 1,"Feb 28, 2027"
360,Elk,Antlerless (Archery),Aug 25,Sep 16
360,Elk,Antlerless (General),Sep 17,Oct 31
360,Elk,Antlerless (General),Nov 1,Dec 20
360,Elk,Antlerless (General),Dec 21,"Jan 31, 2027"
360,Elk,Antlerless (General),Feb 1,"Feb 28, 2027"
320,Elk,Antlerless (Archery),Sep 1,Oct 31
320,Elk,Antlerless (General),Nov 1,Nov 25
320,Elk,Antlerless (General),Nov 26,Dec 31
320,Elk,Antlerless (General),Jan 1,"Jan 31, 2027"
320,Elk,Antlerless (General),Feb 1,"Feb 28, 2027"
322,Elk,Antlerless (Archery),Sep 1,Oct 31
322,Elk,Antlerless (General),Nov 1,Nov 25
322,Elk,Antlerless (General),Nov 26,Dec 31
322,Elk,Antlerless (General),Jan 1,"Jan 31, 2027"
322,Elk,Antlerless (General),Feb 1,"Feb 28, 2027"
337,Elk,Antlerless (General),Nov 1,Dec 20
337,Elk,Antlerless (General),Dec 21,"Jan 31, 2027"
338,Elk,Antlerless (General),Nov 1,Dec 20
338,Elk,Antlerless (General),Dec 21,"Jan 31, 2027"
348,Elk,Antlerless (General),Nov 1,Dec 20
348,Elk,Antlerless (General),Dec 21,"Jan 31, 2027"
353,Elk,Antlerless (Archery),Aug 25,Sep 16
353,Elk,Antlerless (General),Sep 17,Oct 31
353,Elk,Antlerless (General),Nov 1,Dec 20
354,Elk,Antlerless (Archery),Aug 25,Sep 16
354,Elk,Antlerless (General),Sep 17,Oct 31
354,Elk,Antlerless (General),Nov 1,Dec 20
355,Elk,Antlerless (Archery),Aug 25,Sep 16
355,Elk,Antlerless (General),Sep 17,Oct 31
355,Elk,Antlerless (General),Nov 1,Dec 20
356,Elk,Antlerless (Archery),Aug 25,Sep 16
356,Elk,Antlerless (General),Sep 17,Oct 31
356,Elk,Antlerless (General),Nov 1,Dec 20
3024,Class 1 sheep3,Resident (General),Sep 9,Oct 31
303,Class 1 sheep3,Resident (General),Sep 9,Oct 31
306,Class 1 sheep3,Resident (General),Sep 9,Oct 31
308,Class 1 sheep3,Resident (General),Sep 9,Oct 31
404,White-tailed deer,Antlered and antlerless (Archery),Sep 9,Sep 23
404,White-tailed deer,Antlered and antlerless (General),Sep 24,Nov 30
406,White-tailed deer,Antlered and antlerless (Archery),Sep 9,Sep 23
406,White-tailed deer,Antlered and antlerless (General),Sep 24,Nov 30
408,White-tailed deer,Antlered and antlerless (Archery),Sep 9,Sep 23
408,White-tailed deer,Antlered and antlerless (General),Sep 24,Nov 30
410,White-tailed deer,Antlered and antlerless (Archery),Sep 9,Nov 30
429,White-tailed deer,Antlered and antlerless (Archery),Aug 25,Sep 16
429,White-tailed deer,Antlered and antlerless (General),Sep 17,Nov 30
436,White-tailed deer,Antlered and antlerless (Archery),Aug 25,Sep 16
436,White-tailed deer,Antlered and antlerless (General),Sep 17,Nov 30
437,White-tailed deer,Antlered and antlerless (Archery),Aug 25,Sep 16
437,White-tailed deer,Antlered and antlerless (General),Sep 17,Nov 30
438,White-tailed deer,Antlered and antlerless (Archery),Aug 25,Sep 16
438,White-tailed deer,Antlered and antlerless (General),Sep 17,Nov 30
439,White-tailed deer,Antlered and antlerless (Archery),Aug 25,Sep 16
439,White-tailed deer,Antlered and antlerless (General),Sep 17,Nov 30
440,White-tailed deer,Antlered and antlerless (Archery),Aug 25,Sep 16
440,White-tailed deer,Antlered and antlerless (General),Sep 17,Nov 30
441,White-tailed deer,Antlered and antlerless (Archery),Aug 25,Sep 16
441,White-tailed deer,Antlered and antlerless (General),Sep 17,Nov 30
442,White-tailed deer,Antlered and antlerless (Archery),Aug 25,Sep 16
442,White-tailed deer,Antlered and antlerless (General),Sep 17,Nov 30
444,White-tailed deer,Antlered and antlerless (Archery),Aug 25,Sep 16
444,White-tailed deer,Antlered and antlerless (General),Sep 17,Nov 30
445,White-tailed deer,Antlered and antlerless (Archery),Aug 25,Sep 16
445,White-tailed deer,Antlered and antlerless (General),Sep 17,Nov 30
446,White-tailed deer,Antlered and antlerless (Archery),Aug 25,Sep 16
446,White-tailed deer,Antlered and antlerless (General),Sep 17,Nov 30
412,White-tailed deer,Antlered (Archery),Aug 25,Sep 16
412,White-tailed deer,Antlered (General),Sep 17,Nov 30
414,White-tailed deer,Antlered (Archery),Aug 25,Sep 16
414,White-tailed deer,Antlered (General),Sep 17,Nov 30
416,White-tailed deer,Antlered (Archery),Aug 25,Sep 16
416,White-tailed deer,Antlered (General),Sep 17,Nov 30
417,White-tailed deer,Antlered (Archery),Aug 25,Sep 16
417,White-tailed deer,Antlered (General),Sep 17,Nov 30
418,White-tailed deer,Antlered (Archery),Aug 25,Sep 16
418,White-tailed deer,Antlered (General),Sep 17,Nov 30
420,White-tailed deer,Antlered (Archery),Aug 25,Sep 16
420,White-tailed deer,Antlered (General),Sep 17,Nov 30
422,White-tailed deer,Antlered (Archery),Aug 25,Sep 16
422,White-tailed deer,Antlered (General),Sep 17,Nov 30
426,White-tailed deer,Antlered (Archery),Aug 25,Sep 16
426,White-tailed deer,Antlered (General),Sep 17,Nov 30
428,White-tailed deer,Antlered (Archery),Aug 25,Sep 16
428,White-tailed deer,Antlered (General),Sep 17,Nov 30
430,White-tailed deer,Antlered (Archery),Aug 25,Sep 16
430,White-tailed deer,Antlered (General),Sep 17,Nov 30
432,White-tailed deer,Antlered (Archery),Aug 25,Sep 16
432,White-tailed deer,Antlered (General),Sep 17,Nov 30
434,White-tailed deer,Antlered (Archery),Aug 25,Sep 16
434,White-tailed deer,Antlered (General),Sep 17,Nov 30
400,White-tailed deer,Antlered (Archery),Sep 1,Sep 23
400,White-tailed deer,Antlered (General),Sep 24,Nov 30
402,White-tailed deer,Antlered (Archery),Sep 1,Sep 23
402,White-tailed deer,Antlered (General),Sep 24,Nov 30
412,White-tailed deer,Antlerless (Archery),Aug 25,Sep 16
412,White-tailed deer,Antlerless (General),Nov 1,Nov 30
414,White-tailed deer,Antlerless (Archery),Aug 25,Sep 16
414,White-tailed deer,Antlerless (General),Nov 1,Nov 30
416,White-tailed deer,Antlerless (Archery),Aug 25,Sep 16
416,White-tailed deer,Antlerless (General),Nov 1,Nov 30
417,White-tailed deer,Antlerless (Archery),Aug 25,Sep 16
417,White-tailed deer,Antlerless (General),Nov 1,Nov 30
418,White-tailed deer,Antlerless (Archery),Aug 25,Sep 16
418,White-tailed deer,Antlerless (General),Nov 1,Nov 30
420,White-tailed deer,Antlerless (Archery),Aug 25,Sep 16
420,White-tailed deer,Antlerless (General),Nov 1,Nov 30
422,White-tailed deer,Antlerless (Archery),Aug 25,Sep 16
422,White-tailed deer,Antlerless (General),Nov 1,Nov 30
426,White-tailed deer,Antlerless (Archery),Aug 25,Sep 16
426,White-tailed deer,Antlerless (General),Nov 1,Nov 30
428,White-tailed deer,Antlerless (Archery),Aug 25,Sep 16
428,White-tailed deer,Antlerless (General),Nov 1,Nov 30
430,White-tailed deer,Antlerless (Archery),Aug 25,Sep 16
430,White-tailed deer,Antlerless (General),Nov 1,Nov 30
432,White-tailed deer,Antlerless (Archery),Aug 25,Sep 16
432,White-tailed deer,Antlerless (General),Nov 1,Nov 30
434,White-tailed deer,Antlerless (Archery),Aug 25,Sep 16
434,White-tailed deer,Antlerless (General),Nov 1,Nov 30
400,White-tailed deer,Antlerless (Archery),Sep 1,Sep 23
400,White-tailed deer,Antlerless (General),Nov 1,Nov 15
402,White-tailed deer,Antlerless (Archery),Sep 1,Sep 23
402,White-tailed deer,Antlerless (General),Nov 1,Nov 15
404,Mule deer,Antlered and antlerless (Archery),Sep 9,Sep 23
404,Mule deer,Antlered and antlerless (General),Sep 24,Nov 30
406,Mule deer,Antlered and antlerless (Archery),Sep 9,Sep 23
406,Mule deer,Antlered and antlerless (General),Sep 24,Nov 30
408,Mule deer,Antlered and antlerless (Archery),Sep 9,Sep 23
408,Mule deer,Antlered and antlerless (General),Sep 24,Nov 30
410,Mule deer,Antlered and antlerless (Archery),Sep 9,Nov 30
440,Mule deer,Antlered (Archery),Aug 25,Sep 16
440,Mule deer,Antlered (General),Sep 17,Nov 30
441,Mule deer,Antlered (Archery),Aug 25,Sep 16
441,Mule deer,Antlered (General),Sep 17,Nov 30
442,Mule deer,Antlered (Archery),Aug 25,Sep 16
442,Mule deer,Antlered (General),Sep 17,Nov 30
444,Mule deer,Antlered (Archery),Aug 25,Sep 16
444,Mule deer,Antlered (General),Sep 17,Nov 30
445,Mule deer,Antlered (Archery),Aug 25,Sep 16
445,Mule deer,Antlered (General),Sep 17,Nov 30
446,Mule deer,Antlered (Archery),Aug 25,Sep 16
446,Mule deer,Antlered (General),Sep 17,Nov 30
412,Mule deer,Antlered (Archery),Aug 25,Sep 16
412,Mule deer,Antlered (General),Sep 17,Nov 30
414,Mule deer,Antlered (Archery),Aug 25,Sep 16
414,Mule deer,Antlered (General),Sep 17,Nov 30
416,Mule deer,Antlered (Archery),Aug 25,Sep 16
416,Mule deer,Antlered (General),Sep 17,Nov 30
417,Mule deer,Antlered (Archery),Aug 25,Sep 16
417,Mule deer,Antlered (General),Sep 17,Nov 30
418,Mule deer,Antlered (Archery),Aug 25,Sep 16
418,Mule deer,Antlered (General),Sep 17,Nov 30
420,Mule deer,Antlered (Archery),Aug 25,Sep 16
420,Mule deer,Antlered (General),Sep 17,Nov 30
422,Mule deer,Antlered (Archery),Aug 25,Sep 16
422,Mule deer,Antlered (General),Sep 17,Nov 30
426,Mule deer,Antlered (Archery),Aug 25,Sep 16
426,Mule deer,Antlered (General),Sep 17,Nov 30
428,Mule deer,Antlered (Archery),Aug 25,Sep 16
428,Mule deer,Antlered (General),Sep 17,Nov 30
429,Mule deer,Antlered (Archery),Aug 25,Sep 16
429,Mule deer,Antlered (General),Sep 17,Nov 30
430,Mule deer,Antlered (Archery),Aug 25,Sep 16
430,Mule deer,Antlered (General),Sep 17,Nov 30
432,Mule deer,Antlered (Archery),Aug 25,Sep 16
432,Mule deer,Antlered (General),Sep 17,Nov 30
434,Mule deer,Antlered (Archery),Aug 25,Sep 16
434,Mule deer,Antlered (General),Sep 17,Nov 30
436,Mule deer,Antlered (Archery),Aug 25,Sep 16
436,Mule deer,Antlered (General),Sep 17,Nov 30
437,Mule deer,Antlered (Archery),Aug 25,Sep 16
437,Mule deer,Antlered (General),Sep 17,Nov 30
438,Mule deer,Antlered (Archery),Aug 25,Sep 16
438,Mule deer,Antlered (General),Sep 17,Nov 30
439,Mule deer,Antlered (Archery),Aug 25,Sep 16
439,Mule deer,Antlered (General),Sep 17,Nov 30
400,Mule deer,Antlered (Archery),Sep 1,Sep 23
400,Mule deer,Antlered (General),Sep 24,Nov 30
402,Mule deer,Antlered (Archery),Sep 1,Sep 23
402,Mule deer,Antlered (General),Sep 24,Nov 30
400,Mule deer,Antlerless (Archery),Sep 1,Sep 23
400,Mule deer,Antlerless (General),Sep 24,Nov 30
402,Mule deer,Antlerless (Archery),Sep 1,Sep 23
402,Mule deer,Antlerless (General),Sep 24,Nov 30
404,Moose,Antlered and antlerless (Archery),Sep 9,Sep 23
404,Moose,Antlered and antlerless (General),Sep 24,Nov 30
406,Moose,Antlered and antlerless (Archery),Sep 9,Sep 23
406,Moose,Antlered and antlerless (General),Sep 24,Nov 30
410,Moose,Antlered and antlerless (Archery),Sep 9,Nov 30
412,Moose,Antlered (Archery),Aug 25,Sep 23
412,Moose,Antlered (General),Sep 24,Oct 31
414,Moose,Antlered (Archery),Aug 25,Sep 23
414,Moose,Antlered (General),Sep 24,Oct 31
416,Moose,Antlered (Archery),Aug 25,Sep 23
416,Moose,Antlered (General),Sep 24,Nov 30
417,Moose,Antlered (Archery),Aug 25,Sep 23
417,Moose,Antlered (General),Sep 24,Nov 30
418,Moose,Antlered (Archery),Aug 25,Sep 23
418,Moose,Antlered (General),Sep 24,Nov 30
420,Moose,Antlered (Archery),Aug 25,Sep 23
420,Moose,Antlered (General),Sep 24,Nov 30
422,Moose,Antlered (Archery),Aug 25,Sep 23
422,Moose,Antlered (General),Sep 24,Nov 30
426,Moose,Antlered (Archery),Aug 25,Sep 23
426,Moose,Antlered (General),Sep 24,Nov 30
428,Moose,Antlered (Archery),Aug 25,Sep 23
428,Moose,Antlered (General),Sep 24,Nov 30
430,Moose,Antlered (Archery),Aug 25,Sep 23
430,Moose,Antlered (General),Sep 24,Nov 30
432,Moose,Antlered (Archery),Aug 25,Sep 23
432,Moose,Antlered (General),Sep 24,Nov 30
434,Moose,Antlered (Archery),Aug 25,Sep 23
434,Moose,Antlered (General),Sep 24,Nov 30
436,Moose,Antlered (Archery),Aug 25,Sep 23
436,Moose,Antlered (General),Sep 24,Nov 30
437,Moose,Antlered (Archery),Aug 25,Sep 23
437,Moose,Antlered (General),Sep 24,Nov 30
438,Moose,Antlered (Archery),Aug 25,Sep 23
438,Moose,Antlered (General),Sep 24,Nov 30
439,Moose,Antlered (Archery),Aug 25,Sep 23
439,Moose,Antlered (General),Sep 24,Nov 30
440,Moose,Antlered (Archery),Aug 25,Sep 23
440,Moose,Antlered (General),Sep 24,Nov 30
441,Moose,Antlered (Archery),Aug 25,Sep 23
441,Moose,Antlered (General),Sep 24,Nov 30
442,Moose,Antlered (Archery),Aug 25,Sep 23
442,Moose,Antlered (General),Sep 24,Nov 30
444,Moose,Antlered (Archery),Aug 25,Sep 23
444,Moose,Antlered (General),Sep 24,Nov 30
445,Moose,Antlered (Archery),Aug 25,Sep 23
445,Moose,Antlered (General),Sep 24,Nov 30
446,Moose,Antlered (Archery),Aug 25,Sep 23
446,Moose,Antlered (General),Sep 24,Nov 30
429,Moose,Antlered (Archery),Aug 25,Sep 23
429,Moose,Antlered (General),Sep 24,Oct 31
429,Moose,Antlered (General),Nov 1,Nov 30
408,Moose,Antlered (Archery),Sep 9,Sep 23
408,Moose,Antlered (General),Sep 24,Nov 30
400,Moose,Antlered (Archery),Sep 1,Sep 16
400,Moose,Antlered (General),Sep 17,Nov 30
402,Moose,Antlered (Archery),Sep 1,Sep 16
402,Moose,Antlered (General),Sep 17,Nov 30
410,Elk,Antlered and antlerless (Archery),Sep 9,Nov 30
404,Elk,Antlered (6-point or larger)1 and antlerless (Archery),Sep 9,Sep 16
404,Elk,Antlered (6-point or larger)1 and antlerless (General),Sep 17,Nov 30
406,Elk,Antlered (6-point or larger)1 and antlerless (Archery),Sep 9,Sep 16
406,Elk,Antlered (6-point or larger)1 and antlerless (General),Sep 17,Nov 30
408,Elk,Antlered (6-point or larger)1 and antlerless (Archery),Sep 9,Sep 16
408,Elk,Antlered (6-point or larger)1 and antlerless (General),Sep 17,Nov 30
412,Elk,Antlered (6-point or larger)1 (Archery),Aug 25,Sep 16
412,Elk,Antlered (6-point or larger)1 (General),Sep 17,Nov 30
414,Elk,Antlered (6-point or larger)1 (Archery),Aug 25,Sep 16
414,Elk,Antlered (6-point or larger)1 (General),Sep 17,Nov 30
416,Elk,Antlered (6-point or larger)1 (Archery),Aug 25,Sep 16
416,Elk,Antlered (6-point or larger)1 (General),Sep 17,Nov 30
417,Elk,Antlered (6-point or larger)1 (Archery),Aug 25,Sep 16
417,Elk,Antlered (6-point or larger)1 (General),Sep 17,Nov 30
418,Elk,Antlered (6-point or larger)1 (Archery),Aug 25,Sep 16
418,Elk,Antlered (6-point or larger)1 (General),Sep 17,Nov 30
420,Elk,Antlered (6-point or larger)1 (Archery),Aug 25,Sep 16
420,Elk,Antlered (6-point or larger)1 (General),Sep 17,Nov 30
422,Elk,Antlered (6-point or larger)1 (Archery),Aug 25,Sep 16
422,Elk,Antlered (6-point or larger)1 (General),Sep 17,Nov 30
426,Elk,Antlered (6-point or larger)1 (Archery),Aug 25,Sep 16
426,Elk,Antlered (6-point or larger)1 (General),Sep 17,Nov 30
428,Elk,Antlered (6-point or larger)1 (Archery),Aug 25,Sep 16
428,Elk,Antlered (6-point or larger)1 (General),Sep 17,Nov 30
430,Elk,Antlered (6-point or larger)1 (Archery),Aug 25,Sep 16
430,Elk,Antlered (6-point or larger)1 (General),Sep 17,Nov 30
432,Elk,Antlered (6-point or larger)1 (Archery),Aug 25,Sep 16
432,Elk,Antlered (6-point or larger)1 (General),Sep 17,Nov 30
434,Elk,Antlered (6-point or larger)1 (Archery),Aug 25,Sep 16
434,Elk,Antlered (6-point or larger)1 (General),Sep 17,Nov 30
436,Elk,Antlered (6-point or larger)1 (Archery),Aug 25,Sep 16
436,Elk,Antlered (6-point or larger)1 (General),Sep 17,Nov 30
437,Elk,Antlered (6-point or larger)1 (Archery),Aug 25,Sep 16
437,Elk,Antlered (6-point or larger)1 (General),Sep 17,Nov 30
438,Elk,Antlered (6-point or larger)1 (Archery),Aug 25,Sep 16
438,Elk,Antlered (6-point or larger)1 (General),Sep 17,Nov 30
439,Elk,Antlered (6-point or larger)1 (Archery),Aug 25,Sep 16
439,Elk,Antlered (6-point or larger)1 (General),Sep 17,Nov 30
440,Elk,Antlered (6-point or larger)1 (Archery),Aug 25,Sep 16
440,Elk,Antlered (6-point or larger)1 (General),Sep 17,Nov 30
441,Elk,Antlered (6-point or larger)1 (Archery),Aug 25,Sep 16
441,Elk,Antlered (6-point or larger)1 (General),Sep 17,Nov 30
442,Elk,Antlered (6-point or larger)1 (Archery),Aug 25,Sep 16
442,Elk,Antlered (6-point or larger)1 (General),Sep 17,Nov 30
444,Elk,Antlered (6-point or larger)1 (Archery),Aug 25,Sep 16
444,Elk,Antlered (6-point or larger)1 (General),Sep 17,Nov 30
445,Elk,Antlered (6-point or larger)1 (Archery),Aug 25,Sep 16
445,Elk,Antlered (6-point or larger)1 (General),Sep 17,Nov 30
446,Elk,Antlered (6-point or larger)1 (Archery),Aug 25,Sep 16
446,Elk,Antlered (6-point or larger)1 (General),Sep 17,Nov 30
429,Elk,Antlered (3-point or larger)1 (Archery),Sep 1,Oct 31
429,Elk,Antlered (3-point or larger)1 (General),Nov 1,Nov 30
400,Elk,Antlered (3-point or larger)1 (Archery),Sep 1,Sep 16
400,Elk,Antlered (3-point or larger)1 (General),Sep 17,Nov 30
402,Elk,Antlered (3-point or larger)1 (Archery),Sep 1,Sep 16
402,Elk,Antlered (3-point or larger)1 (General),Sep 17,Nov 30
400,Elk,Antlerless (Archery),Sep 1,Sep 16
400,Elk,Antlerless (General),Sep 17,Nov 30
402,Elk,Antlerless (Archery),Sep 1,Sep 16
402,Elk,Antlerless (General),Sep 17,Nov 30
4382,Elk,Antlerless (Archery),Aug 25,Sep 16
4382,Elk,Antlerless (General),Sep 17,Nov 30
439,Elk,Antlerless (Archery),Aug 25,Sep 16
439,Elk,Antlerless (General),Sep 17,Nov 30
4412,Elk,Antlerless (Archery),Aug 25,Sep 16
4412,Elk,Antlerless (General),Sep 17,Nov 30
4442,Elk,Antlerless (Archery),Aug 25,Sep 16
4442,Elk,Antlerless (General),Sep 17,Nov 30
410,Class 1 sheep3,Resident (Archery),Sep 9,Oct 31
410,Class 1 sheep3,Resident (Archery),Sep 9,Nov 30
437,Class 1 sheep3,Resident (General),Aug 25,Sep 23
437,Class 1 sheep3,Resident (General),Sep 24,Oct 31
4384,Class 1 sheep3,Resident (General),Nov 1,Nov 10
4384,Class 1 sheep3,Resident (General),Nov 11,Nov 20
4384,Class 1 sheep3,Resident (General),Nov 21,Nov 30
412,Class 1 sheep3,Resident (General),Aug 25,Oct 31
414,Class 1 sheep3,Resident (General),Aug 25,Oct 31
416,Class 1 sheep3,Resident (General),Aug 25,Oct 31
417,Class 1 sheep3,Resident (General),Aug 25,Oct 31
418,Class 1 sheep3,Resident (General),Aug 25,Oct 31
420,Class 1 sheep3,Resident (General),Aug 25,Oct 31
422,Class 1 sheep3,Resident (General),Aug 25,Oct 31
426,Class 1 sheep3,Resident (General),Aug 25,Oct 31
428,Class 1 sheep3,Resident (General),Aug 25,Oct 31
430,Class 1 sheep3,Resident (General),Aug 25,Oct 31
432,Class 1 sheep3,Resident (General),Aug 25,Oct 31
434,Class 1 sheep3,Resident (General),Aug 25,Oct 31
436,Class 1 sheep3,Resident (General),Aug 25,Oct 31
438,Class 1 sheep3,Resident (General),Aug 25,Oct 31
439,Class 1 sheep3,Resident (General),Aug 25,Oct 31
440,Class 1 sheep3,Resident (General),Aug 25,Oct 31
441,Class 1 sheep3,Resident (General),Aug 25,Oct 31
442,Class 1 sheep3,Resident (General),Aug 25,Oct 31
4445,Class 1 sheep3,Resident (General),Aug 25,Oct 31
445,Class 1 sheep3,Resident (General),Aug 25,Oct 31
4446,Class 1 sheep3,Resident (General),Aug 25,Oct 31
446,Class 1 sheep3,Resident (General),Aug 25,Oct 31
4007,Class 1 sheep3,Resident (General),Sep 9,Oct 31
402,Class 1 sheep3,Resident (General),Sep 9,Oct 31
404,Class 1 sheep3,Resident (General),Sep 9,Oct 31
406,Class 1 sheep3,Resident (General),Sep 9,Oct 31
408,Class 1 sheep3,Resident (General),Sep 9,Oct 31
408,Class 1 sheep3,Resident (Archery),Nov 1,Nov 30
410,Class 1 sheep3,Non-resident and non-resident alien8 (Archery),Sep 9,Nov 30
412,Class 1 sheep3,Non-resident and non-resident alien8 (General),Sep 1,Oct 15
414,Class 1 sheep3,Non-resident and non-resident alien8 (General),Sep 1,Oct 15
416,Class 1 sheep3,Non-resident and non-resident alien8 (General),Sep 1,Oct 15
417,Class 1 sheep3,Non-resident and non-resident alien8 (General),Sep 1,Oct 15
418,Class 1 sheep3,Non-resident and non-resident alien8 (General),Sep 1,Oct 15
420,Class 1 sheep3,Non-resident and non-resident alien8 (General),Sep 1,Oct 15
422,Class 1 sheep3,Non-resident and non-resident alien8 (General),Sep 1,Oct 15
426,Class 1 sheep3,Non-resident and non-resident alien8 (General),Sep 1,Oct 15
428,Class 1 sheep3,Non-resident and non-resident alien8 (General),Sep 1,Oct 15
430,Class 1 sheep3,Non-resident and non-resident alien8 (General),Sep 1,Oct 15
432,Class 1 sheep3,Non-resident and non-resident alien8 (General),Sep 1,Oct 15
434,Class 1 sheep3,Non-resident and non-resident alien8 (General),Sep 1,Oct 15
436,Class 1 sheep3,Non-resident and non-resident alien8 (General),Sep 1,Oct 15
438,Class 1 sheep3,Non-resident and non-resident alien8 (General),Sep 1,Oct 15
439,Class 1 sheep3,Non-resident and non-resident alien8 (General),Sep 1,Oct 15
440,Class 1 sheep3,Non-resident and non-resident alien8 (General),Sep 1,Oct 15
441,Class 1 sheep3,Non-resident and non-resident alien8 (General),Sep 1,Oct 15
442,Class 1 sheep3,Non-resident and non-resident alien8 (General),Sep 1,Oct 15
4445,Class 1 sheep3,Non-resident and non-resident alien8 (General),Sep 1,Oct 15
445,Class 1 sheep3,Non-resident and non-resident alien8 (General),Sep 1,Oct 15
500,White-tailed deer,Antlered and antlerless (Archery),Sep 1,Oct 31
500,White-tailed deer,Antlered and antlerless (General),Nov 1,Nov 30
501,White-tailed deer,Antlered and antlerless (Archery),Sep 1,Oct 31
501,White-tailed deer,Antlered and antlerless (General),Nov 1,Nov 30
502,White-tailed deer,Antlered and antlerless (Archery),Sep 1,Oct 31
502,White-tailed deer,Antlered and antlerless (General),Nov 1,Nov 30
503,White-tailed deer,Antlered and antlerless (Archery),Sep 1,Oct 31
503,White-tailed deer,Antlered and antlerless (General),Nov 1,Nov 30
504,White-tailed deer,Antlered and antlerless (Archery),Sep 1,Oct 31
504,White-tailed deer,Antlered and antlerless (General),Nov 1,Nov 30
505,White-tailed deer,Antlered and antlerless (Archery),Sep 1,Oct 31
505,White-tailed deer,Antlered and antlerless (General),Nov 1,Nov 30
506,White-tailed deer,Antlered and antlerless (Archery),Sep 1,Oct 31
506,White-tailed deer,Antlered and antlerless (General),Nov 1,Nov 30
507,White-tailed deer,Antlered and antlerless (Archery),Sep 1,Oct 31
507,White-tailed deer,Antlered and antlerless (General),Nov 1,Nov 30
508,White-tailed deer,Antlered and antlerless (Archery),Sep 1,Oct 31
508,White-tailed deer,Antlered and antlerless (General),Nov 1,Nov 30
509,White-tailed deer,Antlered and antlerless (Archery),Sep 1,Oct 31
509,White-tailed deer,Antlered and antlerless (General),Nov 1,Nov 30
510,White-tailed deer,Antlered and antlerless (Archery),Sep 1,Oct 31
510,White-tailed deer,Antlered and antlerless (General),Nov 1,Nov 30
511,White-tailed deer,Antlered and antlerless (Archery),Aug 25,Aug 31
511,White-tailed deer,Antlered and antlerless (General),Sep 1,Nov 30
512,White-tailed deer,Antlered and antlerless (Archery),Aug 25,Aug 31
512,White-tailed deer,Antlered and antlerless (General),Sep 1,Nov 30
514,White-tailed deer,Antlered and antlerless (Archery),Aug 25,Aug 31
514,White-tailed deer,Antlered and antlerless (General),Sep 1,Nov 30
515,White-tailed deer,Antlered and antlerless (Archery),Aug 25,Aug 31
515,White-tailed deer,Antlered and antlerless (General),Sep 1,Nov 30
516,White-tailed deer,Antlered and antlerless (Archery),Aug 25,Aug 31
516,White-tailed deer,Antlered and antlerless (General),Sep 1,Nov 30
517,White-tailed deer,Antlered and antlerless (Archery),Aug 25,Aug 31
517,White-tailed deer,Antlered and antlerless (General),Sep 1,Nov 30
518,White-tailed deer,Antlered and antlerless (Archery),Aug 25,Aug 31
518,White-tailed deer,Antlered and antlerless (General),Sep 1,Nov 30
519,White-tailed deer,Antlered and antlerless (Archery),Aug 25,Aug 31
519,White-tailed deer,Antlered and antlerless (General),Sep 1,Nov 30
520,White-tailed deer,Antlered and antlerless (Archery),Aug 25,Aug 31
520,White-tailed deer,Antlered and antlerless (General),Sep 1,Nov 30
524,White-tailed deer,Antlered and antlerless (Archery),Aug 25,Aug 31
524,White-tailed deer,Antlered and antlerless (General),Sep 1,Nov 30
525,White-tailed deer,Antlered and antlerless (Archery),Aug 25,Aug 31
525,White-tailed deer,Antlered and antlerless (General),Sep 1,Nov 30
528,White-tailed deer,Antlered and antlerless (Archery),Aug 25,Aug 31
528,White-tailed deer,Antlered and antlerless (General),Sep 1,Nov 30
529,White-tailed deer,Antlered and antlerless (Archery),Aug 25,Aug 31
529,White-tailed deer,Antlered and antlerless (General),Sep 1,Nov 30
530,White-tailed deer,Antlered and antlerless (Archery),Aug 25,Aug 31
530,White-tailed deer,Antlered and antlerless (General),Sep 1,Nov 30
531,White-tailed deer,Antlered and antlerless (Archery),Aug 25,Aug 31
531,White-tailed deer,Antlered and antlerless (General),Sep 1,Nov 30
532,White-tailed deer,Antlered and antlerless (Archery),Aug 25,Aug 31
532,White-tailed deer,Antlered and antlerless (General),Sep 1,Nov 30
534,White-tailed deer,Antlered and antlerless (Archery),Aug 25,Aug 31
534,White-tailed deer,Antlered and antlerless (General),Sep 1,Nov 30
536,White-tailed deer,Antlered and antlerless (Archery),Aug 25,Aug 31
536,White-tailed deer,Antlered and antlerless (General),Sep 1,Nov 30
539,White-tailed deer,Antlered and antlerless (Archery),Aug 25,Aug 31
539,White-tailed deer,Antlered and antlerless (General),Sep 1,Nov 30
540,White-tailed deer,Antlered and antlerless (Archery),Aug 25,Aug 31
540,White-tailed deer,Antlered and antlerless (General),Sep 1,Nov 30
541,White-tailed deer,Antlered and antlerless (Archery),Aug 25,Aug 31
541,White-tailed deer,Antlered and antlerless (General),Sep 1,Nov 30
542,White-tailed deer,Antlered and antlerless (Archery),Aug 25,Aug 31
542,White-tailed deer,Antlered and antlerless (General),Sep 1,Nov 30
544,White-tailed deer,Antlered and antlerless (Archery),Aug 25,Aug 31
544,White-tailed deer,Antlered and antlerless (General),Sep 1,Nov 30
521,White-tailed deer,Antlered and antlerless (Archery),Aug 25,Sep 16
521,White-tailed deer,Antlered and antlerless (General),Sep 17,Nov 30
522,White-tailed deer,Antlered and antlerless (Archery),Aug 25,Sep 16
522,White-tailed deer,Antlered and antlerless (General),Sep 17,Nov 30
523,White-tailed deer,Antlered and antlerless (Archery),Aug 25,Sep 16
523,White-tailed deer,Antlered and antlerless (General),Sep 17,Nov 30
526,White-tailed deer,Antlered and antlerless (Archery),Aug 25,Sep 16
526,White-tailed deer,Antlered and antlerless (General),Sep 17,Nov 30
527,White-tailed deer,Antlered and antlerless (Archery),Aug 25,Sep 16
527,White-tailed deer,Antlered and antlerless (General),Sep 17,Nov 30
535,White-tailed deer,Antlered and antlerless (Archery),Aug 25,Sep 16
535,White-tailed deer,Antlered and antlerless (General),Sep 17,Nov 30
537,White-tailed deer,Antlered and antlerless (Archery),Aug 25,Sep 16
537,White-tailed deer,Antlered and antlerless (General),Sep 17,Nov 30
841,White-tailed deer,Antlered and antlerless (General),Sep 17,Nov 30
500,Mule deer,Antlered and antlerless (Archery),Sep 1,Oct 31
500,Mule deer,Antlered and antlerless (General),Nov 1,Nov 30
501,Mule deer,Antlered and antlerless (Archery),Sep 1,Oct 31
501,Mule deer,Antlered and antlerless (General),Nov 1,Nov 30
503,Mule deer,Antlered and antlerless (Archery),Sep 1,Oct 31
503,Mule deer,Antlered and antlerless (General),Nov 1,Nov 30
505,Mule deer,Antlered and antlerless (Archery),Sep 1,Oct 31
505,Mule deer,Antlered and antlerless (General),Nov 1,Nov 30
507,Mule deer,Antlered and antlerless (Archery),Sep 1,Oct 31
507,Mule deer,Antlered and antlerless (General),Nov 1,Nov 30
508,Mule deer,Antlered and antlerless (Archery),Sep 1,Oct 31
508,Mule deer,Antlered and antlerless (General),Nov 1,Nov 30
512,Mule deer,Antlered (Archery),Aug 25,Aug 31
512,Mule deer,Antlered (General),Sep 1,Nov 30
514,Mule deer,Antlered (Archery),Aug 25,Aug 31
514,Mule deer,Antlered (General),Sep 1,Nov 30
515,Mule deer,Antlered (Archery),Aug 25,Aug 31
515,Mule deer,Antlered (General),Sep 1,Nov 30
516,Mule deer,Antlered (Archery),Aug 25,Aug 31
516,Mule deer,Antlered (General),Sep 1,Nov 30
517,Mule deer,Antlered (Archery),Aug 25,Aug 31
517,Mule deer,Antlered (General),Sep 1,Nov 30
518,Mule deer,Antlered (Archery),Aug 25,Aug 31
518,Mule deer,Antlered (General),Sep 1,Nov 30
519,Mule deer,Antlered (Archery),Aug 25,Aug 31
519,Mule deer,Antlered (General),Sep 1,Nov 30
528,Mule deer,Antlered (Archery),Aug 25,Aug 31
528,Mule deer,Antlered (General),Sep 1,Nov 30
529,Mule deer,Antlered (Archery),Aug 25,Aug 31
529,Mule deer,Antlered (General),Sep 1,Nov 30
530,Mule deer,Antlered (Archery),Aug 25,Aug 31
530,Mule deer,Antlered (General),Sep 1,Nov 30
531,Mule deer,Antlered (Archery),Aug 25,Aug 31
531,Mule deer,Antlered (General),Sep 1,Nov 30
532,Mule deer,Antlered (Archery),Aug 25,Aug 31
532,Mule deer,Antlered (General),Sep 1,Nov 30
534,Mule deer,Antlered (Archery),Aug 25,Aug 31
534,Mule deer,Antlered (General),Sep 1,Nov 30
536,Mule deer,Antlered (Archery),Aug 25,Aug 31
536,Mule deer,Antlered (General),Sep 1,Nov 30
539,Mule deer,Antlered (Archery),Aug 25,Aug 31
539,Mule deer,Antlered (General),Sep 1,Nov 30
540,Mule deer,Antlered (Archery),Aug 25,Aug 31
540,Mule deer,Antlered (General),Sep 1,Nov 30
541,Mule deer,Antlered (Archery),Aug 25,Aug 31
541,Mule deer,Antlered (General),Sep 1,Nov 30
542,Mule deer,Antlered (Archery),Aug 25,Aug 31
542,Mule deer,Antlered (General),Sep 1,Nov 30
535,Mule deer,Antlered (Archery),Aug 25,Sep 16
535,Mule deer,Antlered (General),Sep 17,Nov 30
841,Mule deer,Antlered (General),Sep 17,Nov 30
502,Mule deer,Antlered (Archery),Sep 1,Oct 31
502,Mule deer,Antlered (General),Nov 1,Nov 30
504,Mule deer,Antlered (Archery),Sep 1,Oct 31
504,Mule deer,Antlered (General),Nov 1,Nov 30
506,Mule deer,Antlered (Archery),Sep 1,Oct 31
506,Mule deer,Antlered (General),Nov 1,Nov 30
509,Mule deer,Antlered (Archery),Sep 1,Oct 31
509,Mule deer,Antlered (General),Nov 1,Nov 30
510,Mule deer,Antlered (Archery),Sep 1,Oct 31
510,Mule deer,Antlered (General),Nov 1,Nov 30
511,Mule deer,Antlered (Archery),Aug 25,Aug 31
511,Mule deer,Antlered (General),Sep 1,Nov 30
521,Mule deer,Antlered (Archery),Aug 25,Sep 16
521,Mule deer,Antlered (General),Sep 17,Nov 30
522,Mule deer,Antlered (Archery),Aug 25,Sep 16
522,Mule deer,Antlered (General),Sep 17,Nov 30
523,Mule deer,Antlered (Archery),Aug 25,Sep 16
523,Mule deer,Antlered (General),Sep 17,Nov 30
526,Mule deer,Antlered (Archery),Aug 25,Sep 16
526,Mule deer,Antlered (General),Sep 17,Nov 30
527,Mule deer,Antlered (Archery),Aug 25,Sep 16
527,Mule deer,Antlered (General),Sep 17,Nov 30
537,Mule deer,Antlered (Archery),Aug 25,Sep 16
537,Mule deer,Antlered (General),Sep 17,Nov 30
520,Mule deer,Antlered (Archery),Aug 25,Aug 31
520,Mule deer,Antlered (General),Sep 1,Nov 30
524,Mule deer,Antlered (Archery),Aug 25,Aug 31
524,Mule deer,Antlered (General),Sep 1,Nov 30
525,Mule deer,Antlered (Archery),Aug 25,Aug 31
525,Mule deer,Antlered (General),Sep 1,Nov 30
544,Mule deer,Antlered (Archery),Aug 25,Aug 31
544,Mule deer,Antlered (General),Sep 1,Nov 30
521,Mule deer,Antlerless (Archery),Aug 25,Sep 16
521,Mule deer,Antlerless (General),Sep 17,Dec 20
522,Mule deer,Antlerless (Archery),Aug 25,Sep 16
522,Mule deer,Antlerless (General),Sep 17,Dec 20
523,Mule deer,Antlerless (Archery),Aug 25,Sep 16
523,Mule deer,Antlerless (General),Sep 17,Dec 20
526,Mule deer,Antlerless (Archery),Aug 25,Sep 16
526,Mule deer,Antlerless (General),Sep 17,Dec 20
527,Mule deer,Antlerless (Archery),Aug 25,Sep 16
527,Mule deer,Antlerless (General),Sep 17,Dec 20
502,Mule deer,Antlerless (Archery),Sep 1,Oct 31
502,Mule deer,Antlerless (General),Nov 1,Nov 30
504,Mule deer,Antlerless (Archery),Sep 1,Oct 31
504,Mule deer,Antlerless (General),Nov 1,Nov 30
506,Mule deer,Antlerless (Archery),Sep 1,Oct 31
506,Mule deer,Antlerless (General),Nov 1,Nov 30
509,Mule deer,Antlerless (Archery),Sep 1,Oct 31
509,Mule deer,Antlerless (General),Nov 1,Nov 30
510,Mule deer,Antlerless (Archery),Sep 1,Oct 31
510,Mule deer,Antlerless (General),Nov 1,Nov 30
537,Mule deer,Antlerless (Archery),Aug 25,Sep 16
537,Mule deer,Antlerless (General),Sep 17,Nov 30
500,Moose,Antlered and antlerless (Archery),Sep 1,Oct 31
500,Moose,Antlered and antlerless (General),Nov 1,Nov 30
501,Moose,Antlered and antlerless (Archery),Sep 1,Oct 31
501,Moose,Antlered and antlerless (General),Nov 1,Nov 30
502,Moose,Antlered and antlerless (Archery),Sep 1,Oct 31
502,Moose,Antlered and antlerless (General),Nov 1,Nov 30
503,Moose,Antlered and antlerless (Archery),Sep 1,Oct 31
503,Moose,Antlered and antlerless (General),Nov 1,Nov 30
504,Moose,Antlered and antlerless (Archery),Sep 1,Oct 31
504,Moose,Antlered and antlerless (General),Nov 1,Nov 30
506,Moose,Antlered and antlerless (Archery),Sep 1,Oct 31
506,Moose,Antlered and antlerless (General),Nov 1,Nov 30
507,Moose,Antlered and antlerless (Archery),Sep 1,Oct 31
507,Moose,Antlered and antlerless (General),Nov 1,Nov 30
508,Moose,Antlered and antlerless (Archery),Sep 1,Oct 31
508,Moose,Antlered and antlerless (General),Nov 1,Nov 30
509,Moose,Antlered and antlerless (Archery),Sep 1,Oct 31
509,Moose,Antlered and antlerless (General),Nov 1,Nov 30
841,Moose,Antlered (General),Sep 17,Oct 31
841,Moose,Antlered (General),Nov 1,Nov 30
521,Moose,Antlered (Archery),Aug 25,Sep 23
521,Moose,Antlered (General),Sep 24,Oct 31
521,Moose,Antlered (General),Nov 1,Nov 30
522,Moose,Antlered (Archery),Aug 25,Sep 23
522,Moose,Antlered (General),Sep 24,Oct 31
522,Moose,Antlered (General),Nov 1,Nov 30
523,Moose,Antlered (Archery),Aug 25,Sep 23
523,Moose,Antlered (General),Sep 24,Oct 31
523,Moose,Antlered (General),Nov 1,Nov 30
526,Moose,Antlered (Archery),Aug 25,Sep 23
526,Moose,Antlered (General),Sep 24,Oct 31
526,Moose,Antlered (General),Nov 1,Nov 30
527,Moose,Antlered (Archery),Aug 25,Sep 23
527,Moose,Antlered (General),Sep 24,Oct 31
527,Moose,Antlered (General),Nov 1,Nov 30
535,Moose,Antlered (Archery),Aug 25,Sep 23
535,Moose,Antlered (General),Sep 24,Oct 31
535,Moose,Antlered (General),Nov 1,Nov 30
537,Moose,Antlered (Archery),Aug 25,Sep 23
537,Moose,Antlered (General),Sep 24,Oct 31
537,Moose,Antlered (General),Nov 1,Nov 30
511,Moose,Antlered (Archery),Aug 25,Aug 31
511,Moose,Antlered (General),Sep 1,Oct 31
511,Moose,Antlered (General),Nov 1,Nov 30
512,Moose,Antlered (Archery),Aug 25,Aug 31
512,Moose,Antlered (General),Sep 1,Oct 31
512,Moose,Antlered (General),Nov 1,Nov 30
514,Moose,Antlered (Archery),Aug 25,Aug 31
514,Moose,Antlered (General),Sep 1,Oct 31
514,Moose,Antlered (General),Nov 1,Nov 30
515,Moose,Antlered (Archery),Aug 25,Aug 31
515,Moose,Antlered (General),Sep 1,Oct 31
515,Moose,Antlered (General),Nov 1,Nov 30
516,Moose,Antlered (Archery),Aug 25,Aug 31
516,Moose,Antlered (General),Sep 1,Oct 31
516,Moose,Antlered (General),Nov 1,Nov 30
517,Moose,Antlered (Archery),Aug 25,Aug 31
517,Moose,Antlered (General),Sep 1,Oct 31
517,Moose,Antlered (General),Nov 1,Nov 30
518,Moose,Antlered (Archery),Aug 25,Aug 31
518,Moose,Antlered (General),Sep 1,Oct 31
518,Moose,Antlered (General),Nov 1,Nov 30
519,Moose,Antlered (Archery),Aug 25,Aug 31
519,Moose,Antlered (General),Sep 1,Oct 31
519,Moose,Antlered (General),Nov 1,Nov 30
520,Moose,Antlered (Archery),Aug 25,Aug 31
520,Moose,Antlered (General),Sep 1,Oct 31
520,Moose,Antlered (General),Nov 1,Nov 30
524,Moose,Antlered (Archery),Aug 25,Aug 31
524,Moose,Antlered (General),Sep 1,Oct 31
524,Moose,Antlered (General),Nov 1,Nov 30
525,Moose,Antlered (Archery),Aug 25,Aug 31
525,Moose,Antlered (General),Sep 1,Oct 31
525,Moose,Antlered (General),Nov 1,Nov 30
528,Moose,Antlered (Archery),Aug 25,Aug 31
528,Moose,Antlered (General),Sep 1,Oct 31
528,Moose,Antlered (General),Nov 1,Nov 30
529,Moose,Antlered (Archery),Aug 25,Aug 31
529,Moose,Antlered (General),Sep 1,Oct 31
529,Moose,Antlered (General),Nov 1,Nov 30
530,Moose,Antlered (Archery),Aug 25,Aug 31
530,Moose,Antlered (General),Sep 1,Oct 31
530,Moose,Antlered (General),Nov 1,Nov 30
536,Moose,Antlered (Archery),Aug 25,Aug 31
536,Moose,Antlered (General),Sep 1,Oct 31
536,Moose,Antlered (General),Nov 1,Nov 30
541,Moose,Antlered (Archery),Aug 25,Aug 31
541,Moose,Antlered (General),Sep 1,Oct 31
541,Moose,Antlered (General),Nov 1,Nov 30
542,Moose,Antlered (Archery),Aug 25,Aug 31
542,Moose,Antlered (General),Sep 1,Oct 31
542,Moose,Antlered (General),Nov 1,Nov 30
544,Moose,Antlered (Archery),Aug 25,Aug 31
544,Moose,Antlered (General),Sep 1,Oct 31
544,Moose,Antlered (General),Nov 1,Nov 30
505,Moose,Antlered (Archery),Sep 1,Oct 31
505,Moose,Antlered (General),Nov 1,Nov 30
510,Moose,Antlered (Archery),Sep 1,Oct 31
510,Moose,Antlered (General),Nov 1,Nov 30
531,Moose,Antlered (Archery),Aug 25,Aug 31
531,Moose,Antlered (General),Sep 1,N301
532,Moose,Antlered (Archery),Aug 25,Aug 31
532,Moose,Antlered (General),Sep 1,N301
534,Moose,Antlered (Archery),Aug 25,Aug 31
534,Moose,Antlered (General),Sep 1,N301
539,Moose,Antlered (Archery),Aug 25,Aug 31
539,Moose,Antlered (General),Sep 1,N301
540,Moose,Antlered (Archery),Aug 25,Aug 31
540,Moose,Antlered (General),Sep 1,N301
505,Moose,Antlerless (calf only) (Archery),Sep 1,Oct 31
505,Moose,Antlerless (calf only) (General),Nov 1,Nov 30
510,Moose,Antlerless (calf only) (Archery),Sep 1,Oct 31
510,Moose,Antlerless (calf only) (General),Nov 1,Nov 30
521,Moose,Antlerless (calf only) (Archery),Aug 25,Sep 23
521,Moose,Antlerless (calf only) (General),Nov 1,Nov 30
522,Moose,Antlerless (calf only) (Archery),Aug 25,Sep 23
522,Moose,Antlerless (calf only) (General),Nov 1,Nov 30
523,Moose,Antlerless (calf only) (Archery),Aug 25,Sep 23
523,Moose,Antlerless (calf only) (General),Nov 1,Nov 30
526,Moose,Antlerless (calf only) (Archery),Aug 25,Sep 23
526,Moose,Antlerless (calf only) (General),Nov 1,Nov 30
527,Moose,Antlerless (calf only) (Archery),Aug 25,Sep 23
527,Moose,Antlerless (calf only) (General),Nov 1,Nov 30
509,Elk,Antlered (6-point or larger)2 (Archery),Sep 1,Oct 31
509,Elk,Antlered (6-point or larger)2 (General),Nov 1,Nov 30
500,Elk,Antlered (3-point or larger)2 (Archery),Sep 1,Oct 31
500,Elk,Antlered (3-point or larger)2 (General),Nov 1,Nov 30
501,Elk,Antlered (3-point or larger)2 (Archery),Sep 1,Oct 31
501,Elk,Antlered (3-point or larger)2 (General),Nov 1,Nov 30
502,Elk,Antlered (3-point or larger)2 (Archery),Sep 1,Oct 31
502,Elk,Antlered (3-point or larger)2 (General),Nov 1,Nov 30
503,Elk,Antlered (3-point or larger)2 (Archery),Sep 1,Oct 31
503,Elk,Antlered (3-point or larger)2 (General),Nov 1,Nov 30
504,Elk,Antlered (3-point or larger)2 (Archery),Sep 1,Oct 31
504,Elk,Antlered (3-point or larger)2 (General),Nov 1,Nov 30
505,Elk,Antlered (3-point or larger)2 (Archery),Sep 1,Oct 31
505,Elk,Antlered (3-point or larger)2 (General),Nov 1,Nov 30
506,Elk,Antlered (3-point or larger)2 (Archery),Sep 1,Oct 31
506,Elk,Antlered (3-point or larger)2 (General),Nov 1,Nov 30
507,Elk,Antlered (3-point or larger)2 (Archery),Sep 1,Oct 31
507,Elk,Antlered (3-point or larger)2 (General),Nov 1,Nov 30
508,Elk,Antlered (3-point or larger)2 (Archery),Sep 1,Oct 31
508,Elk,Antlered (3-point or larger)2 (General),Nov 1,Nov 30
510,Elk,Antlered (3-point or larger)2 (Archery),Sep 1,Oct 31
510,Elk,Antlered (3-point or larger)2 (General),Nov 1,Nov 30
511,Elk,Antlered (3-point or larger)2 (Archery),Sep 1,Oct 31
511,Elk,Antlered (3-point or larger)2 (General),Nov 1,Nov 30
514,Elk,Antlered (3-point or larger)2 (Archery),Sep 1,Oct 31
514,Elk,Antlered (3-point or larger)2 (General),Nov 1,Nov 30
512,Elk,Antlered (3-point or larger)2 (Archery),Sep 1,Oct 31
515,Elk,Antlered (3-point or larger)2 (Archery),Sep 1,Oct 31
516,Elk,Antlered (3-point or larger)2 (Archery),Sep 1,Oct 31
517,Elk,Antlered (3-point or larger)2 (Archery),Sep 1,Oct 31
518,Elk,Antlered (3-point or larger)2 (Archery),Sep 1,Oct 31
519,Elk,Antlered (3-point or larger)2 (Archery),Sep 1,Oct 31
520,Elk,Antlered (3-point or larger)2 (Archery),Aug 25,Sep 16
520,Elk,Antlered (3-point or larger)2 (General),Sep 17,Nov 30
521,Elk,Antlered (3-point or larger)2 (Archery),Aug 25,Sep 16
521,Elk,Antlered (3-point or larger)2 (General),Sep 17,Nov 30
522,Elk,Antlered (3-point or larger)2 (Archery),Aug 25,Sep 16
522,Elk,Antlered (3-point or larger)2 (General),Sep 17,Nov 30
523,Elk,Antlered (3-point or larger)2 (Archery),Aug 25,Sep 16
523,Elk,Antlered (3-point or larger)2 (General),Sep 17,Nov 30
524,Elk,Antlered (3-point or larger)2 (Archery),Aug 25,Sep 16
524,Elk,Antlered (3-point or larger)2 (General),Sep 17,Nov 30
525,Elk,Antlered (3-point or larger)2 (Archery),Aug 25,Sep 16
525,Elk,Antlered (3-point or larger)2 (General),Sep 17,Nov 30
526,Elk,Antlered (3-point or larger)2 (Archery),Aug 25,Sep 16
526,Elk,Antlered (3-point or larger)2 (General),Sep 17,Nov 30
527,Elk,Antlered (3-point or larger)2 (Archery),Aug 25,Sep 16
527,Elk,Antlered (3-point or larger)2 (General),Sep 17,Nov 30
528,Elk,Antlered (3-point or larger)2 (Archery),Aug 25,Sep 16
528,Elk,Antlered (3-point or larger)2 (General),Sep 17,Nov 30
535,Elk,Antlered (3-point or larger)2 (Archery),Aug 25,Sep 16
535,Elk,Antlered (3-point or larger)2 (General),Sep 17,Nov 30
537,Elk,Antlered (3-point or larger)2 (Archery),Aug 25,Sep 16
537,Elk,Antlered (3-point or larger)2 (General),Sep 17,Nov 30
540,Elk,Antlered (3-point or larger)2 (Archery),Aug 25,Sep 16
540,Elk,Antlered (3-point or larger)2 (General),Sep 17,Nov 30
544,Elk,Antlered (3-point or larger)2 (Archery),Aug 25,Sep 16
544,Elk,Antlered (3-point or larger)2 (General),Sep 17,Nov 30
841,Elk,Antlered (3-point or larger)2 (Archery),Sep 17,Nov 30
520,Elk,Antlerless (Archery),Aug 25,Sep 16
520,Elk,Antlerless (General),Sep 17,Oct 31
520,Elk,Antlerless (General),Nov 1,Dec 20
520,Elk,Antlerless (General),Dec 21,"Jan 31, 2027"
520,Elk,Antlerless (General),Feb 1,"Feb 28, 2027"
521,Elk,Antlerless (Archery),Aug 25,Sep 16
521,Elk,Antlerless (General),Sep 17,Oct 31
521,Elk,Antlerless (General),Nov 1,Dec 20
521,Elk,Antlerless (General),Dec 21,"Jan 31, 2027"
521,Elk,Antlerless (General),Feb 1,"Feb 28, 2027"
522,Elk,Antlerless (Archery),Aug 25,Sep 16
522,Elk,Antlerless (General),Sep 17,Oct 31
522,Elk,Antlerless (General),Nov 1,Dec 20
522,Elk,Antlerless (General),Dec 21,"Jan 31, 2027"
522,Elk,Antlerless (General),Feb 1,"Feb 28, 2027"
523,Elk,Antlerless (Archery),Aug 25,Sep 16
523,Elk,Antlerless (General),Sep 17,Oct 31
523,Elk,Antlerless (General),Nov 1,Dec 20
523,Elk,Antlerless (General),Dec 21,"Jan 31, 2027"
523,Elk,Antlerless (General),Feb 1,"Feb 28, 2027"
526,Elk,Antlerless (Archery),Aug 25,Sep 16
526,Elk,Antlerless (General),Sep 17,Oct 31
526,Elk,Antlerless (General),Nov 1,Dec 20
526,Elk,Antlerless (General),Dec 21,"Jan 31, 2027"
526,Elk,Antlerless (General),Feb 1,"Feb 28, 2027"
527,Elk,Antlerless (Archery),Aug 25,Sep 16
527,Elk,Antlerless (General),Sep 17,Oct 31
527,Elk,Antlerless (General),Nov 1,Dec 20
527,Elk,Antlerless (General),Dec 21,"Jan 31, 2027"
527,Elk,Antlerless (General),Feb 1,"Feb 28, 2027"
528,Elk,Antlerless (Archery),Aug 25,Sep 16
528,Elk,Antlerless (General),Sep 17,Oct 31
528,Elk,Antlerless (General),Nov 1,Dec 20
528,Elk,Antlerless (General),Dec 21,"Jan 31, 2027"
528,Elk,Antlerless (General),Feb 1,"Feb 28, 2027"
535,Elk,Antlerless (Archery),Aug 25,Sep 16
535,Elk,Antlerless (General),Sep 17,Oct 31
535,Elk,Antlerless (General),Nov 1,Dec 20
535,Elk,Antlerless (General),Dec 21,"Jan 31, 2027"
535,Elk,Antlerless (General),Feb 1,"Feb 28, 2027"
537,Elk,Antlerless (Archery),Aug 25,Sep 16
537,Elk,Antlerless (General),Sep 17,Oct 31
537,Elk,Antlerless (General),Nov 1,Dec 20
537,Elk,Antlerless (General),Dec 21,"Jan 31, 2027"
537,Elk,Antlerless (General),Feb 1,"Feb 28, 2027"
544,Elk,Antlerless (Archery),Aug 25,Sep 16
544,Elk,Antlerless (General),Sep 17,Oct 31
544,Elk,Antlerless (General),Nov 1,Dec 20
544,Elk,Antlerless (General),Dec 21,"Jan 31, 2027"
544,Elk,Antlerless (General),Feb 1,"Feb 28, 2027"
503,Elk,Antlerless (Archery),Sep 1,Oct 31
503,Elk,Antlerless (General),Nov 1,Dec 20
503,Elk,Antlerless (General),Dec 21,"Jan 31, 2027"
503,Elk,Antlerless (General),Feb 1,"Feb 28, 2027"
500,Elk,Antlerless (Archery),Sep 1,Oct 31
500,Elk,Antlerless (General),Nov 1,Dec 20
500,Elk,Antlerless (General),Dec 21,"Jan 31, 2027"
501,Elk,Antlerless (Archery),Sep 1,Oct 31
501,Elk,Antlerless (General),Nov 1,Dec 20
501,Elk,Antlerless (General),Dec 21,"Jan 31, 2027"
502,Elk,Antlerless (Archery),Sep 1,Oct 31
502,Elk,Antlerless (General),Nov 1,Dec 20
502,Elk,Antlerless (General),Dec 21,"Jan 31, 2027"
507,Elk,Antlerless (Archery),Sep 1,Oct 31
507,Elk,Antlerless (General),Nov 1,Dec 20
507,Elk,Antlerless (General),Dec 21,"Jan 31, 2027"
508,Elk,Antlerless (Archery),Sep 1,Oct 31
508,Elk,Antlerless (General),Nov 1,Dec 20
508,Elk,Antlerless (General),Dec 21,"Jan 31, 2027"
511,Elk,Antlerless (Archery),Sep 1,Oct 31
511,Elk,Antlerless (General),Nov 1,Dec 20
511,Elk,Antlerless (General),Dec 21,"Jan 31, 2027"
514,Elk,Antlerless (Archery),Sep 1,Oct 31
514,Elk,Antlerless (General),Nov 1,Dec 20
514,Elk,Antlerless (General),Dec 21,"Jan 31, 2027"
504,Elk,Antlerless (Archery),Sep 1,Oct 31
504,Elk,Antlerless (General),Nov 1,Dec 20
504,Elk,Antlerless (General),Dec 21,"Jan 31, 2027"
504,Elk,Antlerless (General),Feb 1,"Feb 28, 2027"
505,Elk,Antlerless (Archery),Sep 1,Oct 31
505,Elk,Antlerless (General),Nov 1,Dec 20
505,Elk,Antlerless (General),Dec 21,"Jan 31, 2027"
505,Elk,Antlerless (General),Feb 1,"Feb 28, 2027"
506,Elk,Antlerless (Archery),Sep 1,Oct 31
506,Elk,Antlerless (General),Nov 1,Dec 20
506,Elk,Antlerless (General),Dec 21,"Jan 31, 2027"
506,Elk,Antlerless (General),Feb 1,"Feb 28, 2027"
509,Elk,Antlerless (Archery),Sep 1,Oct 31
509,Elk,Antlerless (General),Nov 1,Dec 20
509,Elk,Antlerless (General),Dec 21,"Jan 31, 2027"
509,Elk,Antlerless (General),Feb 1,"Feb 28, 2027"
510,Elk,Antlerless (Archery),Sep 1,Oct 31
510,Elk,Antlerless (General),Nov 1,Dec 20
510,Elk,Antlerless (General),Dec 21,"Jan 31, 2027"
510,Elk,Antlerless (General),Feb 1,"Feb 28, 2027"
