{
"type": "FeatureCollection",
"name": "DND Military Bases",
"crs": { "type": "name", "properties": { "name": "urn:ogc:def:crs:OGC:1.3:CRS84" } },
"features": [
{ "type": "Feature", "properties": { "OBJECTID": 1, "AWR_NAME": "Cold Lake Air Weapons Range", "SHAPE.STArea()": 5394933451.0398645, "SHAPE.STLength()": 307553.98979374405, "MB_NAME": null, "GlobalID": null, "layer": "DND Air Weapons Range 1:433,342 to 1:27,084", "path": "url='https://geospatial.alberta.ca/titan/rest/services/boundary/military_base_and_training_ground/MapServer/6'" }, "geometry": { "type": "MultiPolygon", "coordinates": [ [ [ [ -110.005751438202438, 55.373010876868804 ], [ -110.005750385217411, 55.365786703959451 ], [ -110.005749344187635, 55.358562508721313 ], [ -110.005748279260686, 55.351338312190101 ], [ -110.005747163421006, 55.34393341924941 ], [ -110.005746050760337, 55.33670920387727 ], [ -110.005744947102116, 55.329484966806284 ], [ -110.005743822914908, 55.322260713938952 ], [ -110.005742645451051, 55.314855770123657 ], [ -110.005741506887901, 55.307631497076592 ], [ -110.005740311142148, 55.300407211466684 ], [ -110.005739122915159, 55.293182913244536 ], [ -110.005737967091392, 55.286245711595356 ], [ -110.005741956719589, 55.27855335464551 ], [ -110.00574569008208, 55.271328790939272 ], [ -110.005749404568178, 55.264104209077033 ], [ -110.005753174811872, 55.256698929548662 ], [ -110.005756846297672, 55.249474329427059 ], [ -110.005760434733276, 55.24224961322728 ], [ -110.005763991784931, 55.235024903558504 ], [ -110.005767614200394, 55.227619478816216 ], [ -110.005771164919992, 55.22039474306343 ], [ -110.005774657512177, 55.213170001040808 ], [ -110.005778176115726, 55.205945247198549 ], [ -110.005781748163187, 55.198539795585546 ], [ -110.005781653189501, 55.19131388011612 ], [ -110.005781525861138, 55.184087951302679 ], [ -110.00578138585044, 55.176862015353301 ], [ -110.005781241010155, 55.169455403303601 ], [ -110.005781079529584, 55.162229428976772 ], [ -110.005780850572165, 55.1550034681607 ], [ -110.005780655293307, 55.147777481406742 ], [ -110.005780410266908, 55.140370829963011 ], [ -110.005780169390434, 55.133144836150365 ], [ -110.005779907876061, 55.125918823169997 ], [ -110.005779634966018, 55.118692830108529 ], [ -110.005779347887028, 55.111466803741592 ], [ -110.005779331954969, 55.111286127040692 ], [ -110.00577889634954, 55.104059933069585 ], [ -110.005778461982331, 55.096833746031876 ], [ -110.00577802662157, 55.089607533429515 ], [ -110.005777528377607, 55.082200662525317 ], [ -110.005777024227072, 55.074974456407425 ], [ -110.00577651503275, 55.067748256963526 ], [ -110.005775978943802, 55.060522050692541 ], [ -110.005775407941158, 55.05311514191304 ], [ -110.005774859102331, 55.045888903817243 ], [ -110.005771136107839, 55.038655103925109 ], [ -110.005768413844066, 55.0314323692727 ], [ -110.005773551528165, 55.024025498404619 ], [ -110.005771822765738, 55.016798744140033 ], [ -110.005770068369884, 55.009571950682123 ], [ -110.005768313145211, 55.002345157758555 ], [ -110.00576624727897, 54.994937484615065 ], [ -110.005764079872776, 54.987710443842488 ], [ -110.005761911856226, 54.980483364902128 ], [ -110.005759718065761, 54.973256311571014 ], [ -110.005757472759441, 54.965848521877739 ], [ -110.005755234260477, 54.958621436275202 ], [ -110.005753008337308, 54.951394344552881 ], [ -110.005750781745576, 54.944167239864129 ], [ -110.00574844715554, 54.936759424176913 ], [ -110.0057479768397, 54.929531177647362 ], [ -110.005745078793055, 54.92230550434148 ], [ -110.005744540527161, 54.915080732276216 ], [ -110.005744154141823, 54.907675352554236 ], [ -110.005743771118333, 54.900450658283539 ], [ -110.005743366346366, 54.893225963695521 ], [ -110.005742949923047, 54.886001250301916 ], [ -110.00574249304573, 54.878595831915064 ], [ -110.005742064745476, 54.871371098430593 ], [ -110.00574157008495, 54.864146371790085 ], [ -110.005741102787994, 54.856921626150438 ], [ -110.005740606591729, 54.84951616857699 ], [ -110.005740073470534, 54.842291397018485 ], [ -110.005739547385573, 54.835066631727422 ], [ -110.005739224056626, 54.827841998647067 ], [ -110.005738922782086, 54.820436730824852 ], [ -110.005738628571578, 54.813212146550967 ], [ -110.005738322668606, 54.805987556068651 ], [ -110.005738009051484, 54.798762952340333 ], [ -110.005737657409597, 54.791357633162839 ], [ -110.005737297476003, 54.784132997112842 ], [ -110.005736932796637, 54.776908374043515 ], [ -110.00573652839384, 54.769683731904827 ], [ -110.005737459998485, 54.762457851030781 ], [ -110.0057374870497, 54.762277161783601 ], [ -110.005731954727125, 54.755046570398811 ], [ -110.005716344614015, 54.747811131213922 ], [ -110.018171016907729, 54.747846537413977 ], [ -110.030625757551547, 54.747880640064594 ], [ -110.030938132186463, 54.74788147985997 ], [ -110.030921119539471, 54.740647611993126 ], [ -110.043368634770246, 54.740658045464663 ], [ -110.055814375922338, 54.740667201599706 ], [ -110.055812065860167, 54.747899576738767 ], [ -110.056124439673781, 54.747899771599769 ], [ -110.068577193728913, 54.747890507624163 ], [ -110.081029953491623, 54.747879951893069 ], [ -110.081076393797474, 54.755102970434855 ], [ -110.081120125633959, 54.762294749599938 ], [ -110.081121455928681, 54.762522476596878 ], [ -110.081537030534406, 54.762522453938949 ], [ -110.082005745375, 54.762522424050289 ], [ -110.094561225048977, 54.762521144023367 ], [ -110.106960548538623, 54.762518640853187 ], [ -110.107429264063498, 54.762518523659899 ], [ -110.119984813783446, 54.76251463895975 ], [ -110.132384174538231, 54.76250952259268 ], [ -110.132852897192365, 54.762509307884088 ], [ -110.145408484814965, 54.762480494829127 ], [ -110.157964073379233, 54.76245037196059 ], [ -110.158276556194323, 54.762449609902788 ], [ -110.170840191469182, 54.762479608011731 ], [ -110.183247620790084, 54.762507921239781 ], [ -110.183716336858808, 54.762508969237864 ], [ -110.196279998338397, 54.762514016646463 ], [ -110.208687453122238, 54.762517691904691 ], [ -110.209156161994713, 54.762517810966756 ], [ -110.221719869106096, 54.762520226548673 ], [ -110.234127343244523, 54.762521319941705 ], [ -110.234596052315467, 54.762521335760411 ], [ -110.247159779070373, 54.762521093454687 ], [ -110.259567158291674, 54.762519417734829 ], [ -110.260035876021504, 54.762519327885251 ], [ -110.272599455888297, 54.762516207625012 ], [ -110.285006820114447, 54.762511856828937 ], [ -110.28547553926569, 54.762511663798101 ], [ -110.298039176002078, 54.762483614776976 ], [ -110.310602786210467, 54.762454261616995 ], [ -110.310915272045705, 54.762453516030078 ], [ -110.323487146495111, 54.762483111183613 ], [ -110.335902813233815, 54.762511096656212 ], [ -110.336371525833954, 54.76251213446367 ], [ -110.34894331391682, 54.762516877113235 ], [ -110.361358886112711, 54.762520271764572 ], [ -110.361827606982004, 54.762520379458465 ], [ -110.374399402436453, 54.76252247714207 ], [ -110.386814993887057, 54.762523271095979 ], [ -110.387283716186616, 54.762523276457365 ], [ -110.399855536085127, 54.762522748006056 ], [ -110.412271130836146, 54.762520936329693 ], [ -110.41273984294962, 54.762520844324783 ], [ -110.425311806666556, 54.762517722810813 ], [ -110.437727597575616, 54.762513375716317 ], [ -110.438196317641271, 54.762513185943142 ], [ -110.450604128695602, 54.76249541228951 ], [ -110.463011926633285, 54.762476392748063 ], [ -110.463324412970721, 54.762475900979545 ], [ -110.463634161896792, 54.762476447922602 ], [ -110.476021581502067, 54.76249767486123 ], [ -110.488562560354453, 54.762517907483044 ], [ -110.489031281508034, 54.762518640091294 ], [ -110.501564240935011, 54.762525744394409 ], [ -110.513940938432398, 54.762531387323797 ], [ -110.5144096601272, 54.762531579084317 ], [ -110.526942572070197, 54.762535950797222 ], [ -110.539319275414641, 54.762539006678978 ], [ -110.539787997080566, 54.762539094580255 ], [ -110.55232095497287, 54.76254083359926 ], [ -110.564697651395633, 54.762541296743159 ], [ -110.565166372085869, 54.762541287957028 ], [ -110.577699343199441, 54.762540413948855 ], [ -110.590076014732006, 54.76253826362845 ], [ -110.590544727309435, 54.762538152321632 ], [ -110.603077565207116, 54.762512251328445 ], [ -110.615610387944585, 54.76248504115874 ], [ -110.615922870291698, 54.762484349743339 ], [ -110.62848183539063, 54.762512862245174 ], [ -110.640884612780269, 54.762539729906607 ], [ -110.641353320249593, 54.762540721713357 ], [ -110.653912304519494, 54.762544297869674 ], [ -110.666315083863111, 54.762546546128114 ], [ -110.666783789471239, 54.762546602949257 ], [ -110.679342875417447, 54.762547598899829 ], [ -110.691745778041962, 54.762547291999354 ], [ -110.692214487757397, 54.762547250409845 ], [ -110.704773613693774, 54.762545607628134 ], [ -110.717176514722055, 54.762542714166713 ], [ -110.717645223926112, 54.762542582930685 ], [ -110.730204350634025, 54.762538294792165 ], [ -110.742607258509125, 54.762532814342485 ], [ -110.743075968567084, 54.762532579116531 ], [ -110.755635145285808, 54.762503350696704 ], [ -110.768199822583227, 54.762468459133608 ], [ -110.768512301851345, 54.762467572826417 ], [ -110.78105397349951, 54.762499113554313 ], [ -110.7934448928074, 54.762524571146535 ], [ -110.793913595560269, 54.762525510443943 ], [ -110.806460718731756, 54.762530153817323 ], [ -110.8188516374518, 54.762533457341789 ], [ -110.819320340047312, 54.762533556632668 ], [ -110.831867500799802, 54.762535562147114 ], [ -110.844258331495055, 54.762536205850694 ], [ -110.844727042727328, 54.762536203652907 ], [ -110.857288435495221, 54.762535534702025 ], [ -110.869693590174606, 54.76253357646609 ], [ -110.870162303073187, 54.762533477505414 ], [ -110.882723695870794, 54.762530163814098 ], [ -110.895128843551205, 54.76252561155097 ], [ -110.895597556413122, 54.762525415775293 ], [ -110.908158935155839, 54.762519463336147 ], [ -110.920564039376643, 54.762512304518083 ], [ -110.921032753628467, 54.76251201366685 ], [ -110.933589810683003, 54.762518993415654 ], [ -110.945990622772172, 54.762524630914747 ], [ -110.946459337146464, 54.762524817364543 ], [ -110.959016373867954, 54.762529429032561 ], [ -110.971417192362551, 54.762532692693433 ], [ -110.971885905724335, 54.762532794933072 ], [ -110.984442962072862, 54.76253478717679 ], [ -110.996843773871234, 54.762535457175112 ], [ -110.997312488034652, 54.762535455475785 ], [ -111.009860462288032, 54.762534872536293 ], [ -111.022252215398865, 54.762533042281355 ], [ -111.022720929233827, 54.762532943505406 ], [ -111.035268927080409, 54.762529745026583 ], [ -111.047660661005764, 54.762525321190019 ], [ -111.04812937547436, 54.7625251329479 ], [ -111.060677379608961, 54.762497702287881 ], [ -111.07322532633944, 54.762468974308085 ], [ -111.073537809338234, 54.76246824393192 ], [ -111.086105606928754, 54.762497657170996 ], [ -111.098517283586872, 54.762525454137965 ], [ -111.098986004865665, 54.762526484983852 ], [ -111.11155393890698, 54.762531248140029 ], [ -111.123965594459008, 54.762534683934042 ], [ -111.124434315168543, 54.762534784767766 ], [ -111.13700223000599, 54.762536909838339 ], [ -111.149413925990785, 54.762537746010068 ], [ -111.149882646622103, 54.762537750012321 ], [ -111.162439961234128, 54.762537236671143 ], [ -111.174841030613976, 54.762535422203015 ], [ -111.175309747396469, 54.762535331083491 ], [ -111.187867027418704, 54.762532138090407 ], [ -111.200268067671232, 54.762527699923787 ], [ -111.200736784065739, 54.762527512058654 ], [ -111.213294051173051, 54.762521698725074 ], [ -111.225695092400997, 54.762514653778176 ], [ -111.226163807289225, 54.762514362840641 ], [ -111.238721333583058, 54.762507763243981 ], [ -111.251122635031763, 54.762499964442632 ], [ -111.25159135028612, 54.762499640850926 ], [ -111.264148778877143, 54.762504459244035 ], [ -111.276550000162743, 54.762507955636558 ], [ -111.277018709929152, 54.762508064162581 ], [ -111.289576151042823, 54.762510237904081 ], [ -111.301977360633728, 54.762511127211717 ], [ -111.30197684578151, 54.769654739337426 ], [ -111.301976311191552, 54.776882577148584 ], [ -111.301975789523567, 54.784110389585237 ], [ -111.301975288793713, 54.791338208380601 ], [ -111.301975267380243, 54.791609247976282 ], [ -111.301974778693094, 54.798746698693662 ], [ -111.301974264650823, 54.805974505005466 ], [ -111.301973767758184, 54.813202291471349 ], [ -111.301973285502456, 54.820430051717345 ], [ -111.30197326444997, 54.820701091457742 ], [ -111.301972776140929, 54.827838510320774 ], [ -111.301972247510705, 54.835066278014239 ], [ -111.301971595762353, 54.842294125965672 ], [ -111.301970931488214, 54.849521954968289 ], [ -111.301970908568123, 54.849792988666628 ], [ -111.301970264615534, 54.856930429606976 ], [ -111.301969613864799, 54.864158226261203 ], [ -111.301968948654704, 54.871385991313986 ], [ -111.301968309840234, 54.878613755699988 ], [ -111.301968287373299, 54.878884788646822 ], [ -111.30196765739133, 54.886022204462193 ], [ -111.301967037287781, 54.893249949256521 ], [ -111.301966398248453, 54.900477694702637 ], [ -111.301965773391316, 54.90770542021842 ], [ -111.301965751302845, 54.90797645331137 ], [ -111.30196513886581, 54.91511382432509 ], [ -111.301964921533369, 54.922341596800564 ], [ -111.301964782685587, 54.929569387811995 ], [ -111.301964676946412, 54.936797159468355 ], [ -111.301964668236536, 54.936977850721121 ], [ -111.301964569874997, 54.944205629101823 ], [ -111.301964463482889, 54.951433394072467 ], [ -111.301964364079438, 54.958661152388416 ], [ -111.301964271018775, 54.965888911227644 ], [ -111.30196426168169, 54.966159937558103 ], [ -111.301964182265493, 54.973297361409948 ], [ -111.301964076021576, 54.980525080798259 ], [ -111.301964028446534, 54.987752827494013 ], [ -111.301963928414963, 54.994980534240185 ], [ -111.301963925741987, 54.995251560908507 ], [ -111.30196385858072, 54.999998195938922 ], [ -111.301963837651471, 55.002388947798536 ], [ -111.301963721268351, 55.009616747854047 ], [ -111.301963577779105, 55.016844521328693 ], [ -111.301963465702613, 55.02407226190671 ], [ -111.301963452142061, 55.024343288829101 ], [ -111.301963320930014, 55.031480771455044 ], [ -111.301963203105387, 55.038708596967432 ], [ -111.301963098323384, 55.045936402520077 ], [ -111.301963000589254, 55.053164202325299 ], [ -111.301962998801031, 55.053435242336334 ], [ -111.3019628751873, 55.060572686179988 ], [ -111.301962803454558, 55.067800465730762 ], [ -111.30196271684521, 55.075028239768365 ], [ -111.301962619638928, 55.082256012921647 ], [ -111.301962624313632, 55.082527038870708 ], [ -111.301962707751386, 55.089664291447647 ], [ -111.30196283388463, 55.096891854231892 ], [ -111.301962961323483, 55.104119390404691 ], [ -111.301963060679142, 55.111547591576041 ], [ -111.301963062983461, 55.111817932129135 ], [ -111.31391173671048, 55.111818363629347 ], [ -111.313911669492001, 55.119246547970583 ], [ -111.313911604947805, 55.126474028495068 ], [ -111.313911526454703, 55.133701496320207 ], [ -111.313911460550571, 55.140928970242747 ], [ -111.313911458751875, 55.1411999969391 ], [ -111.313911419944077, 55.148337115830145 ], [ -111.313911366934178, 55.155564583457128 ], [ -111.313911334825193, 55.162792018750324 ], [ -111.313911193538402, 55.170019385108205 ], [ -111.313911179471305, 55.170290403983479 ], [ -111.313910926425052, 55.177427346603537 ], [ -111.313910698328343, 55.184654643261908 ], [ -111.31391047602304, 55.191881900834957 ], [ -111.313910235981183, 55.199109152796908 ], [ -111.313910233382401, 55.199380172152885 ], [ -111.313910018654312, 55.206517048982263 ], [ -111.313909797690513, 55.213744262459386 ], [ -111.313909595762865, 55.220971481335255 ], [ -111.313909393742406, 55.228198674444435 ], [ -111.313909385370579, 55.228469693759664 ], [ -111.313909183408754, 55.235606545414853 ], [ -111.313908994634062, 55.242833713360604 ], [ -111.313908792722614, 55.250060899881426 ], [ -111.313908707054679, 55.257287956692785 ], [ -111.313908707635733, 55.257558975342555 ], [ -111.31390863324377, 55.264695697050385 ], [ -111.313908573445374, 55.271922747075507 ], [ -111.313908499758668, 55.279149785313955 ], [ -111.313908444715736, 55.286376783962019 ], [ -111.31390846460009, 55.286557460742841 ], [ -111.313909217104452, 55.293789272628551 ], [ -111.313909976395166, 55.301021090435604 ], [ -111.313910740600662, 55.308252883521121 ], [ -111.313911519162659, 55.315484669263441 ], [ -111.313911551449237, 55.315755681042972 ], [ -111.313911981308124, 55.319658009881479 ], [ -111.3133101225052, 55.320282382162773 ], [ -111.311659229967702, 55.321708256494503 ], [ -111.309182312133146, 55.323799641484996 ], [ -111.307137444031753, 55.325368622554429 ], [ -111.304536108666213, 55.327554999816407 ], [ -111.30337934645901, 55.328458257478268 ], [ -111.301227234021454, 55.329648290252287 ], [ -111.300177954550918, 55.330128629410346 ], [ -111.28874721878698, 55.330127234774515 ], [ -111.288271832356756, 55.33012715541058 ], [ -111.275768105610155, 55.330124359311483 ], [ -111.263105930662235, 55.330120220691988 ], [ -111.262630542834899, 55.330120038558377 ], [ -111.250126854896692, 55.33011462344944 ], [ -111.237464660488214, 55.330107819015531 ], [ -111.237147732987552, 55.330107523807847 ], [ -111.224493710310654, 55.330094894302377 ], [ -111.211839662123893, 55.330080975010084 ], [ -111.211364277204396, 55.330081138776045 ], [ -111.198868647771107, 55.33008483729725 ], [ -111.18621456736571, 55.330087278865747 ], [ -111.185739181802234, 55.33008734624083 ], [ -111.173243502484453, 55.330088419032343 ], [ -111.160589401366039, 55.330088203639356 ], [ -111.160114016504764, 55.330088166590677 ], [ -111.147618868476755, 55.330086634353513 ], [ -111.134965283879367, 55.330083787018594 ], [ -111.134489892308906, 55.330083654277772 ], [ -111.121994757047815, 55.330079490057706 ], [ -111.109341159807244, 55.330073952239793 ], [ -111.108865773806684, 55.330073761076477 ], [ -111.096370652501562, 55.330067989501394 ], [ -111.083717055360978, 55.33006080688935 ], [ -111.083241669169325, 55.330061286832432 ], [ -111.070712428197737, 55.330073112236235 ], [ -111.058024742739718, 55.330083763653093 ], [ -111.057549356960436, 55.330083940310551 ], [ -111.045038870571105, 55.330087985036307 ], [ -111.03236993188662, 55.330090765592097 ], [ -111.031894547196984, 55.330090845774862 ], [ -111.019384085444344, 55.330092270241458 ], [ -111.006715128964814, 55.33009240020219 ], [ -111.00623974403743, 55.330092382961325 ], [ -110.993735528834449, 55.330091174842451 ], [ -110.981072799180836, 55.330088663935754 ], [ -110.980597412227951, 55.330088543339258 ], [ -110.968093158646198, 55.330084734467107 ], [ -110.955430467903483, 55.33007956541018 ], [ -110.95495508167231, 55.330079186403225 ], [ -110.942450873953177, 55.330068448490124 ], [ -110.929788183774704, 55.330056253318453 ], [ -110.929312796515418, 55.330056513787149 ], [ -110.916809505006213, 55.330062698631764 ], [ -110.904147733756503, 55.330067644819884 ], [ -110.903672348377086, 55.330067801119611 ], [ -110.891169015418384, 55.330071340442728 ], [ -110.878507243605853, 55.330073609224819 ], [ -110.878031859508894, 55.330073669088542 ], [ -110.865528538450107, 55.330074581962101 ], [ -110.852866766494486, 55.330074205744374 ], [ -110.852391382262255, 55.330074169118113 ], [ -110.839888093681921, 55.330072449781284 ], [ -110.827226275605085, 55.330069416961408 ], [ -110.826750889999133, 55.330069276740936 ], [ -110.81424756200056, 55.330064922733065 ], [ -110.801585807113995, 55.330059219916144 ], [ -110.801110421629232, 55.330058834733258 ], [ -110.788607104195748, 55.330048048426129 ], [ -110.775945350064148, 55.330035823695262 ], [ -110.77546996458392, 55.330036102350263 ], [ -110.762943816187729, 55.330042877518757 ], [ -110.75025921065459, 55.330048432930369 ], [ -110.749783824859307, 55.330048615751103 ], [ -110.737257654826394, 55.330052742457177 ], [ -110.724573014644449, 55.33005562529717 ], [ -110.724097623285957, 55.330055703984172 ], [ -110.711571472936697, 55.330057179070408 ], [ -110.698886833316635, 55.330057384202043 ], [ -110.698411448266825, 55.330057366421464 ], [ -110.685885303406792, 55.33005622881354 ], [ -110.673200696345504, 55.330053762592897 ], [ -110.67272531058272, 55.330053641792809 ], [ -110.66019917620082, 55.330049872736303 ], [ -110.647514581915345, 55.330044781570322 ], [ -110.647039195497953, 55.330044614951014 ], [ -110.634513033695413, 55.330039555880326 ], [ -110.621828464481268, 55.330033148904491 ], [ -110.621353070437877, 55.330033472927219 ], [ -110.608815728777088, 55.330041401581902 ], [ -110.596119935006627, 55.330048110640419 ], [ -110.595644547868872, 55.330048330924726 ], [ -110.583107579123222, 55.330053555466662 ], [ -110.570412127777288, 55.330057483348249 ], [ -110.569936740649027, 55.330057600775334 ], [ -110.55739971431484, 55.330060121396556 ], [ -110.544704264321012, 55.330061365501528 ], [ -110.544228869476584, 55.330061385848538 ], [ -110.53169200549317, 55.330061288052448 ], [ -110.518996678295593, 55.330059873371411 ], [ -110.518521290749035, 55.330059790881428 ], [ -110.505984425773633, 55.330057020867308 ], [ -110.493289118385945, 55.33005293536899 ], [ -110.492813729965505, 55.33005291076082 ], [ -110.480276878929217, 55.330051552947268 ], [ -110.467581583057182, 55.330048891931149 ], [ -110.467106189772153, 55.33004920320284 ], [ -110.467106029333891, 55.337276824102105 ], [ -110.467105853080568, 55.344504436782167 ], [ -110.454589855927509, 55.344511853064283 ], [ -110.441915309418121, 55.344518063237182 ], [ -110.441439747975409, 55.344518270452568 ], [ -110.428923731170741, 55.344523048026538 ], [ -110.416249210290388, 55.34452659255475 ], [ -110.415773648480283, 55.344526703399232 ], [ -110.41577364752338, 55.344797715721413 ], [ -110.415773473868796, 55.35193458026832 ], [ -110.415773267843591, 55.35916176142203 ], [ -110.415773076129369, 55.366388948984138 ], [ -110.415772844645119, 55.373616077925092 ], [ -110.403257064228015, 55.37361785604908 ], [ -110.390582671155627, 55.373618376461046 ], [ -110.390106762378636, 55.373618369670041 ], [ -110.377590950519433, 55.373617521929802 ], [ -110.364916537570565, 55.373615371685354 ], [ -110.364440628439468, 55.373615261859733 ], [ -110.351924860464905, 55.373611788221105 ], [ -110.339250462116155, 55.373606979242631 ], [ -110.338774552465878, 55.373606205668345 ], [ -110.326258966760335, 55.373585182183668 ], [ -110.313584825151807, 55.373562631861795 ], [ -110.313108913493579, 55.373562929580814 ], [ -110.30060214647861, 55.373570024841399 ], [ -110.287936715114029, 55.373575932026519 ], [ -110.287460805203025, 55.373576133156199 ], [ -110.274954057087299, 55.373580615087235 ], [ -110.262288671891426, 55.373583864782816 ], [ -110.261812761487477, 55.373583962929487 ], [ -110.249306042146074, 55.373585802922292 ], [ -110.236640745059105, 55.373586283920936 ], [ -110.23616483234099, 55.373586281468967 ], [ -110.223658187948061, 55.373585418995127 ], [ -110.210992897581633, 55.373583248743586 ], [ -110.210516990288937, 55.373583136325834 ], [ -110.198010364873099, 55.373579660912576 ], [ -110.185345106027938, 55.373574839291493 ], [ -110.184869199795259, 55.373573848966359 ], [ -110.172362709626086, 55.373547322380773 ], [ -110.159697541482686, 55.37351916990535 ], [ -110.159221627923756, 55.373519463705271 ], [ -110.146708778544607, 55.373526491141533 ], [ -110.134037295942349, 55.373532294889081 ], [ -110.133561383618087, 55.373532484804734 ], [ -110.121048526155278, 55.373536886481233 ], [ -110.108377049635351, 55.373540025188134 ], [ -110.10790113771472, 55.373540119279816 ], [ -110.095388351421875, 55.373541889171968 ], [ -110.082716943654788, 55.373542369897585 ], [ -110.082241029090625, 55.373542366414284 ], [ -110.069727929613521, 55.373541570952185 ], [ -110.057056204802578, 55.373539454190976 ], [ -110.056580295782354, 55.373539354174845 ], [ -110.044067235517844, 55.373535920663613 ], [ -110.031395561780585, 55.373531158893826 ], [ -110.030919653751923, 55.373521549259728 ], [ -110.018414877521735, 55.373268481998515 ], [ -110.005751438202438, 55.373010876868804 ] ] ] ] } },
{ "type": "Feature", "properties": { "OBJECTID": 1, "AWR_NAME": null, "SHAPE.STArea()": 35264677.925245956, "SHAPE.STLength()": 30012.718594060225, "MB_NAME": "C.F.B. Cold Lake", "GlobalID": "{11E956E1-9CFB-4F35-8F53-13850A7ED105}", "layer": "DND Military Base 1:27,733,946 to 1:433,343", "path": "url='https://geospatial.alberta.ca/titan/rest/services/boundary/military_base_and_training_ground/MapServer/11'" }, "geometry": { "type": "MultiPolygon", "coordinates": [ [ [ [ -110.283127324618633, 54.449739186883043 ], [ -110.283111276833679, 54.442507419518051 ], [ -110.283110879979048, 54.4423267102975 ], [ -110.283117942576766, 54.43509844925277 ], [ -110.283124271551088, 54.427876506799706 ], [ -110.282814336373349, 54.427876435822078 ], [ -110.270409235908744, 54.427872909557593 ], [ -110.258004028087953, 54.427868040055536 ], [ -110.257694092689661, 54.427868665698355 ], [ -110.245234941024222, 54.427892939183657 ], [ -110.232773566933361, 54.427916105389059 ], [ -110.232779937289735, 54.420693966681128 ], [ -110.232759463487582, 54.416476972195639 ], [ -110.234853553143225, 54.41647546860132 ], [ -110.234947532247901, 54.416475405585352 ], [ -110.235129893743519, 54.416475271339671 ], [ -110.235102883308841, 54.414390131671716 ], [ -110.234934432451254, 54.414390931309121 ], [ -110.234840477097876, 54.414391375158694 ], [ -110.234164084862627, 54.414394578241613 ], [ -110.234157016421008, 54.413843163257027 ], [ -110.233820902155983, 54.413880296669461 ], [ -110.232746296732941, 54.413763404212098 ], [ -110.232744679673644, 54.413430024460965 ], [ -110.232743823774911, 54.413252897069704 ], [ -110.230466505856427, 54.413255570527816 ], [ -110.230156678756373, 54.413255675868271 ], [ -110.230158046595761, 54.409901666004131 ], [ -110.22790295625002, 54.409906067325352 ], [ -110.22763549619107, 54.409906577747392 ], [ -110.226556467913028, 54.409908672628141 ], [ -110.225823836290715, 54.409910088364654 ], [ -110.22484826851057, 54.409446952510251 ], [ -110.224063663388904, 54.409074473291639 ], [ -110.224050133785482, 54.40906808661866 ], [ -110.224036534220971, 54.409061757478881 ], [ -110.224022836033512, 54.40905548023624 ], [ -110.224009088658249, 54.409049267650502 ], [ -110.223995255782427, 54.409043100280947 ], [ -110.223981352110798, 54.409036997612212 ], [ -110.223967364654214, 54.409030951928912 ], [ -110.223953306297417, 54.409024971842342 ], [ -110.223939190296193, 54.409019036275325 ], [ -110.223924984157406, 54.409013159242122 ], [ -110.223910718884412, 54.409007352772285 ], [ -110.223896376596244, 54.409001598155328 ], [ -110.223881964242423, 54.408995901967273 ], [ -110.223867499628525, 54.40899027031417 ], [ -110.223852950423861, 54.408984689313648 ], [ -110.223838331124369, 54.408979180242262 ], [ -110.223823660399404, 54.408973728538058 ], [ -110.223808917266993, 54.408968328869143 ], [ -110.223794104143991, 54.408963000233349 ], [ -110.223779227203281, 54.408957729373761 ], [ -110.223764278660667, 54.408952516882017 ], [ -110.223749277962042, 54.408947368029061 ], [ -110.223734226434615, 54.408942284667681 ], [ -110.223719104215107, 54.408937265110715 ], [ -110.223703910289188, 54.408932304817448 ], [ -110.223688664207089, 54.408927408162889 ], [ -110.223673368235069, 54.408922568936134 ], [ -110.223658012113887, 54.408917795731647 ], [ -110.223642586940713, 54.408913085496337 ], [ -110.22362711554635, 54.408908440935029 ], [ -110.223611586552906, 54.408903866997449 ], [ -110.223595998349168, 54.408899351018356 ], [ -110.223580347028445, 54.40889490004372 ], [ -110.223564657479187, 54.408890512359399 ], [ -110.223548907780398, 54.408886190697181 ], [ -110.223533114439505, 54.408881925810036 ], [ -110.223517263394854, 54.408877732442456 ], [ -110.223501353110464, 54.408873610533576 ], [ -110.223485410741077, 54.40886955215835 ], [ -110.223469411398213, 54.408865559030879 ], [ -110.223453352114205, 54.408861630133444 ], [ -110.223437261341914, 54.408857772894159 ], [ -110.223421119142913, 54.408853973021472 ], [ -110.223404933167828, 54.408850244319986 ], [ -110.223388694200736, 54.408846586424538 ], [ -110.22337241609452, 54.408842986382496 ], [ -110.223356100355844, 54.4088394577551 ], [ -110.223339744822596, 54.408836005857204 ], [ -110.223323338488399, 54.408832605949996 ], [ -110.223306893791104, 54.408829283729091 ], [ -110.223290402975721, 54.408826026285801 ], [ -110.223273892362272, 54.40882283286286 ], [ -110.223257331903369, 54.408819722971863 ], [ -110.223240724520622, 54.408816671525827 ], [ -110.223224085677984, 54.408813678237379 ], [ -110.223207421565064, 54.408810769454675 ], [ -110.223190718416632, 54.408807917629261 ], [ -110.223173976069745, 54.408805150657727 ], [ -110.223157194687218, 54.408802440643463 ], [ -110.22314038795902, 54.408799802530496 ], [ -110.223123562968055, 54.408797228498628 ], [ -110.223106691933296, 54.408794731848545 ], [ -110.223089788707654, 54.408792299627692 ], [ -110.223072871797612, 54.408789945170831 ], [ -110.223055904160617, 54.408787655308736 ], [ -110.223038922868369, 54.408785429710264 ], [ -110.223021923283596, 54.408783281693147 ], [ -110.223004884633227, 54.408781204133483 ], [ -110.222987820740855, 54.408779197579058 ], [ -110.222970729160551, 54.408777256532353 ], [ -110.222953639463583, 54.408775392066296 ], [ -110.222936502916554, 54.408773598649248 ], [ -110.222919342588128, 54.408771863693914 ], [ -110.222902174092198, 54.408770212121723 ], [ -110.222884986497604, 54.408768631798175 ], [ -110.222867773689785, 54.408767108979447 ], [ -110.222850548001944, 54.408765670257203 ], [ -110.222833303215197, 54.408764302783574 ], [ -110.222816050916009, 54.40876299981695 ], [ -110.222798774179353, 54.408761774188058 ], [ -110.222781489825749, 54.408760613962116 ], [ -110.222764173459055, 54.408759529873571 ], [ -110.222746857259409, 54.408758510596364 ], [ -110.222729528179144, 54.408757575415564 ], [ -110.222712199996238, 54.408756698774305 ], [ -110.222694838263948, 54.408755898209584 ], [ -110.222677489687115, 54.408755170171695 ], [ -110.222660109096694, 54.408754518271174 ], [ -110.222642741691004, 54.408753925397143 ], [ -110.222625366116375, 54.408753415906169 ], [ -110.222607966132756, 54.408752970252529 ], [ -110.222590586357768, 54.408752602805883 ], [ -110.222573185946658, 54.408752306546859 ], [ -110.222555792755273, 54.408752080779287 ], [ -110.222538386607354, 54.408751926503705 ], [ -110.222520979999175, 54.408751842415171 ], [ -110.22250357272199, 54.408751830305633 ], [ -110.222486173469605, 54.40875189502011 ], [ -110.222468766703102, 54.408752024241501 ], [ -110.222451372569097, 54.40875223046956 ], [ -110.22243397930167, 54.408752508737471 ], [ -110.222416579429648, 54.408752856948922 ], [ -110.222399185136283, 54.408753276486891 ], [ -110.222381798762754, 54.408753773744884 ], [ -110.222364424946491, 54.408754335405163 ], [ -110.22234706222622, 54.408754974011252 ], [ -110.222329701206917, 54.408755677489488 ], [ -110.222312346571201, 54.408756458626868 ], [ -110.222295011545938, 54.408757309846692 ], [ -110.222277662757449, 54.408758226225906 ], [ -110.222260346567921, 54.408759220403191 ], [ -110.22224304300984, 54.408760291587171 ], [ -110.222225752738879, 54.408761420901754 ], [ -110.222208468850951, 54.408762627875504 ], [ -110.222191210716829, 54.408763905175249 ], [ -110.222173952821734, 54.408765259890664 ], [ -110.222156727450297, 54.408766679799847 ], [ -110.222139500781765, 54.40876817706382 ], [ -110.222122314525265, 54.408769738034017 ], [ -110.222105133845943, 54.408771370330811 ], [ -110.222087978815509, 54.408773073849609 ], [ -110.222070843290069, 54.40877484834693 ], [ -110.222053734218704, 54.408776700398938 ], [ -110.222036643846849, 54.408778617096857 ], [ -110.222019579227904, 54.408780604120871 ], [ -110.222002533383005, 54.408782668395169 ], [ -110.22198551464777, 54.408784791348083 ], [ -110.221968526974052, 54.408786992038351 ], [ -110.221951553495913, 54.408789256295982 ], [ -110.2219346180283, 54.408791604867112 ], [ -110.221917714277907, 54.408794012299516 ], [ -110.221900837114916, 54.40879648289043 ], [ -110.221883985570145, 54.408799038203767 ], [ -110.22186717363094, 54.408801650890922 ], [ -110.221850392648321, 54.408804342211489 ], [ -110.221833638252761, 54.408807096690566 ], [ -110.221816920987166, 54.408809916546254 ], [ -110.221800244102454, 54.408812813608741 ], [ -110.22178360525723, 54.408815781484542 ], [ -110.221766986646202, 54.408818814067317 ], [ -110.221750405269233, 54.408821911130794 ], [ -110.221733883539358, 54.408825078964021 ], [ -110.221717380507485, 54.408828311443365 ], [ -110.22170093485596, 54.408831620903364 ], [ -110.221684509333883, 54.408834995966338 ], [ -110.221668135077891, 54.408838434266137 ], [ -110.221651806436256, 54.408841944579727 ], [ -110.221635522812349, 54.408845518782606 ], [ -110.221619270278111, 54.408849157222782 ], [ -110.221603064088683, 54.408852861405116 ], [ -110.221586915383469, 54.408856641672244 ], [ -110.2215708068791, 54.40886048743797 ], [ -110.221554735712317, 54.408864396788651 ], [ -110.221538735569865, 54.408868371959741 ], [ -110.221522754228985, 54.408872410881123 ], [ -110.221506851800825, 54.408876514135457 ], [ -110.221503980925817, 54.408877262629687 ], [ -110.221301730355279, 54.408930019997911 ], [ -110.221265853762702, 54.408939414287111 ], [ -110.221230021443859, 54.408948878728872 ], [ -110.221194234024992, 54.408958407947438 ], [ -110.221158524596319, 54.408967996053832 ], [ -110.221122834761147, 54.408977654234626 ], [ -110.221087216041326, 54.408987377331542 ], [ -110.221051648469171, 54.408997164553043 ], [ -110.22101611954804, 54.409007017203955 ], [ -110.220980661846269, 54.409016933875172 ], [ -110.22094524289966, 54.409026915079956 ], [ -110.220912829848672, 54.409036127944162 ], [ -110.220939087381765, 54.409028599061728 ], [ -110.22096529384693, 54.409021005142144 ], [ -110.220991449244025, 54.409013346185489 ], [ -110.221017545684347, 54.409005623679228 ], [ -110.221043589520477, 54.408997836075031 ], [ -110.221069564483045, 54.408989977327394 ], [ -110.221095499098993, 54.408982067469353 ], [ -110.221121364110473, 54.408974092739662 ], [ -110.221147176412998, 54.408966053808157 ], [ -110.22117293139857, 54.408957950492194 ], [ -110.221198634510145, 54.408949775806803 ], [ -110.221224266451031, 54.408941549689331 ], [ -110.221249846413329, 54.408933253098461 ], [ -110.221275356039897, 54.408924897907895 ], [ -110.221300807618405, 54.408916484604795 ], [ -110.221326207322448, 54.408907999932453 ], [ -110.221351536586155, 54.408899457556494 ], [ -110.221376813870847, 54.408890844707294 ], [ -110.221402019283488, 54.408882173197732 ], [ -110.221427167348523, 54.408873450804407 ], [ -110.221452244272044, 54.408864663479065 ], [ -110.221477270856582, 54.408855804845551 ], [ -110.221502230877519, 54.408846894963077 ], [ -110.221527115148874, 54.408837919966032 ], [ -110.221551946709965, 54.40882888076775 ], [ -110.221576707830067, 54.408819783866228 ], [ -110.221601398509151, 54.408810629261495 ], [ -110.221626018046209, 54.408801409725029 ], [ -110.221650584977112, 54.408792125091509 ], [ -110.221675081541392, 54.408782795359265 ], [ -110.221699506784475, 54.408773388987008 ], [ -110.221723861765199, 54.408763936620183 ], [ -110.221748151568406, 54.408754407856918 ], [ -110.22177237805829, 54.408744839675308 ], [ -110.221796524816284, 54.408735200821148 ], [ -110.221820615895666, 54.408725496748431 ], [ -110.22184462257573, 54.408715748821301 ], [ -110.221868550433371, 54.408705935658446 ], [ -110.221892434899885, 54.408696057764168 ], [ -110.221916228122168, 54.408686128543486 ], [ -110.22193995020163, 54.408676134391591 ], [ -110.221963621180379, 54.408666088704358 ], [ -110.22198720083999, 54.408655979086468 ], [ -110.222010697039366, 54.408645817550799 ], [ -110.222034135919301, 54.40863559163197 ], [ -110.222057490608265, 54.40862532006723 ], [ -110.222080780297944, 54.408614983815028 ], [ -110.222103993297182, 54.408604590512944 ], [ -110.222127134422635, 54.408594138551727 ], [ -110.222150192818148, 54.408583628401239 ], [ -110.222173186184577, 54.408573067063799 ], [ -110.222196082192056, 54.408562440656667 ], [ -110.222218913975709, 54.408551769395281 ], [ -110.222241676047474, 54.408541034160081 ], [ -110.22226435239206, 54.408530253218451 ], [ -110.222286952179857, 54.408519400830976 ], [ -110.222309467671963, 54.408508503694016 ], [ -110.222331919670665, 54.408497555431254 ], [ -110.222354280453999, 54.408486542342636 ], [ -110.222376551632692, 54.408475477093425 ], [ -110.222398757781932, 54.408464360657689 ], [ -110.222420885808674, 54.408453186215837 ], [ -110.222442917982576, 54.408441960266003 ], [ -110.222464878983118, 54.408430682886262 ], [ -110.222486768839815, 54.408419340576316 ], [ -110.222508555969242, 54.408407952786796 ], [ -110.222530271820901, 54.408396514463448 ], [ -110.22255190424103, 54.408385010723066 ], [ -110.222573457778509, 54.408373468748934 ], [ -110.222594915492451, 54.408361861766821 ], [ -110.222616302838333, 54.408350209687711 ], [ -110.222637598939045, 54.40833850628367 ], [ -110.222658812254309, 54.408326744675591 ], [ -110.222679941263067, 54.408314938316082 ], [ -110.222700979130607, 54.408303079736058 ], [ -110.222721934267113, 54.408291162968162 ], [ -110.222742797323178, 54.408279202043545 ], [ -110.222763577752559, 54.408267182035175 ], [ -110.222784274616018, 54.40825511100681 ], [ -110.222804899575024, 54.408242994821215 ], [ -110.222825414857098, 54.408230826580898 ], [ -110.222845847378764, 54.408218613653354 ], [ -110.222866183345857, 54.408206341990429 ], [ -110.222886440354841, 54.408194019490281 ], [ -110.222906614707782, 54.408181651407077 ], [ -110.222926683991616, 54.408169231452007 ], [ -110.222946684442874, 54.408156766461722 ], [ -110.222966581256628, 54.408144250556539 ], [ -110.222986386198741, 54.408131688703214 ], [ -110.223006096823354, 54.408119075404301 ], [ -110.223025714666448, 54.408106410720691 ], [ -110.223045249749163, 54.408093701350275 ], [ -110.223064694496173, 54.408080946092753 ], [ -110.223084043389832, 54.408068139328975 ], [ -110.223103301113056, 54.408055293845919 ], [ -110.223122468321137, 54.408042390767505 ], [ -110.223141539049834, 54.408029441558718 ], [ -110.223160518503818, 54.408016454526773 ], [ -110.223179395155228, 54.408003409412679 ], [ -110.223198183082147, 54.407990331077059 ], [ -110.223216885832173, 54.4079771890571 ], [ -110.223235485095259, 54.407964021331644 ], [ -110.223253987803929, 54.407950794871709 ], [ -110.223272393094319, 54.407937530345414 ], [ -110.223290702531543, 54.40792421431329 ], [ -110.223308922438832, 54.407910858727298 ], [ -110.223327037173092, 54.407897452166353 ], [ -110.223345069952842, 54.407884007251894 ], [ -110.223362998469455, 54.407870516799235 ], [ -110.223380822723072, 54.40785698080844 ], [ -110.223398558072944, 54.407843399888172 ], [ -110.223416190695744, 54.407829773490711 ], [ -110.22343371892218, 54.407816115951519 ], [ -110.223451151400027, 54.407802406010966 ], [ -110.223468491902437, 54.407788651019381 ], [ -110.223485730483517, 54.407774856883371 ], [ -110.223502859359357, 54.407761024194691 ], [ -110.223519910083212, 54.407747147002816 ], [ -110.223536831865189, 54.407733224195404 ], [ -110.223553677941126, 54.407719262382386 ], [ -110.223570412776041, 54.407705261956011 ], [ -110.223587044780018, 54.407691216948791 ], [ -110.223603572596758, 54.407677139008399 ], [ -110.22362000445662, 54.407663010458954 ], [ -110.223636339913298, 54.407648848384689 ], [ -110.223652558611562, 54.407634642078023 ], [ -110.223668693194114, 54.4076204027335 ], [ -110.223684705604995, 54.40760611264146 ], [ -110.223700627652235, 54.407591790164183 ], [ -110.223716433955587, 54.407577427995363 ], [ -110.223732155934769, 54.407563034580754 ], [ -110.22374775584683, 54.407548589522825 ], [ -110.223763265395519, 54.407534112079823 ], [ -110.223778658365902, 54.407519602113162 ], [ -110.22379394861035, 54.407505046670231 ], [ -110.22380912751035, 54.407490453510498 ], [ -110.223824212274067, 54.407475820615517 ], [ -110.223839191912504, 54.407461162851632 ], [ -110.223854061951272, 54.407446465639964 ], [ -110.223868829160068, 54.407431723848198 ], [ -110.223883481431329, 54.407416948697936 ], [ -110.22389804784315, 54.407402142241452 ], [ -110.223912486015948, 54.407387297399019 ], [ -110.223926809251481, 54.40737241919819 ], [ -110.223941046552397, 54.407357497086849 ], [ -110.223955175865427, 54.40734254819327 ], [ -110.223969186960915, 54.407327567611617 ], [ -110.223983077601673, 54.407312548052523 ], [ -110.223996884023734, 54.407297496352349 ], [ -110.224003321568844, 54.407290418303276 ], [ -110.225229559361395, 54.405940105583689 ], [ -110.230156635671463, 54.400518840527063 ], [ -110.230466195134312, 54.400177796139303 ], [ -110.230465367129867, 54.398723803222062 ], [ -110.230465355654104, 54.391494100295738 ], [ -110.238349194015413, 54.391497193064055 ], [ -110.242801442743954, 54.386593084547144 ], [ -110.242801674379066, 54.386592829066345 ], [ -110.242793775295482, 54.384266074154546 ], [ -110.242793166271539, 54.384085357901888 ], [ -110.242794984410594, 54.376869686436507 ], [ -110.250135221678903, 54.37687150261484 ], [ -110.250179403313012, 54.37678265930753 ], [ -110.250183693827026, 54.376774039971018 ], [ -110.250191693557426, 54.376758227526786 ], [ -110.250199797526747, 54.376742433593208 ], [ -110.250208022514499, 54.376726659731915 ], [ -110.250216364828972, 54.376710911197883 ], [ -110.250224828990866, 54.376695175568038 ], [ -110.250233396561981, 54.376679465616803 ], [ -110.25024210601687, 54.376663781960907 ], [ -110.250250918900747, 54.376648110483004 ], [ -110.250259835899143, 54.376632471912203 ], [ -110.250268886297448, 54.376616853001543 ], [ -110.250278048607868, 54.376601252903924 ], [ -110.250287325070715, 54.376585678908299 ], [ -110.2502967258078, 54.37657013681428 ], [ -110.250306234577693, 54.37655460707964 ], [ -110.25031586127497, 54.3765391107965 ], [ -110.250325602953438, 54.376523633447256 ], [ -110.250335454179293, 54.376508182018362 ], [ -110.250345428163897, 54.376492748929849 ], [ -110.25035551854063, 54.376477349232232 ], [ -110.250365718464423, 54.37646197545488 ], [ -110.250376034178103, 54.376446626943824 ], [ -110.250386473355761, 54.376431304001549 ], [ -110.250397014302351, 54.376416007572928 ], [ -110.25040767881633, 54.376400735817043 ], [ -110.250418440474647, 54.3763855038938 ], [ -110.250429331755697, 54.376370284280689 ], [ -110.250440337996864, 54.376355097101694 ], [ -110.250451452955062, 54.376339943010784 ], [ -110.250462685340807, 54.376324813350401 ], [ -110.250474021029603, 54.376309710263989 ], [ -110.250485479455904, 54.376294639018106 ], [ -110.25049704045955, 54.376279600618155 ], [ -110.25050871725189, 54.37626458748408 ], [ -110.250520504315375, 54.376249593997848 ], [ -110.250532414096057, 54.376234645852577 ], [ -110.25054442114363, 54.376219723143045 ], [ -110.25055653701105, 54.376204832625298 ], [ -110.250568770097843, 54.376189968329804 ], [ -110.250581124386485, 54.37617513581403 ], [ -110.250593582061086, 54.376160342476489 ], [ -110.250606143141425, 54.376145574816519 ], [ -110.250618827767482, 54.37613084532925 ], [ -110.250631614886132, 54.376116136082977 ], [ -110.250644504768559, 54.376101471390783 ], [ -110.250657518112632, 54.376086832266616 ], [ -110.250670627168091, 54.376072232017911 ], [ -110.25068384647372, 54.376057664917163 ], [ -110.250697181670262, 54.37604312218577 ], [ -110.250710607869919, 54.376028619044249 ], [ -110.250724169167654, 54.37601416083119 ], [ -110.250737820678779, 54.375999722374793 ], [ -110.250751587957097, 54.375985322684201 ], [ -110.250765460258819, 54.375970961335881 ], [ -110.250779440653474, 54.375956638450738 ], [ -110.250793518209861, 54.375942341896696 ], [ -110.250807717776013, 54.375928083454298 ], [ -110.250822008448338, 54.375913863705485 ], [ -110.250836414783748, 54.375899683618265 ], [ -110.250850923901666, 54.375885534584 ], [ -110.25086553710976, 54.375871431955773 ], [ -110.250880253100178, 54.375857360380444 ], [ -110.250895072474989, 54.375843327982523 ], [ -110.250910014480866, 54.375829328319909 ], [ -110.250925040727807, 54.375815373380682 ], [ -110.250940175792422, 54.375801450632196 ], [ -110.250955428158093, 54.375787566709477 ], [ -110.250970763126219, 54.375773728345486 ], [ -110.250986221554143, 54.375759915548599 ], [ -110.251001769636702, 54.375746153988921 ], [ -110.25101741496394, 54.37573243136432 ], [ -110.251033183025356, 54.375718740578705 ], [ -110.251049040637611, 54.375705101926215 ], [ -110.251064995494417, 54.375691502208674 ], [ -110.251081059977722, 54.375677941014082 ], [ -110.251097221809076, 54.375664417858367 ], [ -110.251113473107154, 54.375650934231004 ], [ -110.251129847223055, 54.375637495046973 ], [ -110.251146304666364, 54.375624095149242 ], [ -110.251162866302522, 54.375610740760756 ], [ -110.251179530700298, 54.375597430924969 ], [ -110.251196285393632, 54.375584153449346 ], [ -110.251213150606489, 54.375570933433387 ], [ -110.251230112150409, 54.375557746915476 ], [ -110.251247170316574, 54.375544604708132 ], [ -110.251264318862169, 54.375531507465304 ], [ -110.25128156996189, 54.375518456566979 ], [ -110.251298925377355, 54.375505436780969 ], [ -110.251316370343147, 54.375492469127437 ], [ -110.251333912636824, 54.375479553012767 ], [ -110.251351564556316, 54.375466675420363 ], [ -110.251369293747686, 54.375453849476301 ], [ -110.251387119373405, 54.375441056133923 ], [ -110.251405054708911, 54.375428313918199 ], [ -110.251423067316239, 54.37541562335074 ], [ -110.251441183306412, 54.375402971959325 ], [ -110.251459403592477, 54.375390365180422 ], [ -110.251477707289496, 54.375377810291646 ], [ -110.251496093588017, 54.375365300960404 ], [ -110.251514591130984, 54.375352842816042 ], [ -110.251533170569587, 54.375340423000608 ], [ -110.251551855009794, 54.375328055026017 ], [ -110.251570623586247, 54.375315732669293 ], [ -110.251589481816367, 54.375303461548384 ], [ -110.251608436564652, 54.375291235633206 ], [ -110.251627467775208, 54.37527905503331 ], [ -110.251646603987297, 54.375266926274001 ], [ -110.251665835992185, 54.375254848992341 ], [ -110.251685146907192, 54.375242822522836 ], [ -110.251704552701909, 54.375230842094361 ], [ -110.251724048875573, 54.375218906629357 ], [ -110.251743617716599, 54.375207022630427 ], [ -110.251763288489556, 54.375195190350901 ], [ -110.251783055864763, 54.375183415881253 ], [ -110.251802901152843, 54.375171674182411 ], [ -110.251822830039572, 54.375159996081521 ], [ -110.251842843768401, 54.375148370826423 ], [ -110.251862960258066, 54.375136790122426 ], [ -110.251883154019481, 54.375125261065719 ], [ -110.251903425052674, 54.375113783656211 ], [ -110.251923786549085, 54.375102363814349 ], [ -110.251944238320803, 54.375090989831499 ], [ -110.251964773607114, 54.375079666841707 ], [ -110.251985393113884, 54.37506840207346 ], [ -110.252006102896033, 54.375057183164095 ], [ -110.252026883085691, 54.375046021931823 ], [ -110.252047747515192, 54.375034905420364 ], [ -110.252068696974803, 54.375023853462842 ], [ -110.252089735175062, 54.37501284730353 ], [ -110.252110844528147, 54.375001892549669 ], [ -110.252132051421796, 54.374991001941254 ], [ -110.25215332239523, 54.374980157059021 ], [ -110.252174691504948, 54.374969370046173 ], [ -110.25219612334746, 54.374958640407492 ], [ -110.252217633186461, 54.374947956143224 ], [ -110.252239247197309, 54.374937330886141 ], [ -110.252260911662873, 54.374926762519245 ], [ -110.252282680300354, 54.374916253159427 ], [ -110.252304505447526, 54.374905788327091 ], [ -110.252326428711783, 54.374895394864382 ], [ -110.252348409916976, 54.374885046885588 ], [ -110.252370487827548, 54.374874755819249 ], [ -110.252392622850252, 54.374864517404781 ], [ -110.254788278758738, 54.373761691270339 ], [ -110.255063647952525, 54.373865438076287 ], [ -110.255122164563033, 54.373900321483767 ], [ -110.25528428816213, 54.373996979212308 ], [ -110.255431490640746, 54.374084719655741 ], [ -110.255528247022824, 54.374142409410716 ], [ -110.255593465791577, 54.374169332409622 ], [ -110.257205525092019, 54.374834917998712 ], [ -110.25741337968725, 54.374941161399995 ], [ -110.257535413728135, 54.375003534846378 ], [ -110.257542671727364, 54.375007238178654 ], [ -110.257750410222727, 54.375089521344265 ], [ -110.258865331808451, 54.375533908911351 ], [ -110.260716430043203, 54.376474143052711 ], [ -110.260835632288348, 54.37658527155024 ], [ -110.26098624191431, 54.376684980169536 ], [ -110.261391215127077, 54.376869029592889 ], [ -110.261519216743039, 54.3769271960102 ], [ -110.261846229701561, 54.377104407087614 ], [ -110.262573239565114, 54.377423539076823 ], [ -110.262731203428814, 54.377511873970882 ], [ -110.263318656261433, 54.377721528911813 ], [ -110.263497872216277, 54.377802811754982 ], [ -110.263779671051921, 54.378005513101151 ], [ -110.263946893234575, 54.378093827723141 ], [ -110.264151979184248, 54.378161537049976 ], [ -110.264296458712224, 54.378162865223601 ], [ -110.264402254060442, 54.378198883899529 ], [ -110.264573197545076, 54.378290966707844 ], [ -110.264772691180838, 54.378355991606234 ], [ -110.265063539623583, 54.378364590847212 ], [ -110.265292920295821, 54.378316557369232 ], [ -110.265848180025287, 54.378090524393585 ], [ -110.266165656476844, 54.377907684933405 ], [ -110.266529630711744, 54.377755581245609 ], [ -110.266940935128005, 54.377622296238357 ], [ -110.267179594128081, 54.377575838088845 ], [ -110.267479647393301, 54.377574701592074 ], [ -110.2677557656354, 54.377601906528909 ], [ -110.267849760719841, 54.377611170924588 ], [ -110.268554533936879, 54.377680606710463 ], [ -110.269268431264251, 54.377814836014949 ], [ -110.269482735579189, 54.377876022443346 ], [ -110.271018916578797, 54.37844968560912 ], [ -110.271244281360751, 54.378501117620885 ], [ -110.271496391968327, 54.378536807030756 ], [ -110.271717195458493, 54.378600140875065 ], [ -110.271813378238278, 54.378728076056632 ], [ -110.271794098390941, 54.378905965278804 ], [ -110.2717152999262, 54.379045074495188 ], [ -110.271222555647824, 54.379490474325181 ], [ -110.271075027270001, 54.379598364760817 ], [ -110.270965616594779, 54.379728887762155 ], [ -110.270833110407438, 54.380020551691885 ], [ -110.270784416387926, 54.380541800588915 ], [ -110.270804910491691, 54.380713129535053 ], [ -110.27104729985534, 54.381127288534032 ], [ -110.27128213025334, 54.381358176815205 ], [ -110.271426282116266, 54.381457349869549 ], [ -110.271944664563648, 54.381714160337573 ], [ -110.272420588311576, 54.381995350722107 ], [ -110.274126123681583, 54.382662691396391 ], [ -110.274350661477598, 54.382724928740423 ], [ -110.274628522036963, 54.382727057086868 ], [ -110.274878368639179, 54.382688669078178 ], [ -110.275065026637634, 54.382617469068563 ], [ -110.27521695997612, 54.382474430104075 ], [ -110.27524670019325, 54.382342985259498 ], [ -110.275234274281189, 54.381980812751756 ], [ -110.275328891195443, 54.381856251237068 ], [ -110.275589617420906, 54.381634051618185 ], [ -110.276250389610112, 54.3812564056255 ], [ -110.276434195221896, 54.381174372760817 ], [ -110.276853931353415, 54.381055629779198 ], [ -110.277382391310567, 54.380996653859462 ], [ -110.278310442210312, 54.380999011144077 ], [ -110.278595844403284, 54.381022713683599 ], [ -110.278836007027962, 54.381067615490629 ], [ -110.279038384802107, 54.381143956567158 ], [ -110.279120787351616, 54.381287568320367 ], [ -110.279119972914444, 54.382186629250256 ], [ -110.279264398145315, 54.382470131439931 ], [ -110.279482649649978, 54.382711864988885 ], [ -110.279870039262264, 54.383042978046369 ], [ -110.280095754976799, 54.383260499116318 ], [ -110.280140066960854, 54.383303195570406 ], [ -110.280228817416912, 54.383388737518153 ], [ -110.28040596910688, 54.383501542981136 ], [ -110.280450776165409, 54.38353006549027 ], [ -110.28053850683753, 54.383585923287697 ], [ -110.281043095499427, 54.383843798509979 ], [ -110.28146346065455, 54.383968313011955 ], [ -110.281904536781212, 54.384073601308152 ], [ -110.282024272492492, 54.384102175199189 ], [ -110.282659685564028, 54.38425383739547 ], [ -110.28277770018714, 54.384282004714997 ], [ -110.283474609049861, 54.384448337327413 ], [ -110.283861767650791, 54.384590232756182 ], [ -110.28407240128756, 54.384648703229509 ], [ -110.284349021395428, 54.384598889882234 ], [ -110.284838462430869, 54.384658920577778 ], [ -110.284985714178774, 54.384655351896967 ], [ -110.285105023807532, 54.384628603552279 ], [ -110.285441054582606, 54.384454325091703 ], [ -110.285723194797512, 54.384278175716027 ], [ -110.285765911691428, 54.384251498270856 ], [ -110.286013374129681, 54.384096993780489 ], [ -110.286055826185518, 54.3840704840906 ], [ -110.286189211774641, 54.383987206185786 ], [ -110.286716403696943, 54.383730334082138 ], [ -110.287490614923271, 54.383428034985194 ], [ -110.287918654715554, 54.383306536803047 ], [ -110.288612350170936, 54.383156334502601 ], [ -110.288872383348107, 54.383121152949379 ], [ -110.289500347488669, 54.383120299540188 ], [ -110.289765413151031, 54.383146737328786 ], [ -110.290678143374109, 54.383347423584709 ], [ -110.291422903882847, 54.383570647822182 ], [ -110.292021525255791, 54.383684465050933 ], [ -110.292161139747307, 54.383787406441023 ], [ -110.292194678010304, 54.383956542016691 ], [ -110.292145517385848, 54.384065664224714 ], [ -110.292135091840919, 54.384088787506478 ], [ -110.292130789266409, 54.384098335692443 ], [ -110.292014784991466, 54.38424656178082 ], [ -110.291996630144808, 54.384269768267963 ], [ -110.291625628565924, 54.384743872850819 ], [ -110.291522083040405, 54.385055498830944 ], [ -110.291488618596318, 54.385597821618084 ], [ -110.291654904913145, 54.386231035049917 ], [ -110.291994692438507, 54.386766575777905 ], [ -110.292102977117722, 54.386893917117654 ], [ -110.292776479822436, 54.387346341823935 ], [ -110.292825085618063, 54.387378986305777 ], [ -110.292986900859262, 54.387487689314327 ], [ -110.293318786314174, 54.387668043337435 ], [ -110.293905075535832, 54.388075422582759 ], [ -110.294061307862023, 54.388164279909887 ], [ -110.294258134187714, 54.388231396090212 ], [ -110.294478805382354, 54.388264144061367 ], [ -110.294742226025633, 54.388315723593109 ], [ -110.294845949905906, 54.388451730097124 ], [ -110.295183396394279, 54.388629367957286 ], [ -110.295392210896011, 54.388688348317224 ], [ -110.29565177882192, 54.388716954024723 ], [ -110.296170895142751, 54.388735778477226 ], [ -110.296373100200952, 54.388639099732636 ], [ -110.29663769131642, 54.388450350935557 ], [ -110.297009902012135, 54.388287311183731 ], [ -110.297625577215328, 54.388101541332318 ], [ -110.298362040169067, 54.387970119678336 ], [ -110.298929665510144, 54.387941241075524 ], [ -110.299529086226286, 54.387954451712062 ], [ -110.299761892252079, 54.387999857501306 ], [ -110.301333038825391, 54.388556840576904 ], [ -110.301845234060195, 54.388818923321253 ], [ -110.302140397077068, 54.389040974196064 ], [ -110.302248198789911, 54.389223445097826 ], [ -110.302220271216768, 54.389338135989455 ], [ -110.302046119227157, 54.389611008112766 ], [ -110.301923375918221, 54.390084331125216 ], [ -110.301835599727738, 54.391197675249387 ], [ -110.301886408339485, 54.391445701375964 ], [ -110.301893660766012, 54.391458456419507 ], [ -110.301912621596415, 54.39149176563658 ], [ -110.302279295123, 54.392136230057595 ], [ -110.302633056461232, 54.392657106956044 ], [ -110.303243671214958, 54.393211448269383 ], [ -110.303543306060533, 54.393404279216092 ], [ -110.303621082378328, 54.393532756766696 ], [ -110.30370680749165, 54.393793286332254 ], [ -110.303885422699935, 54.393932614238729 ], [ -110.304376545730477, 54.39402419403941 ], [ -110.30469442907237, 54.394032128839818 ], [ -110.304945951451373, 54.39399381848817 ], [ -110.305127084820398, 54.393911191935352 ], [ -110.305185014673341, 54.393884772713996 ], [ -110.305303503276974, 54.393830727010716 ], [ -110.305436734984212, 54.393783023204335 ], [ -110.305494812138534, 54.393762229608832 ], [ -110.305718713235919, 54.393682041486215 ], [ -110.306442193665916, 54.393521290664154 ], [ -110.306702231661774, 54.393492147968203 ], [ -110.307329521560263, 54.393504249674905 ], [ -110.307830322352174, 54.393618448189997 ], [ -110.309130571384102, 54.394051167150394 ], [ -110.309803698241055, 54.39441230743261 ], [ -110.310073101643425, 54.394625307776337 ], [ -110.310402609635716, 54.394988378134443 ], [ -110.310744010671911, 54.395500061302727 ], [ -110.311010186909044, 54.396147190810012 ], [ -110.310851632869998, 54.396607895909987 ], [ -110.310384913616275, 54.39764941468114 ], [ -110.310354484382202, 54.397818202782915 ], [ -110.310358251126914, 54.398135538383961 ], [ -110.310590147719779, 54.398623886745504 ], [ -110.310665032253723, 54.398706145187347 ], [ -110.310698020893284, 54.398742370338283 ], [ -110.310717266023147, 54.398754183723007 ], [ -110.31088003469128, 54.398854112467774 ], [ -110.311146220616735, 54.399267686819798 ], [ -110.31126535591919, 54.399702944531739 ], [ -110.31126352414563, 54.400096558604922 ], [ -110.31135820661477, 54.400263764283459 ], [ -110.311804277086381, 54.400759872912261 ], [ -110.312009671614121, 54.40105423339493 ], [ -110.312138570127615, 54.40136834179053 ], [ -110.312314963635544, 54.402566747327469 ], [ -110.3123933544409, 54.402931366056691 ], [ -110.312062234255691, 54.403526818787682 ], [ -110.311991095954937, 54.403855832445238 ], [ -110.312147739613366, 54.405495443008427 ], [ -110.312294036542667, 54.4059646354686 ], [ -110.31230470244158, 54.405998808929979 ], [ -110.312347255096114, 54.406135273424901 ], [ -110.312645336560692, 54.406736889505197 ], [ -110.31289256774798, 54.40757708591601 ], [ -110.312907612246846, 54.407750002216659 ], [ -110.312862320172854, 54.407918860602905 ], [ -110.312886316616087, 54.408297769416649 ], [ -110.312939049455281, 54.408448387569791 ], [ -110.313014081750453, 54.410156448991778 ], [ -110.313055090986097, 54.410324957270916 ], [ -110.313168681510248, 54.410446717510446 ], [ -110.313235071144305, 54.41057615527518 ], [ -110.313374641735209, 54.410705896423039 ], [ -110.313736413665978, 54.41088393798173 ], [ -110.313974254574319, 54.410928368292829 ], [ -110.314403052977511, 54.411057436315367 ], [ -110.314581163892456, 54.411147550387987 ], [ -110.315205850852919, 54.411535326362326 ], [ -110.315441700862678, 54.411805247680711 ], [ -110.315770088655952, 54.412134807059395 ], [ -110.315881471912363, 54.412306787423567 ], [ -110.316007914075016, 54.412416025292373 ], [ -110.316366282682409, 54.412869172218322 ], [ -110.316504533860922, 54.413236249808989 ], [ -110.316508501685306, 54.413246785310299 ], [ -110.316562291902471, 54.413389623638366 ], [ -110.316573969975096, 54.413420623738354 ], [ -110.316670722514417, 54.413677539352292 ], [ -110.317070235633793, 54.414365179362022 ], [ -110.317310446487724, 54.415135244748569 ], [ -110.317461535150017, 54.415420535599829 ], [ -110.317858614292362, 54.415927735847966 ], [ -110.318233547563537, 54.41626849071411 ], [ -110.318574714405869, 54.416626420154536 ], [ -110.319670865589174, 54.417479004309996 ], [ -110.320196988822886, 54.417725325531336 ], [ -110.320402106777266, 54.417787744455097 ], [ -110.320800837024748, 54.417832698983993 ], [ -110.320820004591042, 54.417834853460818 ], [ -110.320944418464748, 54.417848886232015 ], [ -110.321881925837332, 54.41804721944883 ], [ -110.322076735335926, 54.418115535776543 ], [ -110.322133374591488, 54.418171225261084 ], [ -110.322193972098177, 54.418319993048371 ], [ -110.322279040087054, 54.418449980260803 ], [ -110.322435365912057, 54.418541902427862 ], [ -110.32310584015211, 54.418714282021369 ], [ -110.323206820760447, 54.418676430191326 ], [ -110.322922440549945, 54.418467288713614 ], [ -110.322948226079959, 54.418372649978501 ], [ -110.323171201300781, 54.418423785284752 ], [ -110.323367783320037, 54.418497513675497 ], [ -110.324302849445701, 54.419056601949713 ], [ -110.32466426077211, 54.419214188859733 ], [ -110.325078167519337, 54.419344439818204 ], [ -110.325568524327934, 54.41962087663849 ], [ -110.325975198630928, 54.419884881456682 ], [ -110.326130241847949, 54.419828061890925 ], [ -110.32658242530276, 54.420081795206727 ], [ -110.326967003625185, 54.4204063351389 ], [ -110.32700968793786, 54.420461359507975 ], [ -110.327009699336401, 54.420631289558926 ], [ -110.327009957674747, 54.423888801413895 ], [ -110.327010007399039, 54.424303807223474 ], [ -110.328097196174738, 54.424395859701711 ], [ -110.331601335479633, 54.425286316557667 ], [ -110.331602567515375, 54.425286626180203 ], [ -110.331617703116621, 54.425290483955258 ], [ -110.331632800540859, 54.425294419454545 ], [ -110.331647838878794, 54.425298412967386 ], [ -110.331662825922734, 54.425302477396215 ], [ -110.33167776156462, 54.42530660013616 ], [ -110.331692646014673, 54.425310792896049 ], [ -110.331707472099083, 54.425315050897858 ], [ -110.33172224606723, 54.425319373483546 ], [ -110.331736968633521, 54.425323754380429 ], [ -110.33175163293636, 54.425328199623209 ], [ -110.33176624758444, 54.425332714945533 ], [ -110.331780796080992, 54.425337296108452 ], [ -110.331795285593756, 54.425341934389024 ], [ -110.331809705160936, 54.425346631162917 ], [ -110.331824072612179, 54.425351392520824 ], [ -110.331838389586451, 54.425356217626202 ], [ -110.331852635798882, 54.425361108393759 ], [ -110.331866816064078, 54.42536606320985 ], [ -110.331880937958047, 54.425371069767145 ], [ -110.331894996978505, 54.425376140491991 ], [ -110.331908983802492, 54.425381275923549 ], [ -110.331922900783255, 54.42538646895251 ], [ -110.331936752429215, 54.425391720653536 ], [ -110.331950546634872, 54.425397043032937 ], [ -110.331964262388652, 54.425402417276224 ], [ -110.331977920593928, 54.42540784959305 ], [ -110.331991495845131, 54.42541334620018 ], [ -110.33200501815223, 54.425418887558386 ], [ -110.332018456688957, 54.425424500375748 ], [ -110.332031811449156, 54.425430171151277 ], [ -110.332045115522632, 54.425435893965791 ], [ -110.33205833510533, 54.425441681011243 ], [ -110.332071483206235, 54.42544752649092 ], [ -110.332084548347012, 54.425453422760114 ], [ -110.332097548867608, 54.425459371428907 ], [ -110.332110478116789, 54.425465390240866 ], [ -110.332123310370321, 54.425471461099043 ], [ -110.332136072672725, 54.425477576950115 ], [ -110.33214876277917, 54.42548375750831 ], [ -110.33216136203734, 54.42548999035079 ], [ -110.332173891554746, 54.425496279895079 ], [ -110.332186337908041, 54.425502622021213 ], [ -110.332198711344915, 54.425509021626276 ], [ -110.332210989323031, 54.425515473337249 ], [ -110.332223182702307, 54.425521976674567 ], [ -110.332235293019536, 54.425528531697744 ], [ -110.332247338818775, 54.425535138224753 ], [ -110.332259287724511, 54.425541795902163 ], [ -110.332271145067736, 54.425548512136814 ], [ -110.332282913201624, 54.425555279819427 ], [ -110.332294610561846, 54.425562086163062 ], [ -110.332306204064906, 54.425568950588008 ], [ -110.332317720755327, 54.425575866040887 ], [ -110.332329140450128, 54.425582833540453 ], [ -110.332340476260342, 54.425589846393891 ], [ -110.332351721222267, 54.425596911532068 ], [ -110.332362877076832, 54.425604027222271 ], [ -110.332373947509893, 54.42561118820695 ], [ -110.332384921661586, 54.425618394965717 ], [ -110.332395793486512, 54.425625646364495 ], [ -110.332406574565155, 54.425632949152018 ], [ -110.332417264795481, 54.425640304224402 ], [ -110.332427858023749, 54.425647697842678 ], [ -110.332438374439292, 54.425655142489177 ], [ -110.332448776029196, 54.425662633091989 ], [ -110.332459092299544, 54.425670168093369 ], [ -110.332469298348386, 54.425677735728648 ], [ -110.332479422157633, 54.425685361382534 ], [ -110.332489447325813, 54.425693026419047 ], [ -110.332499357872308, 54.425700735619827 ], [ -110.332509190681293, 54.425708490412866 ], [ -110.332518905584408, 54.425716277542435 ], [ -110.332528538962052, 54.425724116417996 ], [ -110.332538062328396, 54.425731999636454 ], [ -110.332547475370959, 54.425739916385069 ], [ -110.332556797660544, 54.425747871021777 ], [ -110.332566017622938, 54.4257558702989 ], [ -110.332575134231419, 54.425763909676476 ], [ -110.332584153225213, 54.425771992976898 ], [ -110.332593063533906, 54.42578010897104 ], [ -110.332601856758984, 54.425788263634097 ], [ -110.332610560665699, 54.425796457140962 ], [ -110.332619160606114, 54.425804696124985 ], [ -110.332627651140655, 54.425812960574483 ], [ -110.332636025414047, 54.42582127002521 ], [ -110.332644309546239, 54.425829611987631 ], [ -110.332652478131408, 54.425837992678609 ], [ -110.332660548891056, 54.425846405583819 ], [ -110.332668511067226, 54.425854850286804 ], [ -110.332676356057334, 54.425863334555025 ], [ -110.332684098713273, 54.425871849962967 ], [ -110.332691718749857, 54.425880398425484 ], [ -110.332699247108067, 54.425888979340293 ], [ -110.332706648338302, 54.425897592235152 ], [ -110.332713951028452, 54.425906243617099 ], [ -110.332721144312089, 54.425914920464749 ], [ -110.332728228807738, 54.425923630902524 ], [ -110.332735197851363, 54.425932365671976 ], [ -110.332742042024179, 54.425941139709352 ], [ -110.332748790621892, 54.42594993974798 ], [ -110.332755423563341, 54.425958765910529 ], [ -110.332761934088907, 54.42596762333563 ], [ -110.332768346686109, 54.425976513871355 ], [ -110.332774630509377, 54.425985423722871 ], [ -110.332780811895645, 54.425994365610443 ], [ -110.332786870655255, 54.426003327051824 ], [ -110.332792813146042, 54.426012319993852 ], [ -110.332798639157431, 54.426021332727686 ], [ -110.332804354945253, 54.426030378096272 ], [ -110.33280996132568, 54.426039448930787 ], [ -110.332815438931647, 54.426048539081251 ], [ -110.332820807028057, 54.426057655593766 ], [ -110.332826065716816, 54.42606679757224 ], [ -110.332831195630931, 54.426075958866733 ], [ -110.332836215314614, 54.426085139294969 ], [ -110.332841111656691, 54.42609434554992 ], [ -110.33284589848239, 54.426103564665972 ], [ -110.332850557362235, 54.426112822931252 ], [ -110.332855099755434, 54.426122087487506 ], [ -110.332859526484569, 54.426131364666944 ], [ -110.332863836127686, 54.426140680515985 ], [ -110.332868023034422, 54.426150003314163 ], [ -110.332872100526345, 54.426159338077426 ], [ -110.332876036029688, 54.426168699745702 ], [ -110.332879882097217, 54.426178074152531 ], [ -110.332883578587257, 54.426187460769818 ], [ -110.332887173250924, 54.426196874046823 ], [ -110.332890649992351, 54.426206292659288 ], [ -110.332893992429092, 54.426215738474305 ], [ -110.33289721848034, 54.426225189684274 ], [ -110.33290032876458, 54.426234654413655 ], [ -110.332903310272712, 54.426244138459154 ], [ -110.332906181542526, 54.42625362813763 ], [ -110.332908923111333, 54.42626313169616 ], [ -110.332911549014852, 54.426272647878001 ], [ -110.332914039171769, 54.426282176805834 ], [ -110.33291641509156, 54.426291705811572 ], [ -110.332918679242269, 54.426301253891843 ], [ -110.332920815330411, 54.426310815015562 ], [ -110.332922827857971, 54.42632037675633 ], [ -110.332924719394995, 54.426329957214691 ], [ -110.332926479788952, 54.426339537096538 ], [ -110.332928125129129, 54.426349124225105 ], [ -110.33292964240627, 54.426358724397154 ], [ -110.332931049342093, 54.426368331098352 ], [ -110.332932314274373, 54.426377937702682 ], [ -110.332933475114643, 54.426387550178006 ], [ -110.332934507891565, 54.426397175696835 ], [ -110.33293541782129, 54.426406795560034 ], [ -110.332936192819318, 54.426416421000461 ], [ -110.332936856652807, 54.426426046637822 ], [ -110.332937393136746, 54.426435679045959 ], [ -110.33293781159432, 54.426445317685783 ], [ -110.332938102695636, 54.426454949595332 ], [ -110.33293827105777, 54.426464588454188 ], [ -110.332938315959936, 54.426474227034035 ], [ -110.332940320906488, 54.427844544303881 ], [ -110.332964802248881, 54.435071940303473 ], [ -110.332977218039673, 54.439498650683177 ], [ -110.33297744535345, 54.439578005146707 ], [ -110.332977869411906, 54.439732074934305 ], [ -110.332985090324115, 54.442307747832444 ], [ -110.332985688686648, 54.442488450512734 ], [ -110.333009590901597, 54.449655736095032 ], [ -110.333009623743095, 54.449666277840969 ], [ -110.333009870841877, 54.449739593702773 ], [ -110.333009896884263, 54.449747335132869 ], [ -110.320820894010453, 54.449730602219702 ], [ -110.308410949697077, 54.449712507576869 ], [ -110.30810084932375, 54.449712871426122 ], [ -110.295625613818345, 54.449726669901764 ], [ -110.283127324618633, 54.449739186883043 ] ] ] ] } },
{ "type": "Feature", "properties": { "OBJECTID": 2, "AWR_NAME": null, "SHAPE.STArea()": 667173.77285487496, "SHAPE.STLength()": 3267.686211429475, "MB_NAME": "C.F.B. Cold Lake", "GlobalID": "{FDFEE09A-CFF6-411B-A7CC-D5BE5B1F248B}", "layer": "DND Military Base 1:27,733,946 to 1:433,343", "path": "url='https://geospatial.alberta.ca/titan/rest/services/boundary/military_base_and_training_ground/MapServer/11'" }, "geometry": { "type": "MultiPolygon", "coordinates": [ [ [ [ -110.182360849311365, 54.438718633574965 ], [ -110.182049712774912, 54.438717818148227 ], [ -110.175806355943848, 54.438725659526419 ], [ -110.175803289697271, 54.435109537860171 ], [ -110.175804117944423, 54.431496603291677 ], [ -110.182043114884479, 54.431491261813157 ], [ -110.182353041599185, 54.431490993931526 ], [ -110.188572407713806, 54.43149362962162 ], [ -110.188573066426343, 54.43510792979891 ], [ -110.188578035578544, 54.438720271321344 ], [ -110.182360849311365, 54.438718633574965 ] ] ] ] } },
{ "type": "Feature", "properties": { "OBJECTID": 3, "AWR_NAME": null, "SHAPE.STArea()": 22897475.787361261, "SHAPE.STLength()": 27559.847173340033, "MB_NAME": "Redwater Helicopter Training", "GlobalID": "{A51AD87A-6D7B-40A1-A777-44AB12BC1895}", "layer": "DND Military Base 1:27,733,946 to 1:433,343", "path": "url='https://geospatial.alberta.ca/titan/rest/services/boundary/military_base_and_training_ground/MapServer/11'" }, "geometry": { "type": "MultiPolygon", "coordinates": [ [ [ [ -112.913988697286385, 53.948840506106897 ], [ -112.913968424148393, 53.941620811188152 ], [ -112.926219184386071, 53.941623487322865 ], [ -112.926525501289063, 53.941623538817169 ], [ -112.926521055932795, 53.934397753368792 ], [ -112.926214791588265, 53.934397895705708 ], [ -112.913948194043854, 53.934403084346457 ], [ -112.90168153983312, 53.934406892730401 ], [ -112.901653715925605, 53.927126715391253 ], [ -112.913932100530118, 53.927149847159356 ], [ -112.926210333633506, 53.927171716164459 ], [ -112.926516539134639, 53.927172245057399 ], [ -112.926512093858335, 53.919946589162898 ], [ -112.926511980194775, 53.919765865333964 ], [ -112.926507737432857, 53.912571504820185 ], [ -112.938646462275045, 53.912577166381091 ], [ -112.950785123143206, 53.912581601420413 ], [ -112.951091225200756, 53.912581692535021 ], [ -112.951071599910492, 53.905357506321344 ], [ -112.963343003498167, 53.905328463003556 ], [ -112.975628852992898, 53.905297999982594 ], [ -112.975648803507525, 53.912524846478085 ], [ -112.975954899848091, 53.912524105131709 ], [ -112.988244947327033, 53.912540495476684 ], [ -113.000524999935337, 53.912555622946201 ], [ -113.000831105638525, 53.91255598564377 ], [ -113.013034546385455, 53.912580103888416 ], [ -113.025236891434645, 53.912602978157224 ], [ -113.025250437369138, 53.919812723653195 ], [ -113.013041123314778, 53.919796090142107 ], [ -113.000831763355379, 53.919778191061745 ], [ -113.000525603802174, 53.919777880064004 ], [ -113.00052562331895, 53.919958603335743 ], [ -113.000526391441483, 53.927186274582425 ], [ -113.000527171299083, 53.934413893362695 ], [ -112.988289912548069, 53.934396828988412 ], [ -112.988309206144308, 53.941592977264705 ], [ -112.988328643385572, 53.948827751092296 ], [ -112.976118171992425, 53.94882868767457 ], [ -112.975811804167975, 53.94882887472118 ], [ -112.963484821903407, 53.948835637316662 ], [ -112.951191259094514, 53.94884023198874 ], [ -112.950884891545812, 53.948840379700883 ], [ -112.938715082625038, 53.948845400932235 ], [ -112.926530023985038, 53.948849183079332 ], [ -112.926223655320996, 53.948848982735768 ], [ -112.913988697286385, 53.948840506106897 ] ] ] ] } },
{ "type": "Feature", "properties": { "OBJECTID": 4, "AWR_NAME": null, "SHAPE.STArea()": 820873.670124255, "SHAPE.STLength()": 3649.9110172278456, "MB_NAME": "Cardiff Transmitter Site", "GlobalID": "{F71B191D-3587-46FD-8BC5-450BB13DDBE9}", "layer": "DND Military Base 1:27,733,946 to 1:433,343", "path": "url='https://geospatial.alberta.ca/titan/rest/services/boundary/military_base_and_training_ground/MapServer/11'" }, "geometry": { "type": "MultiPolygon", "coordinates": [ [ [ [ -113.53011001220689, 53.789033281701776 ], [ -113.530134006125138, 53.781805518312559 ], [ -113.530134006429648, 53.78180546615846 ], [ -113.533373013915622, 53.781805486658982 ], [ -113.545616873519805, 53.781804767236324 ], [ -113.545623839151972, 53.789036339400795 ], [ -113.533348787716463, 53.789034085103097 ], [ -113.53011001220689, 53.789033281701776 ] ] ] ] } },
{ "type": "Feature", "properties": { "OBJECTID": 5, "AWR_NAME": null, "SHAPE.STArea()": 25420220.74793081, "SHAPE.STLength()": 20979.920186117877, "MB_NAME": "Edmonton Garrison", "GlobalID": "{2FB2D2FA-E631-4E4D-A261-D0C332215A2A}", "layer": "DND Military Base 1:27,733,946 to 1:433,343", "path": "url='https://geospatial.alberta.ca/titan/rest/services/boundary/military_base_and_training_ground/MapServer/11'" }, "geometry": { "type": "MultiPolygon", "coordinates": [ [ [ [ -113.430337922233591, 53.701520547844503 ], [ -113.430355556048298, 53.694276617666631 ], [ -113.430373237870981, 53.687028951861038 ], [ -113.430373676944839, 53.686848222851609 ], [ -113.430397678002649, 53.679612047210888 ], [ -113.430421686338576, 53.672382129534526 ], [ -113.430456200109731, 53.665150716569819 ], [ -113.430490824305508, 53.657901864579877 ], [ -113.430491682532491, 53.657721129362166 ], [ -113.430499042896969, 53.650500439584171 ], [ -113.442667874988629, 53.65050950045876 ], [ -113.442972081818525, 53.65050971330529 ], [ -113.45508230042212, 53.650519583332766 ], [ -113.467187003286142, 53.650528225944278 ], [ -113.467491203715426, 53.650528426540625 ], [ -113.479650615442765, 53.650537787408034 ], [ -113.491810074272252, 53.650545911354314 ], [ -113.492114274658931, 53.650546098116621 ], [ -113.503578075499391, 53.650547237547052 ], [ -113.503513406986883, 53.665216385400221 ], [ -113.503504653107356, 53.667454027022274 ], [ -113.503485105479285, 53.672459379821625 ], [ -113.503466914588728, 53.676965910044586 ], [ -113.503465597695907, 53.677281574313582 ], [ -113.503455037178185, 53.679684540032689 ], [ -113.503438794483444, 53.683298046292506 ], [ -113.503434282399098, 53.684406651622993 ], [ -113.503433616843807, 53.684547948719917 ], [ -113.50342325024863, 53.686858688788746 ], [ -113.503422248984052, 53.687130262604477 ], [ -113.503399108246654, 53.694119495079867 ], [ -113.493991389209341, 53.69410111292509 ], [ -113.493974697982495, 53.694100538817864 ], [ -113.493958000966472, 53.69410004197443 ], [ -113.493941304893553, 53.694099603594331 ], [ -113.493924587885587, 53.694099242287564 ], [ -113.493907884777585, 53.694098958492155 ], [ -113.493891168788693, 53.694098738381989 ], [ -113.493874459319386, 53.694098590294679 ], [ -113.493857730204496, 53.694098525591876 ], [ -113.493841019982412, 53.69409852587323 ], [ -113.493824304451977, 53.694098589935031 ], [ -113.493807581360173, 53.694098738432629 ], [ -113.493790865044318, 53.694098951761987 ], [ -113.493774155311741, 53.694099235316408 ], [ -113.493757445847194, 53.694099596210769 ], [ -113.493740748959851, 53.694100029204158 ], [ -113.493724045024351, 53.694100532251205 ], [ -113.493707355212521, 53.694101106517422 ], [ -113.493690684100102, 53.694101751161107 ], [ -113.493673999592048, 53.694102473872192 ], [ -113.493657335522542, 53.694103260687612 ], [ -113.493640683804955, 53.694104125894285 ], [ -113.493624025263472, 53.694105054862383 ], [ -113.493607398827393, 53.694106060671629 ], [ -113.493590786482272, 53.69410713859898 ], [ -113.493574179204828, 53.694108286732401 ], [ -113.493557580216773, 53.694109499716646 ], [ -113.4935409996705, 53.694110790269491 ], [ -113.493524451229234, 53.694112157663525 ], [ -113.493507895931359, 53.694113589717894 ], [ -113.493491373155706, 53.694115086927958 ], [ -113.493474876201716, 53.694116667195225 ], [ -113.493458392080356, 53.694118312370527 ], [ -113.493441920341979, 53.694120035038246 ], [ -113.493425475099329, 53.694121821886604 ], [ -113.493409042689066, 53.694123673643027 ], [ -113.49339265575739, 53.694125609603248 ], [ -113.493376281946937, 53.694127602381577 ], [ -113.493359920486952, 53.694129673551259 ], [ -113.49334359741411, 53.69413181534626 ], [ -113.49332730686271, 53.694134022297057 ], [ -113.493311030240349, 53.694136305860518 ], [ -113.493294790458208, 53.694138660929163 ], [ -113.493278584743962, 53.694141080273795 ], [ -113.493262384320673, 53.694143563532386 ], [ -113.49324623565829, 53.694146124778946 ], [ -113.493230125575238, 53.694148751257622 ], [ -113.493214021847848, 53.694151454253692 ], [ -113.493197970362885, 53.694154221754523 ], [ -113.493181957232196, 53.694157060779688 ], [ -113.493165976879155, 53.694159957769664 ], [ -113.493150022570944, 53.694162931524879 ], [ -113.493134106391992, 53.694165983096639 ], [ -113.493118235107062, 53.694169092785728 ], [ -113.493102396599525, 53.694172260439736 ], [ -113.493086595771345, 53.69417551849471 ], [ -113.493070840061804, 53.694178828374888 ], [ -113.493055112136105, 53.6941822087472 ], [ -113.49303944073894, 53.694185660872677 ], [ -113.493023814042715, 53.694189176508907 ], [ -113.49300821380821, 53.69419275722494 ], [ -113.492992678996814, 53.694196415201837 ], [ -113.492977175447677, 53.694200131124695 ], [ -113.492961723883056, 53.694203918743625 ], [ -113.492946310960747, 53.694207769797131 ], [ -113.492930962364269, 53.694211686407023 ], [ -113.492915652409991, 53.694215666451527 ], [ -113.492900380808777, 53.694219718020641 ], [ -113.492885175079891, 53.694223834266374 ], [ -113.492870006446353, 53.694228014826606 ], [ -113.492854903685057, 53.69423226006348 ], [ -113.492839839533559, 53.694236569633965 ], [ -113.492824832166704, 53.694240943766765 ], [ -113.492809883099056, 53.694245382481007 ], [ -113.492794980213944, 53.69424988562416 ], [ -113.492780135370907, 53.694254460539888 ], [ -113.492765361457529, 53.694259085807396 ], [ -113.492750631954948, 53.694263782675939 ], [ -113.492735960751318, 53.694268544126011 ], [ -113.492721346813852, 53.69427335665528 ], [ -113.49270679220794, 53.694278247268443 ], [ -113.492692296382742, 53.694283188979909 ], [ -113.492677857341704, 53.694288195253925 ], [ -113.492663494774305, 53.694293266338313 ], [ -113.492649192020181, 53.694298402023414 ], [ -113.492634940216675, 53.694303595902674 ], [ -113.492620753027083, 53.69430884724877 ], [ -113.492606636252688, 53.694314163329103 ], [ -113.492598196210764, 53.694317386268409 ], [ -113.49193703311235, 53.694316072555559 ], [ -113.49163251491008, 53.694315710680726 ], [ -113.479485005442527, 53.694300479064722 ], [ -113.467343593003761, 53.69428403278058 ], [ -113.467039076433664, 53.694283793687035 ], [ -113.467007479171599, 53.701520692697628 ], [ -113.454897505388786, 53.701519245943608 ], [ -113.442786486142907, 53.701514268517947 ], [ -113.442481910759184, 53.70151443709252 ], [ -113.430337922233591, 53.701520547844503 ] ] ] ] } },
{ "type": "Feature", "properties": { "OBJECTID": 6, "AWR_NAME": null, "SHAPE.STArea()": 646405.76093356998, "SHAPE.STLength()": 3215.9844453737987, "MB_NAME": "Riverbend Receiver Site", "GlobalID": "{29B2C218-6B18-4057-A7D7-4359ED293A28}", "layer": "DND Military Base 1:27,733,946 to 1:433,343", "path": "url='https://geospatial.alberta.ca/titan/rest/services/boundary/military_base_and_training_ground/MapServer/11'" }, "geometry": { "type": "MultiPolygon", "coordinates": [ [ [ [ -113.307602190341598, 53.679473321673058 ], [ -113.307652562217527, 53.672234342729865 ], [ -113.319801168296408, 53.6722739099271 ], [ -113.319752254604936, 53.679520871197674 ], [ -113.307602190341598, 53.679473321673058 ] ] ] ] } },
{ "type": "Feature", "properties": { "OBJECTID": 7, "AWR_NAME": null, "SHAPE.STArea()": 18130.06854891, "SHAPE.STLength()": 552.41379264752754, "MB_NAME": "LFWA HQ L-1", "GlobalID": "{E59F8564-1B4D-4033-B108-7173577B2D7E}", "layer": "DND Military Base 1:27,733,946 to 1:433,343", "path": "url='https://geospatial.alberta.ca/titan/rest/services/boundary/military_base_and_training_ground/MapServer/11'" }, "geometry": { "type": "MultiPolygon", "coordinates": [ [ [ [ -113.49767583225956, 53.611824305701901 ], [ -113.498120412282958, 53.611823205695643 ], [ -113.498121916728323, 53.611696246447394 ], [ -113.498125387214813, 53.611575164543929 ], [ -113.498123626383091, 53.61155212925236 ], [ -113.500244378341677, 53.611557662577255 ], [ -113.500355672110388, 53.612203856433091 ], [ -113.499064883084287, 53.61263742429901 ], [ -113.497666250864626, 53.612631561650595 ], [ -113.49767583225956, 53.611824305701901 ] ] ] ] } },
{ "type": "Feature", "properties": { "OBJECTID": 8, "AWR_NAME": null, "SHAPE.STArea()": 31922.664967004999, "SHAPE.STLength()": 860.34536279435656, "MB_NAME": "Jefferson Armoury", "GlobalID": "{9B35974B-002E-41D7-A25C-7A1CAE11DD29}", "layer": "DND Military Base 1:27,733,946 to 1:433,343", "path": "url='https://geospatial.alberta.ca/titan/rest/services/boundary/military_base_and_training_ground/MapServer/11'" }, "geometry": { "type": "MultiPolygon", "coordinates": [ [ [ [ -113.508924920413989, 53.568797431969998 ], [ -113.507715771005991, 53.568792394585351 ], [ -113.507714903451031, 53.568703166078741 ], [ -113.507714877984242, 53.568243447412492 ], [ -113.507515605315547, 53.568107415461412 ], [ -113.507515335335341, 53.568107231331474 ], [ -113.507471316301846, 53.568077181119769 ], [ -113.507470941576273, 53.568076925536595 ], [ -113.507202001454246, 53.567893334272235 ], [ -113.50720127563234, 53.567892838687314 ], [ -113.507136451546558, 53.567848585801016 ], [ -113.507099473251415, 53.567812653720949 ], [ -113.507042099272624, 53.567752090387621 ], [ -113.506988051040651, 53.56768327961462 ], [ -113.506943350568562, 53.567612131294233 ], [ -113.506908279557038, 53.567539095909844 ], [ -113.506883058950393, 53.567464633076824 ], [ -113.506867847364575, 53.567389213321299 ], [ -113.506862742788883, 53.567313312705281 ], [ -113.506862343344778, 53.56646025589275 ], [ -113.507734184531486, 53.566463671607437 ], [ -113.508276488738957, 53.566191705719092 ], [ -113.508278486858742, 53.566000788522061 ], [ -113.508724363021145, 53.566002470688055 ], [ -113.508711570957772, 53.567750857614179 ], [ -113.509268410169497, 53.568122765390164 ], [ -113.509264696321964, 53.568783835752775 ], [ -113.509264693050469, 53.568784186442244 ], [ -113.509264611639551, 53.568798783899446 ], [ -113.50900030549198, 53.568797745801184 ], [ -113.508931226917028, 53.568797458428755 ], [ -113.508924920413989, 53.568797431969998 ] ] ] ] } },
{ "type": "Feature", "properties": { "OBJECTID": 9, "AWR_NAME": null, "SHAPE.STArea()": 11446.742612795, "SHAPE.STLength()": 460.70044563208353, "MB_NAME": "HMCS Nonsuch", "GlobalID": "{95D4C394-4EEF-4CFB-8A0E-6B20875B92A3}", "layer": "DND Military Base 1:27,733,946 to 1:433,343", "path": "url='https://geospatial.alberta.ca/titan/rest/services/boundary/military_base_and_training_ground/MapServer/11'" }, "geometry": { "type": "MultiPolygon", "coordinates": [ [ [ [ -113.523835584072572, 53.56719984135141 ], [ -113.523032271610873, 53.566858798282595 ], [ -113.523053306408428, 53.566841245496249 ], [ -113.523569493627079, 53.566410468136887 ], [ -113.523703391574827, 53.566298546395679 ], [ -113.523516149011286, 53.566219045926914 ], [ -113.523556208581368, 53.566185605945833 ], [ -113.524063954845559, 53.565761833337717 ], [ -113.524384087495889, 53.565739223868562 ], [ -113.525075524831152, 53.566036157517054 ], [ -113.525075515533572, 53.566084677011716 ], [ -113.525075487392982, 53.566255258809129 ], [ -113.524457819141546, 53.566769960945663 ], [ -113.524386700459729, 53.566739721002044 ], [ -113.524324297051976, 53.566791821229238 ], [ -113.523878968725938, 53.567163620400855 ], [ -113.523835584072572, 53.56719984135141 ] ] ] ] } },
{ "type": "Feature", "properties": { "OBJECTID": 10, "AWR_NAME": null, "SHAPE.STArea()": 51651.733162864999, "SHAPE.STLength()": 935.57884116049422, "MB_NAME": "Debney Armoury", "GlobalID": "{45D035E6-E598-4EAF-8891-015BE36C2AF6}", "layer": "DND Military Base 1:27,733,946 to 1:433,343", "path": "url='https://geospatial.alberta.ca/titan/rest/services/boundary/military_base_and_training_ground/MapServer/11'" }, "geometry": { "type": "MultiPolygon", "coordinates": [ [ [ [ -113.44612763897419, 53.489913584785633 ], [ -113.44601737345323, 53.489857952096507 ], [ -113.445900910922703, 53.489807008733372 ], [ -113.445778810919379, 53.489760999378078 ], [ -113.445651660988744, 53.489720144796593 ], [ -113.445520069182322, 53.489684640842334 ], [ -113.445475793858989, 53.489674132708657 ], [ -113.445481966488018, 53.489072747159938 ], [ -113.445491761391125, 53.488118191910992 ], [ -113.445539884268499, 53.488118365585926 ], [ -113.449668200515987, 53.488133198618534 ], [ -113.449872559130782, 53.488205256217583 ], [ -113.450132139533636, 53.488480801526848 ], [ -113.450086619118849, 53.488599378039119 ], [ -113.449888062643609, 53.488687724282514 ], [ -113.449695723636481, 53.488780835436557 ], [ -113.449678271093049, 53.488789676906343 ], [ -113.449505472833422, 53.488880957545639 ], [ -113.449338625114933, 53.488976095925345 ], [ -113.449177971254656, 53.48907495313464 ], [ -113.449154921471816, 53.489089732979842 ], [ -113.448887008357275, 53.489261518874571 ], [ -113.448871414693329, 53.489271518408316 ], [ -113.447072639618966, 53.490424842443346 ], [ -113.44612763897419, 53.489913584785633 ] ] ] ] } },
{ "type": "Feature", "properties": { "OBJECTID": 11, "AWR_NAME": null, "SHAPE.STArea()": 157471014.09439179, "SHAPE.STLength()": 54245.96128104184, "MB_NAME": "C.F.B. Wainwright", "GlobalID": "{CC1FFA47-1F7C-47F1-BE65-80D96B857FA8}", "layer": "DND Military Base 1:27,733,946 to 1:433,343", "path": "url='https://geospatial.alberta.ca/titan/rest/services/boundary/military_base_and_training_ground/MapServer/11'" }, "geometry": { "type": "MultiPolygon", "coordinates": [ [ [ [ -110.584548126501929, 52.712217946916816 ], [ -110.584535805582249, 52.704976740802756 ], [ -110.584527347268335, 52.697735237679694 ], [ -110.584527133975385, 52.697554482920275 ], [ -110.584517934082271, 52.690314966281456 ], [ -110.584508922579815, 52.683073134420333 ], [ -110.584495497540843, 52.675829011791727 ], [ -110.584480593260238, 52.667806669436729 ], [ -110.584480270556298, 52.667633261931812 ], [ -110.581063528239881, 52.667628039090317 ], [ -110.581053551771873, 52.659615346781457 ], [ -110.581044042358926, 52.652383746025578 ], [ -110.581038804689612, 52.645153545093471 ], [ -110.581033545738933, 52.637923370314006 ], [ -110.581033411048296, 52.637742608284405 ], [ -110.581027559718066, 52.630500426814478 ], [ -110.592867492753669, 52.630521705375834 ], [ -110.592859432018102, 52.623288428116439 ], [ -110.604693289126686, 52.623306239810603 ], [ -110.604990312343276, 52.623306671866438 ], [ -110.616839402621522, 52.623319155296841 ], [ -110.628645932161746, 52.623302928342142 ], [ -110.628942954390808, 52.623302502600453 ], [ -110.640842050387832, 52.623337817497806 ], [ -110.65269862421674, 52.623347294183624 ], [ -110.652995653976333, 52.623347512893602 ], [ -110.664828712019428, 52.623365590327886 ], [ -110.676634433548713, 52.62337541880936 ], [ -110.676931464667859, 52.623375651349086 ], [ -110.68881425086208, 52.623407540249929 ], [ -110.700669462089692, 52.62343089424504 ], [ -110.700966487274712, 52.623431468364046 ], [ -110.712797873729329, 52.623457757704209 ], [ -110.712793388790303, 52.616213821841228 ], [ -110.724623404906595, 52.616237376867872 ], [ -110.724920383608136, 52.616237950961327 ], [ -110.724926387197485, 52.623483466089844 ], [ -110.736755728009612, 52.623431955237592 ], [ -110.748585003636776, 52.623379251131617 ], [ -110.748882035033859, 52.623377915620672 ], [ -110.760742422446839, 52.623354735787345 ], [ -110.772613753204553, 52.623334298925471 ], [ -110.772910786741249, 52.623333770962439 ], [ -110.784738189101219, 52.623310986233861 ], [ -110.796559996827924, 52.623286143314012 ], [ -110.796857030552417, 52.623285504691992 ], [ -110.80867943958971, 52.623258887863152 ], [ -110.820349447908967, 52.623231451773464 ], [ -110.820349434268053, 52.623245154562156 ], [ -110.820349324182175, 52.623354709337981 ], [ -110.820342417797278, 52.630456794821789 ], [ -110.820335380673782, 52.637686383238524 ], [ -110.820335199294206, 52.637867144415473 ], [ -110.820328169994568, 52.645096713561891 ], [ -110.820321127441275, 52.652326269997005 ], [ -110.820314071638649, 52.659555813721482 ], [ -110.820306114489895, 52.6676994098517 ], [ -110.820305913677558, 52.667896467955117 ], [ -110.820301184382444, 52.672635241682613 ], [ -110.82029778865558, 52.676018914918053 ], [ -110.820296677283366, 52.677130208335036 ], [ -110.82029131263306, 52.68246962434268 ], [ -110.82029774812402, 52.682725850531483 ], [ -110.82031758539307, 52.682981818391717 ], [ -110.820350810235325, 52.683237276314749 ], [ -110.820352931955256, 52.683250721476021 ], [ -110.820355100391538, 52.683264173687206 ], [ -110.820357306585151, 52.683277618232047 ], [ -110.820517097628212, 52.683954103097648 ], [ -110.820770720519661, 52.684619910309905 ], [ -110.821116357823527, 52.685270253689836 ], [ -110.821551511732622, 52.68590044164381 ], [ -110.822073064418376, 52.686505926124518 ], [ -110.823905263989502, 52.688428567890682 ], [ -110.824459401675298, 52.689080665155764 ], [ -110.824908031940396, 52.689762053273135 ], [ -110.825247010209409, 52.690466461089102 ], [ -110.825439213348631, 52.691050106955018 ], [ -110.825556063563596, 52.691641068982086 ], [ -110.825596857252492, 52.692235765876092 ], [ -110.825614040013605, 52.697694289579452 ], [ -110.814099902267216, 52.697703042336798 ], [ -110.80215487613745, 52.697709525846136 ], [ -110.802155254666118, 52.697890281159893 ], [ -110.802170316867603, 52.705118933564933 ], [ -110.802185409152557, 52.712347566625866 ], [ -110.801887775728659, 52.712347708921087 ], [ -110.789940751195132, 52.712352721367033 ], [ -110.777993758476953, 52.712356547220999 ], [ -110.777696125522752, 52.712356489072739 ], [ -110.765751275650871, 52.712353631503163 ], [ -110.753806670123765, 52.712348760986394 ], [ -110.753509030716074, 52.712347540943519 ], [ -110.741570069884446, 52.712298034074074 ], [ -110.729631112895362, 52.712247292269282 ], [ -110.729333481128222, 52.712246866811434 ], [ -110.717393673247329, 52.712229098788157 ], [ -110.705453915778747, 52.712210124352886 ], [ -110.705156285203913, 52.71221025361065 ], [ -110.693220416852, 52.712214699023697 ], [ -110.681284738322844, 52.712217937747496 ], [ -110.680987107042043, 52.712217538048669 ], [ -110.669053645813875, 52.71220092502039 ], [ -110.657120100427036, 52.712183143696265 ], [ -110.656822471071493, 52.712182995759363 ], [ -110.644869131500741, 52.712176417906122 ], [ -110.632915546404007, 52.712168503809728 ], [ -110.632617910226969, 52.712168355808217 ], [ -110.620666944693568, 52.712161758073371 ], [ -110.608721856241189, 52.712156593388364 ], [ -110.608424226584859, 52.71215732879174 ], [ -110.59648393217428, 52.712186415722108 ], [ -110.584548126501929, 52.712217946916816 ] ] ] ] } },
{ "type": "Feature", "properties": { "OBJECTID": 12, "AWR_NAME": null, "SHAPE.STArea()": 24223.274198455001, "SHAPE.STLength()": 669.16820741751212, "MB_NAME": "Red Deer Armoury", "GlobalID": "{70FB11E8-54FC-4DB0-AD9C-62088F55028D}", "layer": "DND Military Base 1:27,733,946 to 1:433,343", "path": "url='https://geospatial.alberta.ca/titan/rest/services/boundary/military_base_and_training_ground/MapServer/11'" }, "geometry": { "type": "MultiPolygon", "coordinates": [ [ [ [ -113.799249436344184, 52.276101500010668 ], [ -113.798282207718756, 52.276103006480874 ], [ -113.798274251388577, 52.274043361730179 ], [ -113.799836286436829, 52.274047800157639 ], [ -113.799834526815616, 52.274431316515461 ], [ -113.799826815900005, 52.276100591755785 ], [ -113.799797512236296, 52.276100636503635 ], [ -113.799366630860192, 52.276101306923536 ], [ -113.799337334357133, 52.276101357926258 ], [ -113.799249436344184, 52.276101500010668 ] ] ] ] } },
{ "type": "Feature", "properties": { "OBJECTID": 13, "AWR_NAME": null, "SHAPE.STArea()": 178911.876961345, "SHAPE.STLength()": 2358.1487516007164, "MB_NAME": "Ghost River Cadet Camp", "GlobalID": "{1E79FE1B-6650-453F-AC39-6A2E52C9894D}", "layer": "DND Military Base 1:27,733,946 to 1:433,343", "path": "url='https://geospatial.alberta.ca/titan/rest/services/boundary/military_base_and_training_ground/MapServer/11'" }, "geometry": { "type": "MultiPolygon", "coordinates": [ [ [ [ -114.937392551791163, 51.314911916106915 ], [ -114.937546417240114, 51.315360150280817 ], [ -114.936087349189506, 51.315539657692774 ], [ -114.93604522471388, 51.316266211017918 ], [ -114.935729346784612, 51.317431241033567 ], [ -114.935656267453581, 51.318131369359151 ], [ -114.935247408886013, 51.318358343819909 ], [ -114.934856426605037, 51.318706298319704 ], [ -114.934554946739368, 51.319373626821516 ], [ -114.934000486213108, 51.319598296786332 ], [ -114.93430345459609, 51.319907022318617 ], [ -114.934340259587501, 51.320478632122466 ], [ -114.934365780337316, 51.320514749548849 ], [ -114.934186190711827, 51.320584861584969 ], [ -114.934036654301508, 51.320294683256307 ], [ -114.934035494484888, 51.320206641664846 ], [ -114.933523921385785, 51.319879977630229 ], [ -114.933068019594344, 51.319425480805769 ], [ -114.932404741188591, 51.318296822996729 ], [ -114.93106713580319, 51.318630224115779 ], [ -114.931089172112166, 51.31867376070403 ], [ -114.930774488532904, 51.318908376668823 ], [ -114.93099254412833, 51.319167655033617 ], [ -114.93059614144272, 51.319272014259191 ], [ -114.930319419548027, 51.319011613598271 ], [ -114.93016862735432, 51.318970984150823 ], [ -114.930114506296206, 51.318844997319644 ], [ -114.929372057032168, 51.31850214757425 ], [ -114.929061834865053, 51.318221799931678 ], [ -114.928790181021071, 51.318049348705273 ], [ -114.929447092637503, 51.316834202637374 ], [ -114.929313026759488, 51.316667186523645 ], [ -114.929462815758853, 51.316405044038369 ], [ -114.929537735050715, 51.316331780727857 ], [ -114.932268374284405, 51.316473653400912 ], [ -114.932299173439603, 51.315846830810365 ], [ -114.932720774870063, 51.314931303709756 ], [ -114.932744262840103, 51.314880296906054 ], [ -114.937385187151079, 51.314890463350288 ], [ -114.937392551791163, 51.314911916106915 ] ] ] ] } },
{ "type": "Feature", "properties": { "OBJECTID": 14, "AWR_NAME": null, "SHAPE.STArea()": 13330.020143969999, "SHAPE.STLength()": 468.61443421589991, "MB_NAME": "Calgary Northeast Armoury", "GlobalID": "{464CAB25-BEEF-4136-8410-E9C154594A57}", "layer": "DND Military Base 1:27,733,946 to 1:433,343", "path": "url='https://geospatial.alberta.ca/titan/rest/services/boundary/military_base_and_training_ground/MapServer/11'" }, "geometry": { "type": "MultiPolygon", "coordinates": [ [ [ [ -114.033030245198105, 51.08710440335399 ], [ -114.032377825248716, 51.087103499323291 ], [ -114.032379721556794, 51.086666095022522 ], [ -114.032381623841943, 51.086228673646367 ], [ -114.033033952091927, 51.086229408680374 ], [ -114.033686274978564, 51.086230139076967 ], [ -114.034338596710654, 51.086230866677695 ], [ -114.034335071425076, 51.087106203582678 ], [ -114.033682665345069, 51.087105305407164 ], [ -114.033030245198105, 51.08710440335399 ] ] ] ] } },
{ "type": "Feature", "properties": { "OBJECTID": 15, "AWR_NAME": null, "SHAPE.STArea()": 11232.562956025, "SHAPE.STLength()": 453.99771840590779, "MB_NAME": "Calgary Mewata Armoury", "GlobalID": "{DD854BEF-D231-44A2-9F7C-83298FB470A8}", "layer": "DND Military Base 1:27,733,946 to 1:433,343", "path": "url='https://geospatial.alberta.ca/titan/rest/services/boundary/military_base_and_training_ground/MapServer/11'" }, "geometry": { "type": "MultiPolygon", "coordinates": [ [ [ [ -114.089809423555877, 51.046851149071443 ], [ -114.088845636246262, 51.046824029007233 ], [ -114.088787783503847, 51.046781255883872 ], [ -114.08886224194076, 51.045727626815605 ], [ -114.088884212220435, 51.04541663221196 ], [ -114.089909017346741, 51.045445561539466 ], [ -114.089886964317316, 51.045756537641111 ], [ -114.089809423555877, 51.046851149071443 ] ] ] ] } },
{ "type": "Feature", "properties": { "OBJECTID": 16, "AWR_NAME": null, "SHAPE.STArea()": 39083.770437974999, "SHAPE.STLength()": 804.96297337425472, "MB_NAME": "HMCS Tecumseh", "GlobalID": "{721A673A-6B6E-4DD2-A953-3B9A8750280B}", "layer": "DND Military Base 1:27,733,946 to 1:433,343", "path": "url='https://geospatial.alberta.ca/titan/rest/services/boundary/military_base_and_training_ground/MapServer/11'" }, "geometry": { "type": "MultiPolygon", "coordinates": [ [ [ [ -114.114173935039048, 51.037724477479138 ], [ -114.114172954600761, 51.037009298643937 ], [ -114.115619284250826, 51.036295684420757 ], [ -114.117216969271254, 51.036034347914558 ], [ -114.117765724686478, 51.036034088770144 ], [ -114.117766940662676, 51.03773778484581 ], [ -114.114173951225212, 51.037736798013938 ], [ -114.114173935039048, 51.037724477479138 ] ] ] ] } },
{ "type": "Feature", "properties": { "OBJECTID": 17, "AWR_NAME": null, "SHAPE.STArea()": 28918.436949309998, "SHAPE.STLength()": 689.94953821428874, "MB_NAME": "ASU Calgary", "GlobalID": "{C21586A6-9174-477A-97CA-A48C67913843}", "layer": "DND Military Base 1:27,733,946 to 1:433,343", "path": "url='https://geospatial.alberta.ca/titan/rest/services/boundary/military_base_and_training_ground/MapServer/11'" }, "geometry": { "type": "MultiPolygon", "coordinates": [ [ [ [ -114.121688351131624, 51.016554035446966 ], [ -114.120668342156122, 51.016551995302649 ], [ -114.120651732076311, 51.016551551815233 ], [ -114.120635136790384, 51.016550929410393 ], [ -114.120618562036597, 51.016550126332056 ], [ -114.1206020092242, 51.016549143490501 ], [ -114.120585486875498, 51.016547982749145 ], [ -114.120568997876802, 51.016546642330468 ], [ -114.120552549358379, 51.016545122288129 ], [ -114.120536142695485, 51.016543425331434 ], [ -114.120519786461429, 51.016541550625277 ], [ -114.120503483491447, 51.016539499090683 ], [ -114.120487238080827, 51.016537269860365 ], [ -114.120471055865778, 51.01653486657532 ], [ -114.120454942601668, 51.016532286580009 ], [ -114.120438901072617, 51.016529533493909 ], [ -114.120422936999944, 51.016526606460545 ], [ -114.120407056053892, 51.016523507321878 ], [ -114.12039125964364, 51.0165202369882 ], [ -114.120375556342509, 51.016516794624444 ], [ -114.120359948951673, 51.016513182950639 ], [ -114.120344441732314, 51.016509402898528 ], [ -114.120329040371701, 51.016505455410638 ], [ -114.120313749148053, 51.016501340519198 ], [ -114.120298570845463, 51.016497061843744 ], [ -114.120283511185207, 51.016492618527778 ], [ -114.120268577246478, 51.016488013323539 ], [ -114.120253767603387, 51.016483246220353 ], [ -114.120239092204187, 51.016478319092421 ], [ -114.120224553849951, 51.016473234659777 ], [ -114.120210153966866, 51.016467992933229 ], [ -114.120195901077096, 51.016462595776282 ], [ -114.120181796572751, 51.016457044998688 ], [ -114.120167846140987, 51.016451341542989 ], [ -114.120175045486747, 51.016430702467915 ], [ -114.120201299832175, 51.016354177023793 ], [ -114.120206042492626, 51.016033793262977 ], [ -114.120214357284397, 51.015473648034728 ], [ -114.120205486473566, 51.015452156541436 ], [ -114.12139196302077, 51.015460871667237 ], [ -114.121700162704855, 51.015371061339842 ], [ -114.122828287740845, 51.015365166591899 ], [ -114.123460662979042, 51.015614399954828 ], [ -114.123524222058691, 51.015667800290124 ], [ -114.123527356908014, 51.016034133862121 ], [ -114.123530249646251, 51.016413311429474 ], [ -114.123516044190836, 51.016496393751943 ], [ -114.123514519510195, 51.016502599664378 ], [ -114.123512099908183, 51.016508690007498 ], [ -114.123508804855518, 51.016514615447626 ], [ -114.123504662413083, 51.0165203249162 ], [ -114.123499710539122, 51.016525771917095 ], [ -114.123493985766061, 51.016530909943469 ], [ -114.123487540261735, 51.016535695304668 ], [ -114.123480426126292, 51.016540087908069 ], [ -114.123472705391279, 51.016544050434398 ], [ -114.123464439986563, 51.016547550961491 ], [ -114.123455701790419, 51.01655055944105 ], [ -114.123446564039327, 51.016553049433512 ], [ -114.123437101260265, 51.016555001706081 ], [ -114.123427396519418, 51.016556397989675 ], [ -114.123417529878409, 51.016557228089368 ], [ -114.123407582756997, 51.016557485418971 ], [ -114.121688351131624, 51.016554035446966 ] ] ] ] } },
{ "type": "Feature", "properties": { "OBJECTID": 18, "AWR_NAME": null, "SHAPE.STArea()": 52224.903185149997, "SHAPE.STLength()": 938.07412055299676, "MB_NAME": "Museum of the Regiments", "GlobalID": "{1BC5E3B1-2514-497A-A8AD-7DC8F41C1FD9}", "layer": "DND Military Base 1:27,733,946 to 1:433,343", "path": "url='https://geospatial.alberta.ca/titan/rest/services/boundary/military_base_and_training_ground/MapServer/11'" }, "geometry": { "type": "MultiPolygon", "coordinates": [ [ [ [ -114.116152605170427, 51.014684575273677 ], [ -114.116152360093409, 51.014448635693519 ], [ -114.114578185691741, 51.014442833988063 ], [ -114.114564659782445, 51.014434152594397 ], [ -114.11451149793146, 51.014400600962063 ], [ -114.114512165190803, 51.012729767852747 ], [ -114.114512231395921, 51.012467511718079 ], [ -114.114512100670495, 51.012420374594456 ], [ -114.11764334345817, 51.01241757593251 ], [ -114.117642870943953, 51.014575669021184 ], [ -114.117621672108115, 51.014684592616327 ], [ -114.116152605170427, 51.014684575273677 ] ] ] ] } },
{ "type": "Feature", "properties": { "OBJECTID": 19, "AWR_NAME": null, "SHAPE.STArea()": 2597818566.267828, "SHAPE.STLength()": 262304.57666458946, "MB_NAME": "C.F.B. Suffield", "GlobalID": "{E3FFDCE9-2299-4A0F-BED7-2580DDC8AB80}", "layer": "DND Military Base 1:27,733,946 to 1:433,343", "path": "url='https://geospatial.alberta.ca/titan/rest/services/boundary/military_base_and_training_ground/MapServer/11'" }, "geometry": { "type": "MultiPolygon", "coordinates": [ [ [ [ -110.281981626673016, 50.703017186029122 ], [ -110.281959506985359, 50.695778904797706 ], [ -110.281931232060742, 50.688538661256914 ], [ -110.281930528713687, 50.688357836089438 ], [ -110.281914299214279, 50.681133592231028 ], [ -110.281899761036783, 50.673903420046003 ], [ -110.281869789852919, 50.666682202930787 ], [ -110.281864177091521, 50.659449550553731 ], [ -110.281864042569566, 50.65926872636318 ], [ -110.281827287516137, 50.652039073766922 ], [ -110.281787305883043, 50.64480440865956 ], [ -110.281767686855645, 50.637565685529786 ], [ -110.281733319603717, 50.630320607327853 ], [ -110.281732461241134, 50.630139789470782 ], [ -110.281704900344948, 50.622910633556145 ], [ -110.281685136490978, 50.616950130641776 ], [ -110.281810751362627, 50.616683794592518 ], [ -110.282072790827101, 50.615680213100767 ], [ -110.282112990157586, 50.615526252386459 ], [ -110.282165306425398, 50.615414440240158 ], [ -110.282258189734108, 50.615269401794656 ], [ -110.282301165040209, 50.615124112450914 ], [ -110.282309132684688, 50.61491746854152 ], [ -110.282371002961384, 50.614689424240296 ], [ -110.28265950037661, 50.613946331652222 ], [ -110.282807475080475, 50.613663841994878 ], [ -110.283873745947247, 50.612322240184945 ], [ -110.284286507486513, 50.611916570919583 ], [ -110.2845874820256, 50.611679209814909 ], [ -110.286402998485272, 50.610510082362069 ], [ -110.287761702210176, 50.609758431088004 ], [ -110.288954226621343, 50.609187121290134 ], [ -110.290312343175998, 50.608620390761871 ], [ -110.290639440140183, 50.608458597139133 ], [ -110.29077490443612, 50.60839158407569 ], [ -110.291191304544114, 50.608212448386709 ], [ -110.291599227010664, 50.607991590182806 ], [ -110.291888060454582, 50.607805764843782 ], [ -110.292158860491497, 50.607675674554294 ], [ -110.2930713704461, 50.607318105883692 ], [ -110.293435641874908, 50.607175363861238 ], [ -110.293942112219995, 50.606934911396124 ], [ -110.294378119872491, 50.606647370445053 ], [ -110.294729713475746, 50.606406176693923 ], [ -110.29497781048822, 50.606291421562439 ], [ -110.29512374598032, 50.606243660752504 ], [ -110.295285094735405, 50.606248253269897 ], [ -110.295475241972952, 50.606198194985815 ], [ -110.295755566064145, 50.606089420132541 ], [ -110.296065526734068, 50.605939613607895 ], [ -110.296273179261519, 50.605779865525335 ], [ -110.296476598524293, 50.605662046370774 ], [ -110.296775255716184, 50.60553943298909 ], [ -110.297024546313793, 50.605484013752296 ], [ -110.297242721720593, 50.60536323242971 ], [ -110.297939405241706, 50.605073935742162 ], [ -110.298308012270411, 50.604952450768238 ], [ -110.298672166498008, 50.604863521530177 ], [ -110.299082682879586, 50.604732997912549 ], [ -110.299437542383899, 50.604591578157475 ], [ -110.30001205816086, 50.604434570946438 ], [ -110.300458148232806, 50.60429380893045 ], [ -110.30112117519289, 50.60397022763523 ], [ -110.301434839386985, 50.603891833735787 ], [ -110.301792433825511, 50.603839374607169 ], [ -110.302119111550283, 50.603764697120539 ], [ -110.302328717212774, 50.603681805750178 ], [ -110.30280289228746, 50.603396115747408 ], [ -110.303372589143493, 50.602993606384381 ], [ -110.303687292926327, 50.60281660651242 ], [ -110.30423980320468, 50.602568334646946 ], [ -110.30445350623711, 50.602444876549946 ], [ -110.304481106780571, 50.60242067077008 ], [ -110.304560789940439, 50.602350754240184 ], [ -110.304639337901392, 50.602236999744065 ], [ -110.304764539159038, 50.602186180361777 ], [ -110.30480114519753, 50.602171329090083 ], [ -110.30497571292733, 50.60218505041621 ], [ -110.305164758261753, 50.602151127645087 ], [ -110.305696165376901, 50.60186690836948 ], [ -110.306060990857986, 50.601714469499306 ], [ -110.306325036316665, 50.601579113802586 ], [ -110.306565785073602, 50.601407791598731 ], [ -110.306732185666519, 50.601233063121555 ], [ -110.306854519962542, 50.601104579560463 ], [ -110.306900263094931, 50.601052482932104 ], [ -110.308161909441822, 50.599615724930025 ], [ -110.309172418893908, 50.598164729646271 ], [ -110.309974529877977, 50.597442407842152 ], [ -110.310716761964159, 50.596828221140825 ], [ -110.311180156803431, 50.596502260340365 ], [ -110.312069563899414, 50.595980588950511 ], [ -110.31255202823975, 50.595732414078512 ], [ -110.314174926021394, 50.594979947858462 ], [ -110.314780133185707, 50.594727727959338 ], [ -110.315483675151782, 50.594529958497731 ], [ -110.316160147475784, 50.594386744231691 ], [ -110.318651936354271, 50.593859202777857 ], [ -110.318751233244555, 50.593841389292955 ], [ -110.320274523350037, 50.593568159715844 ], [ -110.321033995669865, 50.593462235089994 ], [ -110.323511119425945, 50.59325462674618 ], [ -110.324345101512193, 50.593233392105709 ], [ -110.325631476512456, 50.593266819026219 ], [ -110.32610814007586, 50.593299352988019 ], [ -110.326171476071806, 50.59329908172333 ], [ -110.32644080580755, 50.593297938614448 ], [ -110.326525341007468, 50.593297576883131 ], [ -110.327583174033961, 50.593395469424806 ], [ -110.327867451602714, 50.593421772003651 ], [ -110.328210871415195, 50.593453557509882 ], [ -110.328788529961273, 50.593551341881096 ], [ -110.329530942930461, 50.593752028272043 ], [ -110.330048446209602, 50.593859910091687 ], [ -110.330513116810678, 50.593956759386707 ], [ -110.331439724291045, 50.594039969114021 ], [ -110.33249268598135, 50.594069138836147 ], [ -110.334238300447666, 50.594163655339081 ], [ -110.334446765397175, 50.594215706057476 ], [ -110.334868191349116, 50.594362840467795 ], [ -110.335066294167575, 50.594456865152708 ], [ -110.33523676574228, 50.594511141982338 ], [ -110.335486797144355, 50.594548714604329 ], [ -110.336841772249528, 50.594554891767523 ], [ -110.337767850456871, 50.594511283112546 ], [ -110.338108695542218, 50.594542784850454 ], [ -110.339092334310678, 50.594753697525448 ], [ -110.339270953832255, 50.59478732194188 ], [ -110.339540373425962, 50.594838024398634 ], [ -110.339681097277293, 50.594879417650766 ], [ -110.340010728450665, 50.595013009649961 ], [ -110.34017341294178, 50.595041744691798 ], [ -110.341825639487851, 50.595172042070892 ], [ -110.342202794179101, 50.595169073045412 ], [ -110.342916221381685, 50.59519085867732 ], [ -110.343798608754597, 50.595340228872494 ], [ -110.344198679085494, 50.595380698870827 ], [ -110.345795738082259, 50.595370585155891 ], [ -110.345973067418313, 50.59538271351289 ], [ -110.347119493696653, 50.595719991730732 ], [ -110.347348107545841, 50.595751346426475 ], [ -110.34788787532527, 50.595891724253974 ], [ -110.348565004883937, 50.595983096740696 ], [ -110.348797087875212, 50.596041340861092 ], [ -110.34881586914571, 50.596057437002287 ], [ -110.348957004200798, 50.596068675238875 ], [ -110.349127817292711, 50.596210390352439 ], [ -110.349931862281437, 50.59649459919499 ], [ -110.349995759677057, 50.596514663999166 ], [ -110.350294417773725, 50.59660844321877 ], [ -110.350455533927942, 50.596659036304835 ], [ -110.351019973193246, 50.596779659676486 ], [ -110.351691437791303, 50.596874315135231 ], [ -110.355471659072435, 50.597218347594414 ], [ -110.35595280716197, 50.597249481794059 ], [ -110.356500182549524, 50.597205763699222 ], [ -110.357094305003216, 50.597108653111988 ], [ -110.357564776297579, 50.59710523227556 ], [ -110.358097053371893, 50.597053599160901 ], [ -110.358702731828146, 50.596927926995882 ], [ -110.359344732340716, 50.596755809644407 ], [ -110.359878274625686, 50.596576035162435 ], [ -110.361554823641811, 50.595916511389312 ], [ -110.362094102262134, 50.595719001399239 ], [ -110.362291857678471, 50.595680793966153 ], [ -110.362378754093754, 50.595620077832976 ], [ -110.362570541229019, 50.59548611704512 ], [ -110.362935851568878, 50.595396658317753 ], [ -110.363160031296189, 50.595371483881891 ], [ -110.363937670450355, 50.595263262933784 ], [ -110.364503284845824, 50.595089655679878 ], [ -110.365208471823266, 50.594800410052258 ], [ -110.366363782124097, 50.594259848733984 ], [ -110.367006583783606, 50.59399478986046 ], [ -110.367241022780348, 50.593879545005656 ], [ -110.367869423053676, 50.593570648282501 ], [ -110.368970475962499, 50.592890454658466 ], [ -110.369552592548757, 50.59259917750024 ], [ -110.370038856535828, 50.59240378332224 ], [ -110.370649767903785, 50.592091815941615 ], [ -110.371331303767633, 50.591688268281125 ], [ -110.372021930253467, 50.591353396979358 ], [ -110.373781963851016, 50.590239823717809 ], [ -110.373794325011289, 50.590231992035314 ], [ -110.3740654545757, 50.590073507911384 ], [ -110.375540946617491, 50.589210954016927 ], [ -110.376674328248484, 50.588655728303785 ], [ -110.377214321972673, 50.588373103104075 ], [ -110.378638982040727, 50.587521716941495 ], [ -110.379102969028608, 50.58730113617333 ], [ -110.380653822219671, 50.586659703180551 ], [ -110.3812447648111, 50.586415264081673 ], [ -110.383398617863918, 50.58567361100517 ], [ -110.383905451121478, 50.585518385137917 ], [ -110.384504884109006, 50.585296907046398 ], [ -110.385164038080433, 50.585135190544008 ], [ -110.385492677353668, 50.585091570682529 ], [ -110.385731251735763, 50.585059905698124 ], [ -110.386373988654341, 50.584913246167375 ], [ -110.386981471762923, 50.584732085128621 ], [ -110.38751091734197, 50.584614284421903 ], [ -110.388993886846421, 50.584220688932483 ], [ -110.389715190369429, 50.584076790947115 ], [ -110.390429623220712, 50.584028898949029 ], [ -110.391092307612325, 50.584062741998316 ], [ -110.391795204656361, 50.5840405405486 ], [ -110.393222205842889, 50.583948692054996 ], [ -110.393847889972974, 50.583958826202483 ], [ -110.394590993906007, 50.583937366510163 ], [ -110.395148865734797, 50.58394726191851 ], [ -110.395775175378247, 50.583919524988836 ], [ -110.396285969116477, 50.583866800647755 ], [ -110.396532349629041, 50.583773749552599 ], [ -110.3967677050437, 50.583827993300368 ], [ -110.396930363223262, 50.583827554843786 ], [ -110.397214518787379, 50.58382677949912 ], [ -110.397267814596162, 50.58382663110239 ], [ -110.397951428641264, 50.583748074576917 ], [ -110.398697602741322, 50.583641544511131 ], [ -110.400184907779931, 50.583257149205494 ], [ -110.401107567073026, 50.583096636699103 ], [ -110.401586400047279, 50.582898409579663 ], [ -110.401997530211517, 50.582791891727155 ], [ -110.402415910790992, 50.58265147802058 ], [ -110.403218402111136, 50.582263255410759 ], [ -110.403702068594214, 50.582061053568474 ], [ -110.4041257918621, 50.581847723162241 ], [ -110.404386676353795, 50.581639696261668 ], [ -110.404819353565259, 50.581437024216932 ], [ -110.405271645632311, 50.581193467376167 ], [ -110.405620239557635, 50.580954324714128 ], [ -110.405962969458486, 50.580676155304616 ], [ -110.406291273927664, 50.580355025317637 ], [ -110.407304804844827, 50.579470814086669 ], [ -110.407324417998765, 50.579449020930092 ], [ -110.407738244757795, 50.578989018432523 ], [ -110.407957981538388, 50.578743611533113 ], [ -110.408125807680065, 50.578489835734842 ], [ -110.408264086024516, 50.578345873874369 ], [ -110.408348601556042, 50.578197422332451 ], [ -110.408625932003872, 50.577790272167583 ], [ -110.408693583961792, 50.577690961768681 ], [ -110.409144715395328, 50.576902443031386 ], [ -110.409479645631549, 50.576227498929171 ], [ -110.409689569824181, 50.57555415587801 ], [ -110.409743145635446, 50.574925180422952 ], [ -110.409847436486928, 50.574435340021289 ], [ -110.409975740107242, 50.574027299945726 ], [ -110.410022414152053, 50.572962382490232 ], [ -110.410162698186042, 50.572508083957125 ], [ -110.410312248353279, 50.572144244282946 ], [ -110.410382958014409, 50.571972185755861 ], [ -110.41038576496635, 50.571955436930303 ], [ -110.410490830848246, 50.571329745567937 ], [ -110.410428212315082, 50.570847963791415 ], [ -110.41042678059658, 50.570258079313142 ], [ -110.41026202138859, 50.569556052245588 ], [ -110.410217958274359, 50.569031941850312 ], [ -110.410031520568396, 50.568465496611402 ], [ -110.409841359711223, 50.568050244856224 ], [ -110.40974007103172, 50.567489773212877 ], [ -110.409490305767363, 50.566430688361194 ], [ -110.409258416615202, 50.565811275115593 ], [ -110.409071443554225, 50.565448610955045 ], [ -110.40888758576817, 50.565173597923959 ], [ -110.408736310029539, 50.564626126080071 ], [ -110.408633394911575, 50.564253674890999 ], [ -110.408374105759137, 50.563423015483366 ], [ -110.408118952692888, 50.56277040240159 ], [ -110.407458355788336, 50.561252860513719 ], [ -110.407322106563214, 50.560710730677101 ], [ -110.407025359968756, 50.559749988260535 ], [ -110.406921749884319, 50.558758948609352 ], [ -110.406834833707251, 50.558333160976005 ], [ -110.406720810713878, 50.557415308561495 ], [ -110.406720636456811, 50.557390850264575 ], [ -110.406719681483338, 50.557253327017243 ], [ -110.406673321185878, 50.556796733328362 ], [ -110.406386156441883, 50.55556988100787 ], [ -110.406359822407396, 50.555021111732508 ], [ -110.406494042959523, 50.554500768341278 ], [ -110.406500941192405, 50.553798651290897 ], [ -110.406611021519922, 50.552554081082725 ], [ -110.406581822580762, 50.551956706207264 ], [ -110.406634779145747, 50.551245311257432 ], [ -110.406766491346886, 50.550505148652242 ], [ -110.406882504831486, 50.550151340879701 ], [ -110.407270242890291, 50.548968846897367 ], [ -110.407791639249893, 50.547517190460745 ], [ -110.408038342560005, 50.546928014065806 ], [ -110.408186944400839, 50.546330490610579 ], [ -110.408279106655257, 50.545745076105383 ], [ -110.408439552562584, 50.545272693653025 ], [ -110.408664864330419, 50.544291233049847 ], [ -110.408958284078068, 50.543811688930347 ], [ -110.409219143475624, 50.543532597188531 ], [ -110.409456498626255, 50.542931530209017 ], [ -110.409491460636261, 50.542842969142008 ], [ -110.40953655030016, 50.542750807438019 ], [ -110.409740724969723, 50.542333386298274 ], [ -110.40977192560652, 50.542041089133711 ], [ -110.409949500784464, 50.541502138833266 ], [ -110.410046683496631, 50.541071892279632 ], [ -110.410237154847408, 50.540465167727021 ], [ -110.410290162267813, 50.539896902500089 ], [ -110.41052369240893, 50.539267551787759 ], [ -110.410696222922127, 50.538574962544502 ], [ -110.410745050336075, 50.538079671147884 ], [ -110.410805120961314, 50.537773102601342 ], [ -110.410836781217071, 50.537132462869984 ], [ -110.410445519406267, 50.535793358696509 ], [ -110.410407991809478, 50.535517790387047 ], [ -110.410385042992587, 50.535349319648958 ], [ -110.410170922345216, 50.534848281226843 ], [ -110.409780162604861, 50.53433530770122 ], [ -110.4093490412302, 50.533853037162764 ], [ -110.409046662969857, 50.533364973505861 ], [ -110.408857779550985, 50.532825476317988 ], [ -110.40895249019168, 50.532445894737911 ], [ -110.409022858800327, 50.532290985028965 ], [ -110.408901768882117, 50.531859178273656 ], [ -110.408186902281955, 50.530880205206948 ], [ -110.407181557464156, 50.529861079861469 ], [ -110.406705462701183, 50.529335351644406 ], [ -110.406480979021296, 50.52911562998711 ], [ -110.405727692364408, 50.528378335590858 ], [ -110.405613363445525, 50.52826643912536 ], [ -110.405455118647453, 50.528111542714846 ], [ -110.405008727585113, 50.527551376936252 ], [ -110.40469546480827, 50.526985202929467 ], [ -110.40436489934207, 50.52626963542231 ], [ -110.404262231443639, 50.52554174449444 ], [ -110.404097323350612, 50.524870828454425 ], [ -110.403964815381116, 50.524031660000269 ], [ -110.403895593524496, 50.522732658877878 ], [ -110.403856020952432, 50.521990425642393 ], [ -110.403703390543129, 50.521170676524889 ], [ -110.403656578112972, 50.52102913423721 ], [ -110.403535534390528, 50.520663128460491 ], [ -110.403558457816388, 50.520194101485728 ], [ -110.403652730430153, 50.519607306623143 ], [ -110.403858098803369, 50.519181195341531 ], [ -110.40409383470579, 50.518943231872051 ], [ -110.404269583206556, 50.518541888863609 ], [ -110.404479963927344, 50.518210319304814 ], [ -110.404589003168752, 50.517994215421339 ], [ -110.404687378712211, 50.517639711379466 ], [ -110.404695114611513, 50.517022548282227 ], [ -110.404352447535729, 50.515926639115882 ], [ -110.403994540440252, 50.515389872443286 ], [ -110.403870734955674, 50.514983885772395 ], [ -110.403186372163319, 50.513790448276509 ], [ -110.403082617875029, 50.513609525967112 ], [ -110.402862135780154, 50.513225017272305 ], [ -110.402173637035872, 50.512079380724309 ], [ -110.401937819168396, 50.511530258712213 ], [ -110.401850021032885, 50.510980284383017 ], [ -110.401401405318978, 50.509773452671944 ], [ -110.401258530865604, 50.509150942985016 ], [ -110.401158602397217, 50.508715593850695 ], [ -110.400994287891137, 50.508160710356428 ], [ -110.400841980444696, 50.507875517021709 ], [ -110.400881986857968, 50.507766562365163 ], [ -110.400678465988634, 50.507440749960999 ], [ -110.399920134952765, 50.506372069294606 ], [ -110.399888341901189, 50.506327255858935 ], [ -110.399846258337092, 50.506046146759331 ], [ -110.399715787717312, 50.505916992283993 ], [ -110.399714059453117, 50.50560250732164 ], [ -110.399644209991706, 50.505189216929573 ], [ -110.399625900821917, 50.505080823701924 ], [ -110.398794327283525, 50.503054477056921 ], [ -110.398484923498884, 50.502442349398521 ], [ -110.397509045992734, 50.501264489452304 ], [ -110.39712618934756, 50.500911936035884 ], [ -110.396884236755085, 50.500615427059131 ], [ -110.39646859986145, 50.500279900710694 ], [ -110.396336523922429, 50.500122920343266 ], [ -110.396275730909551, 50.500050656064893 ], [ -110.396234291390215, 50.500001534220821 ], [ -110.396215389258913, 50.499979108343297 ], [ -110.395769588879048, 50.499450409514438 ], [ -110.395407677189198, 50.499140413342921 ], [ -110.39488414087792, 50.498691953380501 ], [ -110.394426874661079, 50.498307563793503 ], [ -110.394143194154637, 50.498069095307919 ], [ -110.394136012944855, 50.49806305717523 ], [ -110.393438392622841, 50.497576391624357 ], [ -110.392039370088526, 50.496860981927384 ], [ -110.390673611138567, 50.496134009463411 ], [ -110.390383646460208, 50.495952469562162 ], [ -110.389322027930376, 50.49528779230382 ], [ -110.388629458400999, 50.494778035321637 ], [ -110.388074268387811, 50.49444315544843 ], [ -110.387930862899665, 50.494272471878453 ], [ -110.387679310789281, 50.494062538040531 ], [ -110.387084566720176, 50.493488296372746 ], [ -110.386043775412119, 50.492313373533555 ], [ -110.385724178421114, 50.491899633643534 ], [ -110.385535007413438, 50.49165471846154 ], [ -110.385152423040537, 50.491087500755199 ], [ -110.384623495497891, 50.490101393746656 ], [ -110.384273913719127, 50.489190163416112 ], [ -110.384175724239938, 50.488546487070856 ], [ -110.384158306970804, 50.488169996815536 ], [ -110.38418719415516, 50.487635565244155 ], [ -110.384361907865511, 50.487038984624228 ], [ -110.384399522532519, 50.48668813967852 ], [ -110.384717478693943, 50.485582695251907 ], [ -110.384957709639892, 50.484921339987693 ], [ -110.385031704504982, 50.484659275976476 ], [ -110.385067079248614, 50.484533979780288 ], [ -110.385098603353924, 50.484478315016545 ], [ -110.385531737925845, 50.483713347650713 ], [ -110.385763443652621, 50.483300096206904 ], [ -110.38651078055527, 50.482286142011667 ], [ -110.386784882074963, 50.481708407163779 ], [ -110.387255662448055, 50.481094110357965 ], [ -110.387578408868919, 50.480497479526242 ], [ -110.387926781532741, 50.480068131883868 ], [ -110.388456927479837, 50.47957402938431 ], [ -110.389029371866684, 50.479040481608891 ], [ -110.38963970712264, 50.478527341372732 ], [ -110.390334810540409, 50.478005942147682 ], [ -110.390888165149448, 50.477523898508494 ], [ -110.391291329614546, 50.47723228044466 ], [ -110.391595860915118, 50.47701200355511 ], [ -110.392282538360092, 50.476594624632646 ], [ -110.393041086373316, 50.476194671244976 ], [ -110.393831551532159, 50.47583788620009 ], [ -110.394136831493057, 50.475687622205754 ], [ -110.394420253216879, 50.475548120037693 ], [ -110.394501362800156, 50.475508197554589 ], [ -110.394993490929266, 50.475130038555086 ], [ -110.395435133530029, 50.474877400873943 ], [ -110.395878641509483, 50.474572164212567 ], [ -110.396383845701251, 50.474405785101574 ], [ -110.396662982202031, 50.474439372047883 ], [ -110.397052035812195, 50.474391908605924 ], [ -110.398352095848026, 50.474060376305665 ], [ -110.398742829555019, 50.473815919297223 ], [ -110.399855054860879, 50.473767895808784 ], [ -110.400542065659366, 50.473617632945015 ], [ -110.401091444985909, 50.47334600969581 ], [ -110.401562674728794, 50.473148630313105 ], [ -110.402192199111511, 50.472755511077956 ], [ -110.402743547148518, 50.472458204378988 ], [ -110.403343675457549, 50.472200065126735 ], [ -110.403903731769304, 50.472040460751224 ], [ -110.405041029671509, 50.471788567766033 ], [ -110.40572706851539, 50.471570751425489 ], [ -110.405854689355976, 50.471530228824491 ], [ -110.407496530769677, 50.470906953540592 ], [ -110.408010167470579, 50.4708174836653 ], [ -110.408466540245826, 50.470620112175418 ], [ -110.409015809802739, 50.4704642436228 ], [ -110.409463911931482, 50.470252350138814 ], [ -110.409990091311442, 50.470058920405016 ], [ -110.410180416273874, 50.469995430730037 ], [ -110.411340349682064, 50.469608514473244 ], [ -110.412648414412914, 50.469228340242147 ], [ -110.413292977339992, 50.468980854339911 ], [ -110.413671019991611, 50.468797056489301 ], [ -110.414095696170236, 50.468617195539878 ], [ -110.414524765549416, 50.468498113876358 ], [ -110.41494306738322, 50.468318309767405 ], [ -110.41543985743732, 50.468320588705858 ], [ -110.415871177255028, 50.468281139199817 ], [ -110.416245174775568, 50.468182314952251 ], [ -110.416479680691538, 50.468039033125798 ], [ -110.417035269670649, 50.467937993528615 ], [ -110.417046100931216, 50.467936026224521 ], [ -110.417318618392116, 50.467761645373379 ], [ -110.417356516145873, 50.467737406378703 ], [ -110.417692150275812, 50.467482090046602 ], [ -110.418019628167983, 50.467371127356081 ], [ -110.418387113883171, 50.467149495359052 ], [ -110.418605459407459, 50.466920915473487 ], [ -110.418699298443357, 50.466822689350685 ], [ -110.418960871045797, 50.466445949286147 ], [ -110.419203473526011, 50.466217678542534 ], [ -110.419213854969357, 50.466166369597239 ], [ -110.419129223540409, 50.46612063493356 ], [ -110.419222070523432, 50.466019267989125 ], [ -110.420704829054728, 50.46529196694987 ], [ -110.421171418615103, 50.465008211901704 ], [ -110.42157242950492, 50.464660986806898 ], [ -110.421838090638005, 50.46432071702074 ], [ -110.422089113493769, 50.464042485375394 ], [ -110.422306123267504, 50.463711654575427 ], [ -110.422437599810081, 50.462905944960198 ], [ -110.422437072816891, 50.462778011204563 ], [ -110.422433228668183, 50.461847994403513 ], [ -110.422404548428716, 50.461652022598301 ], [ -110.422334503331129, 50.461173356703242 ], [ -110.422321283357931, 50.459939962233548 ], [ -110.422154633590623, 50.459509264130013 ], [ -110.422220609166175, 50.459330071383626 ], [ -110.42222854938926, 50.459077732468636 ], [ -110.422200488801465, 50.458795709315645 ], [ -110.421956310445324, 50.45830207745108 ], [ -110.421665186738252, 50.457599266799456 ], [ -110.4210440094094, 50.456745583639659 ], [ -110.420893362721202, 50.456474484432739 ], [ -110.420861377750768, 50.456323215167707 ], [ -110.420793362121316, 50.456180391141444 ], [ -110.420570761746731, 50.455868880099679 ], [ -110.42021296029165, 50.455610117474862 ], [ -110.420156400131376, 50.455546899420568 ], [ -110.419994391281435, 50.455365844107845 ], [ -110.419960786121891, 50.455328276629679 ], [ -110.419869620957385, 50.455170485709168 ], [ -110.419647192923193, 50.454933166815039 ], [ -110.419617157477589, 50.454763201468012 ], [ -110.419472971010819, 50.454361477375066 ], [ -110.419200833409519, 50.45374738907018 ], [ -110.418631112533447, 50.452190640746572 ], [ -110.418475637274867, 50.45163886114009 ], [ -110.418312256669523, 50.451315103622065 ], [ -110.41798600619407, 50.450953787521811 ], [ -110.417746271131506, 50.450538381078438 ], [ -110.417515347369914, 50.449463954946033 ], [ -110.417389899224958, 50.448880207100899 ], [ -110.417349066404896, 50.448532049536659 ], [ -110.417364239635205, 50.448135285214121 ], [ -110.417367131861582, 50.448059692405295 ], [ -110.417432648710957, 50.447547865048946 ], [ -110.417387661950713, 50.446756144455911 ], [ -110.417399392272443, 50.446236568558675 ], [ -110.417305324312409, 50.446035829439836 ], [ -110.41725552047123, 50.445929559812392 ], [ -110.41725800485483, 50.445839638093126 ], [ -110.417305180043613, 50.4457933539843 ], [ -110.417365993073474, 50.445733676810647 ], [ -110.417399452734429, 50.445643909501442 ], [ -110.417401523930309, 50.44519343700032 ], [ -110.417304658373652, 50.44494216899713 ], [ -110.417031761143463, 50.444234301320677 ], [ -110.417020883532658, 50.444215133760906 ], [ -110.416751796587704, 50.4437406184732 ], [ -110.416366263488982, 50.443298316895095 ], [ -110.416056899440349, 50.442873440676244 ], [ -110.415872346812492, 50.442567261580173 ], [ -110.415840290872822, 50.442352740271673 ], [ -110.415647243110058, 50.441984438603413 ], [ -110.415316510369777, 50.441500279262762 ], [ -110.415170055645888, 50.441140048911492 ], [ -110.415006269374032, 50.440896617136957 ], [ -110.414905083576457, 50.440746223809548 ], [ -110.414786273230717, 50.44048321169528 ], [ -110.414737172459738, 50.440237613957002 ], [ -110.414580034060023, 50.439890982706324 ], [ -110.4143383526213, 50.439470048896695 ], [ -110.414062902039021, 50.439108655284166 ], [ -110.413704994377198, 50.438694603838513 ], [ -110.413456983422648, 50.438303482011293 ], [ -110.413153909375609, 50.43772617395112 ], [ -110.413060414155282, 50.437548065390949 ], [ -110.412913798268576, 50.437162215072014 ], [ -110.41237128520676, 50.436344822348289 ], [ -110.412271410665852, 50.436075081509529 ], [ -110.411951700749171, 50.435731223003891 ], [ -110.411769514217895, 50.435496467702677 ], [ -110.411525774910558, 50.435105332317804 ], [ -110.411356489398202, 50.434958319121122 ], [ -110.411320336613926, 50.434845048232489 ], [ -110.411229297411637, 50.434742526081394 ], [ -110.411102514688963, 50.43473185360984 ], [ -110.410973501625406, 50.434653646178617 ], [ -110.410846026389578, 50.43433189256033 ], [ -110.410890151653746, 50.434204313435046 ], [ -110.410818125818153, 50.434139641326773 ], [ -110.410775848320085, 50.43406543512954 ], [ -110.410836933970685, 50.433980346149717 ], [ -110.410601012180635, 50.433652526841819 ], [ -110.410546722718934, 50.433577094835456 ], [ -110.410082974260106, 50.433048415234232 ], [ -110.409852289515925, 50.43283671129462 ], [ -110.40954759750835, 50.432599425717264 ], [ -110.408902482076144, 50.43224495552009 ], [ -110.408671783652238, 50.432065689425201 ], [ -110.408246740215915, 50.431864897658876 ], [ -110.406914879377126, 50.431432631935536 ], [ -110.406597585258481, 50.431367331447184 ], [ -110.406100754512948, 50.431009449893246 ], [ -110.405695470133139, 50.430615460077163 ], [ -110.405569423131794, 50.430492936656186 ], [ -110.40525003361725, 50.430251598333165 ], [ -110.404848192420829, 50.429999510399341 ], [ -110.404383640553462, 50.429627474775842 ], [ -110.404056869821261, 50.429365775145811 ], [ -110.402956943311708, 50.428629706096871 ], [ -110.402798213960978, 50.428434079002194 ], [ -110.402199659518956, 50.428099853289154 ], [ -110.401924702619354, 50.427882747592648 ], [ -110.401727443329534, 50.427634662226851 ], [ -110.401670380783955, 50.427428120550069 ], [ -110.401671995741339, 50.427151458296727 ], [ -110.401747485939325, 50.426797855072905 ], [ -110.401868963064885, 50.426399568033943 ], [ -110.401924095539712, 50.42621883470035 ], [ -110.402077252485597, 50.425716723593332 ], [ -110.402252161769923, 50.425433218171889 ], [ -110.402476633309433, 50.425132823792481 ], [ -110.402504964397465, 50.425043050421678 ], [ -110.402185952260524, 50.425022993888525 ], [ -110.402080061034212, 50.424889483892528 ], [ -110.402098721674179, 50.424684349537202 ], [ -110.402263089332564, 50.424423779748508 ], [ -110.402796441961812, 50.423824294236951 ], [ -110.403542657545927, 50.42312363957744 ], [ -110.403785491355777, 50.422852012809983 ], [ -110.404369350265895, 50.422098588517464 ], [ -110.404914896896088, 50.42150114916069 ], [ -110.405027280547955, 50.421411803412276 ], [ -110.405290926703145, 50.421260015059957 ], [ -110.40564535606805, 50.421015513094687 ], [ -110.405693924733086, 50.420968100743828 ], [ -110.40598699271078, 50.420681959746382 ], [ -110.406579860528424, 50.420305068300202 ], [ -110.406853913916166, 50.42003633330873 ], [ -110.407153504110127, 50.419778352514889 ], [ -110.407598773086093, 50.419591826032452 ], [ -110.408027422051802, 50.419488988249661 ], [ -110.408325177123515, 50.419467225901286 ], [ -110.408692758253977, 50.419491232255318 ], [ -110.410872064559385, 50.419157748797133 ], [ -110.411721037483431, 50.419095105097341 ], [ -110.411914860660815, 50.419028251316355 ], [ -110.412215016873162, 50.418924701932099 ], [ -110.41249567527494, 50.418801701184066 ], [ -110.412915981863875, 50.418785205199697 ], [ -110.41354946717972, 50.418664623521437 ], [ -110.413948367140875, 50.418552385752761 ], [ -110.414303200047542, 50.418500780149451 ], [ -110.414691967993789, 50.418585540613947 ], [ -110.415074434053778, 50.418636520595548 ], [ -110.415513886846711, 50.41871855340532 ], [ -110.415839425919799, 50.418837047644395 ], [ -110.416338240578995, 50.418952719510877 ], [ -110.416830955098163, 50.419029542017078 ], [ -110.416927398737954, 50.419041450152193 ], [ -110.417005630026168, 50.419051094698432 ], [ -110.417288808640961, 50.419086027408454 ], [ -110.41785091897934, 50.41915532347118 ], [ -110.418244043264664, 50.419246680193197 ], [ -110.419461836475861, 50.419812371670965 ], [ -110.420036674798382, 50.419981706019357 ], [ -110.421518230388344, 50.42038135891373 ], [ -110.422578429345876, 50.420746008623048 ], [ -110.423645640159222, 50.421547842325033 ], [ -110.424269483126722, 50.421849691244361 ], [ -110.424939623018176, 50.422024398493107 ], [ -110.426401858445772, 50.422340561905358 ], [ -110.427750525404164, 50.422673706188348 ], [ -110.428444738360483, 50.422776750363539 ], [ -110.42859088504737, 50.422802839278106 ], [ -110.429774846696361, 50.423014244974546 ], [ -110.431656705211168, 50.423289617443629 ], [ -110.432737733325297, 50.423415572594877 ], [ -110.433479616835669, 50.423452139739204 ], [ -110.434246243385701, 50.423464267598966 ], [ -110.4355785110006, 50.4233374680446 ], [ -110.436139629779916, 50.423306501935272 ], [ -110.43710064180037, 50.42332262052566 ], [ -110.43734250434089, 50.423294289440975 ], [ -110.438255859427983, 50.423217275198901 ], [ -110.438819570575063, 50.423211907788527 ], [ -110.439282224698147, 50.423224806758526 ], [ -110.439472227970924, 50.423346216330813 ], [ -110.439633630915708, 50.423524490910502 ], [ -110.439889484732333, 50.423666597175014 ], [ -110.440096353773654, 50.423781484059425 ], [ -110.440172629128625, 50.42379192815627 ], [ -110.440173907263755, 50.423792103469459 ], [ -110.440602186760131, 50.423850736754083 ], [ -110.441673421694631, 50.423940190127468 ], [ -110.442227991558767, 50.423967293949467 ], [ -110.44365146909854, 50.424108143415786 ], [ -110.444169089611179, 50.424127434518198 ], [ -110.444603730738578, 50.424244912805435 ], [ -110.444954001663987, 50.424454927015383 ], [ -110.445424131714688, 50.424652579401823 ], [ -110.445570201594123, 50.424674428841755 ], [ -110.445794096494382, 50.42467683310263 ], [ -110.445765187293844, 50.424596157041258 ], [ -110.445932882449412, 50.424643470775827 ], [ -110.446200892117758, 50.424756196883344 ], [ -110.446768286042428, 50.424845280798628 ], [ -110.44732798991059, 50.424973441883807 ], [ -110.447617405652892, 50.425099502533229 ], [ -110.447842641965693, 50.425062797235512 ], [ -110.448095271911257, 50.425137851862559 ], [ -110.448378879917513, 50.425296777166359 ], [ -110.448519117624556, 50.425343710520416 ], [ -110.44887511364692, 50.425419565233 ], [ -110.449242799115083, 50.425554482640663 ], [ -110.449703354869754, 50.425686064238924 ], [ -110.450250420154831, 50.425815677449137 ], [ -110.450597550709688, 50.425984466563541 ], [ -110.450854962161898, 50.42597042493275 ], [ -110.451129951886116, 50.426115517665032 ], [ -110.451471070390113, 50.426233488420294 ], [ -110.451581952573136, 50.426271821662191 ], [ -110.452003870599071, 50.426417732945694 ], [ -110.452105126940495, 50.426452751300879 ], [ -110.452551237494802, 50.426607016747361 ], [ -110.452927050893564, 50.42684442354409 ], [ -110.453230431974845, 50.427177566683326 ], [ -110.45365126247151, 50.427559456331821 ], [ -110.454248292215766, 50.427881519451724 ], [ -110.454959703588045, 50.428109762374596 ], [ -110.455545374157168, 50.428268710268789 ], [ -110.456086032632868, 50.428514354992423 ], [ -110.457545983614082, 50.428915150629017 ], [ -110.458039042467135, 50.429066228976858 ], [ -110.458573095667816, 50.429196325935479 ], [ -110.459263868940198, 50.429331588738492 ], [ -110.459845212900817, 50.429365093334539 ], [ -110.460393069783464, 50.429617318557852 ], [ -110.460569164207698, 50.429698380647146 ], [ -110.461934583892088, 50.429883998457974 ], [ -110.462723201921989, 50.430054912435885 ], [ -110.462764969213055, 50.430067046999604 ], [ -110.463048089148643, 50.43014933427537 ], [ -110.463158739303239, 50.430181494131375 ], [ -110.463474672225033, 50.430273322528244 ], [ -110.464193294919312, 50.430543262936432 ], [ -110.464897557516409, 50.430836196092471 ], [ -110.465345100550678, 50.431059351648798 ], [ -110.465426995778287, 50.43114965927257 ], [ -110.465856057970115, 50.431647935558061 ], [ -110.46626296755791, 50.431960581466832 ], [ -110.466921613046409, 50.432657157402275 ], [ -110.467550501936955, 50.433452449025431 ], [ -110.467707988695835, 50.433686020900211 ], [ -110.467780368250303, 50.433793380190984 ], [ -110.468219592228564, 50.434749505353992 ], [ -110.468408149315323, 50.435116036276256 ], [ -110.468653822002722, 50.435857435761953 ], [ -110.468750290581255, 50.436056407440432 ], [ -110.468853632473454, 50.436636970458601 ], [ -110.468951531035174, 50.436914147985512 ], [ -110.468916141017516, 50.437176056005946 ], [ -110.468769063514429, 50.437339095171957 ], [ -110.468799195740331, 50.43760458999536 ], [ -110.469189622527921, 50.43841101278398 ], [ -110.469458339549334, 50.438790756390652 ], [ -110.469631650660077, 50.439144197896873 ], [ -110.469614144791365, 50.439349428737223 ], [ -110.469689138060446, 50.439954417167854 ], [ -110.469741502278836, 50.440196802174285 ], [ -110.4700332604761, 50.44091935601147 ], [ -110.470061936792774, 50.440990401051828 ], [ -110.47001540957659, 50.441458830108502 ], [ -110.470064629497799, 50.441965645534516 ], [ -110.470204702814002, 50.442199346379546 ], [ -110.470303195990965, 50.442543833777954 ], [ -110.470568163952279, 50.442948350877664 ], [ -110.470826923833201, 50.443546480276822 ], [ -110.471121767083517, 50.444132209158269 ], [ -110.471362490278196, 50.444478482439209 ], [ -110.471520851116907, 50.445058431697447 ], [ -110.471572738165946, 50.445248532784028 ], [ -110.471673601580861, 50.445918095367858 ], [ -110.471688959276136, 50.446199319745837 ], [ -110.471705194955732, 50.446496556402707 ], [ -110.471779267818349, 50.446856185344473 ], [ -110.47176943511478, 50.447484826621647 ], [ -110.471694348693333, 50.44777405069415 ], [ -110.471658804008698, 50.448147951820239 ], [ -110.471658894123976, 50.448152551872226 ], [ -110.471662845820873, 50.448369111444514 ], [ -110.471656076060853, 50.448580961686964 ], [ -110.471590324534276, 50.448917321591914 ], [ -110.471299924076078, 50.449688318300915 ], [ -110.471332113814412, 50.449974361521292 ], [ -110.471406265251048, 50.450312087631673 ], [ -110.471391708087921, 50.450557686082945 ], [ -110.471465083752378, 50.450998199047277 ], [ -110.471466958535032, 50.451218030054079 ], [ -110.4713726083843, 50.451375183809866 ], [ -110.471298278749259, 50.451426758482398 ], [ -110.471234058756878, 50.451516397081505 ], [ -110.471226333514977, 50.451814717849651 ], [ -110.471257149878099, 50.452122044580953 ], [ -110.471381296864436, 50.452678208063624 ], [ -110.471512014490983, 50.453131849079085 ], [ -110.472002051576368, 50.454191373260414 ], [ -110.472276433036328, 50.454630180783681 ], [ -110.472826802665679, 50.455385758243338 ], [ -110.472906794652047, 50.455495551140871 ], [ -110.472986921921276, 50.455566781923856 ], [ -110.473112965659197, 50.455678812247143 ], [ -110.473439071240264, 50.455835518699047 ], [ -110.473450134219632, 50.455979840415807 ], [ -110.473495482193456, 50.456082129889204 ], [ -110.473543389837872, 50.456172283261594 ], [ -110.473766044952896, 50.456388879729907 ], [ -110.474254889999742, 50.456784589758051 ], [ -110.474320145865434, 50.456848801797541 ], [ -110.474465756777704, 50.456992057304653 ], [ -110.474963770603168, 50.457306742240561 ], [ -110.475165839297603, 50.457380785039049 ], [ -110.475400934384894, 50.457528723939035 ], [ -110.47552189337658, 50.457669464092113 ], [ -110.476828202468084, 50.458285669225667 ], [ -110.477312356898338, 50.458667250488858 ], [ -110.477793473236403, 50.459071599498877 ], [ -110.478432847535899, 50.459374463356532 ], [ -110.478747657806124, 50.459486763257168 ], [ -110.479157615167196, 50.459607798270824 ], [ -110.479958778538688, 50.459740804397939 ], [ -110.480115893777835, 50.459785105869749 ], [ -110.480687249727865, 50.459940365095953 ], [ -110.481043177456115, 50.45999171003465 ], [ -110.481424122818495, 50.460106803864392 ], [ -110.481742248843673, 50.460202251717277 ], [ -110.482199640261285, 50.460251448484215 ], [ -110.482713295030919, 50.46026517327968 ], [ -110.48350702605947, 50.460337431154699 ], [ -110.484236234533299, 50.460348193008329 ], [ -110.484593929524763, 50.460373828667329 ], [ -110.485170015443629, 50.460561074878441 ], [ -110.485271480090859, 50.460558919219423 ], [ -110.485620928460264, 50.460644709752074 ], [ -110.48590424321192, 50.460714255970636 ], [ -110.486103500133396, 50.460763176398196 ], [ -110.486623044340021, 50.460864469029822 ], [ -110.488569460464149, 50.46087545416465 ], [ -110.489075392810136, 50.460922888036691 ], [ -110.489567164772325, 50.46102673574817 ], [ -110.48986711030139, 50.461108456008162 ], [ -110.490681298889839, 50.461258803691855 ], [ -110.491548132458959, 50.461396679898428 ], [ -110.491956646577137, 50.461431295642285 ], [ -110.493501432484379, 50.461437154772845 ], [ -110.494143332410744, 50.461408060498954 ], [ -110.495098806455587, 50.461272666066783 ], [ -110.495741900663901, 50.461155823635977 ], [ -110.496374292530717, 50.461081238480759 ], [ -110.49700733537162, 50.461032395240828 ], [ -110.49722106946615, 50.460995425890673 ], [ -110.498023196736114, 50.460856672456949 ], [ -110.498524852306616, 50.460769894666726 ], [ -110.498835315933434, 50.460675976948536 ], [ -110.49901899350543, 50.460588904814657 ], [ -110.499342617752276, 50.460592056556969 ], [ -110.499887446823735, 50.460630884720537 ], [ -110.500000084539906, 50.460638910029019 ], [ -110.500112690780369, 50.460646941280736 ], [ -110.500457070688583, 50.460671473957582 ], [ -110.50071226883351, 50.460636530164116 ], [ -110.500826269715162, 50.460620903925125 ], [ -110.500938114093771, 50.460595845304198 ], [ -110.501267151684686, 50.460522056550126 ], [ -110.501669635470407, 50.460392054008544 ], [ -110.501969208261841, 50.460339065112876 ], [ -110.502263052770871, 50.4603385217343 ], [ -110.50311028142886, 50.460336947317607 ], [ -110.503714323884225, 50.460309891897815 ], [ -110.504441708610969, 50.460308596917649 ], [ -110.505773316267337, 50.460133136664936 ], [ -110.506105392458267, 50.460133444174616 ], [ -110.506262959255196, 50.460173564877927 ], [ -110.506704976834456, 50.460173968072688 ], [ -110.507482419839505, 50.460072221336219 ], [ -110.508061695471071, 50.459911831382421 ], [ -110.50853974684361, 50.4597410416035 ], [ -110.508572585309054, 50.459729312138869 ], [ -110.508823255747956, 50.45966518862928 ], [ -110.509179468885762, 50.459574076471874 ], [ -110.509792963867909, 50.459507794985129 ], [ -110.510003420032064, 50.459461787854757 ], [ -110.510576535697112, 50.45931679045642 ], [ -110.510805941724001, 50.459200789762747 ], [ -110.511077916041472, 50.45909520793311 ], [ -110.513070684731787, 50.458663847234718 ], [ -110.513418110716643, 50.458534426207478 ], [ -110.513643309778544, 50.458569696030935 ], [ -110.514704048290398, 50.458312089739785 ], [ -110.515299589387283, 50.458206846895685 ], [ -110.51602476068706, 50.458128551904387 ], [ -110.516722951693211, 50.457988463863309 ], [ -110.517210209164645, 50.457868254894393 ], [ -110.518561422759944, 50.457870516156447 ], [ -110.51920972447931, 50.457761970268479 ], [ -110.519600478086289, 50.457671174819481 ], [ -110.520091384931135, 50.45768454570306 ], [ -110.520140610520642, 50.457676777549217 ], [ -110.52075460320944, 50.457579908971319 ], [ -110.521223130769158, 50.457471989869653 ], [ -110.521539884126284, 50.457454936649121 ], [ -110.522270539576937, 50.457345480560825 ], [ -110.52371790872445, 50.457229232128093 ], [ -110.524778835327012, 50.457059302546767 ], [ -110.525340258158295, 50.457020480075272 ], [ -110.525898920687666, 50.456961560295355 ], [ -110.527112621153464, 50.456734533498135 ], [ -110.52744147039553, 50.456695731659863 ], [ -110.527793830311566, 50.456743005638366 ], [ -110.528573311141955, 50.456640975558322 ], [ -110.528942936682242, 50.45654910882272 ], [ -110.529325599613799, 50.456624363494953 ], [ -110.529627474717998, 50.456606109835022 ], [ -110.529380664309258, 50.456550847847893 ], [ -110.5293341611995, 50.456477151209711 ], [ -110.529738295083831, 50.456484716712453 ], [ -110.530797541277096, 50.456633321430417 ], [ -110.531446099331248, 50.456612445604279 ], [ -110.531456640843743, 50.456610806718849 ], [ -110.531740091616982, 50.456566669885284 ], [ -110.532054536918622, 50.456517725449565 ], [ -110.533464074437234, 50.456221027367718 ], [ -110.534405103109933, 50.456037421617232 ], [ -110.534992056665061, 50.455856586225096 ], [ -110.535546617144064, 50.455726079588658 ], [ -110.536140209296775, 50.455563231317299 ], [ -110.536167712461832, 50.455555682150987 ], [ -110.536798833009428, 50.455441872034534 ], [ -110.537072490977067, 50.455380896541449 ], [ -110.537705134342019, 50.455239918641006 ], [ -110.538612337512077, 50.455037751627067 ], [ -110.539038465765842, 50.455001826650673 ], [ -110.539261901422734, 50.45513018556472 ], [ -110.539537970772685, 50.455172957653886 ], [ -110.539847995905248, 50.455146459177115 ], [ -110.540108156618345, 50.455147502108723 ], [ -110.540457942264567, 50.455178622219094 ], [ -110.54084454027425, 50.455093187508162 ], [ -110.541108725948405, 50.455163063136588 ], [ -110.542488437112624, 50.455055454102244 ], [ -110.543032693085706, 50.455002921034179 ], [ -110.543266595632346, 50.454980338941724 ], [ -110.543858263797134, 50.454968219122328 ], [ -110.545347566449919, 50.454994317912046 ], [ -110.546324381490095, 50.454991136724786 ], [ -110.546866056392119, 50.455007829641289 ], [ -110.547785355883249, 50.455064791330713 ], [ -110.5485557383181, 50.455165217737694 ], [ -110.549021032870201, 50.455170698132989 ], [ -110.55004125387039, 50.455357341095088 ], [ -110.550171214072421, 50.45536391440892 ], [ -110.550346102945781, 50.455372752217087 ], [ -110.550715572906171, 50.455429200523639 ], [ -110.551190614179092, 50.455543687635206 ], [ -110.551228789348343, 50.455552893141565 ], [ -110.551736256126574, 50.455706302312009 ], [ -110.552204923285359, 50.455978974500823 ], [ -110.552506933978876, 50.456264358777929 ], [ -110.5529194201347, 50.456494451592022 ], [ -110.552965508602824, 50.456777403833179 ], [ -110.553104642424856, 50.456910796528192 ], [ -110.553136053448142, 50.457126381749205 ], [ -110.553026434684085, 50.457286962722549 ], [ -110.553271702620179, 50.457510862743042 ], [ -110.553616830661667, 50.458420746698899 ], [ -110.553515964941539, 50.45859339101596 ], [ -110.553703375967331, 50.458789608729958 ], [ -110.554183392436315, 50.459016216557536 ], [ -110.554269234621501, 50.459282485499834 ], [ -110.554327879684777, 50.459350536456249 ], [ -110.554611785586829, 50.459680016986177 ], [ -110.554870498634173, 50.459980226800312 ], [ -110.555079379397384, 50.460262662376252 ], [ -110.555931713572022, 50.461086968946773 ], [ -110.555972382704525, 50.461328089595014 ], [ -110.556146123204215, 50.461413816638292 ], [ -110.556305469900323, 50.461438957367982 ], [ -110.556233192884591, 50.461574861025731 ], [ -110.556283054774596, 50.461767285563809 ], [ -110.556455453254841, 50.462031238003185 ], [ -110.55639617504238, 50.462250533295418 ], [ -110.556569146707346, 50.462533382918679 ], [ -110.556695975986429, 50.462788070821247 ], [ -110.556865179353693, 50.463127887428925 ], [ -110.557016605587094, 50.463097847785981 ], [ -110.557156508329413, 50.463036846769178 ], [ -110.557209810254022, 50.46319951652665 ], [ -110.557174028217176, 50.463429458106084 ], [ -110.557234245609806, 50.463613695613745 ], [ -110.557473398585358, 50.463768879982403 ], [ -110.557926633651178, 50.464014675731462 ], [ -110.558435386100001, 50.464207161234199 ], [ -110.559790790510036, 50.464569394735406 ], [ -110.560507180300945, 50.464698750782368 ], [ -110.56124168630194, 50.464799635153021 ], [ -110.56187854835423, 50.464808379528115 ], [ -110.563213008793653, 50.464659203076906 ], [ -110.563899452393684, 50.464552656886923 ], [ -110.564316806044999, 50.464433067718552 ], [ -110.565188125374078, 50.464285223446204 ], [ -110.565655724689321, 50.464146137123649 ], [ -110.565928543635422, 50.464005755368682 ], [ -110.566579033126033, 50.463671029983416 ], [ -110.567242291922639, 50.463198930584291 ], [ -110.567662569124693, 50.462796439587493 ], [ -110.568619307554883, 50.461880179459598 ], [ -110.56890314639881, 50.461583675382677 ], [ -110.569044804094162, 50.461499493900483 ], [ -110.569415972352104, 50.46114106738365 ], [ -110.570146946554004, 50.460653690713407 ], [ -110.57124158365994, 50.460162711359111 ], [ -110.571692771030186, 50.459912670575186 ], [ -110.573191589407585, 50.458863807278732 ], [ -110.574209719019805, 50.458055371817835 ], [ -110.574872099605471, 50.457643124176776 ], [ -110.575041060741242, 50.457488801337512 ], [ -110.57518055141098, 50.457303369253154 ], [ -110.575606976349704, 50.457179954071734 ], [ -110.576548317909428, 50.45660051168597 ], [ -110.576724788104897, 50.456509626783941 ], [ -110.576964606421186, 50.456424464406844 ], [ -110.577190019915406, 50.456315049998622 ], [ -110.577285935569918, 50.456250792328149 ], [ -110.577320078279158, 50.45622792089091 ], [ -110.577570206119631, 50.45601915905673 ], [ -110.577599729879353, 50.455994513854698 ], [ -110.578016883683929, 50.455756466731167 ], [ -110.578528005543106, 50.455576121719432 ], [ -110.578740662233244, 50.45550107546012 ], [ -110.578905534185552, 50.455395249127399 ], [ -110.579441468299137, 50.455051221501883 ], [ -110.579818095096556, 50.454671317409137 ], [ -110.580485095435463, 50.454044496489395 ], [ -110.580783231253534, 50.453865173341519 ], [ -110.581701064561699, 50.452941467852256 ], [ -110.582271883273066, 50.452576001005824 ], [ -110.582506798886484, 50.45237616826622 ], [ -110.582849385614409, 50.452180902602549 ], [ -110.582983991845481, 50.452058734456223 ], [ -110.583054967368994, 50.451961979180155 ], [ -110.583316017241671, 50.451864700657389 ], [ -110.583438089125295, 50.451734410410836 ], [ -110.583556386768194, 50.45156100475333 ], [ -110.584088522839792, 50.451072521040977 ], [ -110.584601690268755, 50.450752572733712 ], [ -110.585287912240503, 50.450097521206956 ], [ -110.585402215695666, 50.449913302697361 ], [ -110.585420442047806, 50.449804102843608 ], [ -110.585647945693964, 50.449513741799358 ], [ -110.586003748660119, 50.448925969328862 ], [ -110.586177451326222, 50.448714982145113 ], [ -110.586386355516552, 50.448560840232176 ], [ -110.586620645006406, 50.448478426986668 ], [ -110.586761600206984, 50.448466194334991 ], [ -110.586902767374482, 50.448430781376416 ], [ -110.587059457165111, 50.448295612941251 ], [ -110.587139522952967, 50.448165833210744 ], [ -110.587149922866416, 50.448149000321244 ], [ -110.587297425708812, 50.448014832861318 ], [ -110.587454671817596, 50.447768672686507 ], [ -110.588082247605342, 50.447241414487657 ], [ -110.588189673694231, 50.447096311267146 ], [ -110.588354202063243, 50.446937898693449 ], [ -110.58873224191737, 50.446437873205397 ], [ -110.588891262721219, 50.446275066622071 ], [ -110.58924775274069, 50.445910079845248 ], [ -110.589832452861586, 50.44508191381064 ], [ -110.590279905328842, 50.444590255817019 ], [ -110.590551241661643, 50.444161191698818 ], [ -110.59067982834307, 50.444018760153781 ], [ -110.590834668167489, 50.443786089124728 ], [ -110.591160992104406, 50.443364031369157 ], [ -110.591357450008559, 50.443012871024287 ], [ -110.59164825314231, 50.442372137285588 ], [ -110.591845678653641, 50.442112646646066 ], [ -110.592083770405935, 50.441630745166925 ], [ -110.592261132588177, 50.441483234966888 ], [ -110.592330352497285, 50.441341880500254 ], [ -110.592380508295903, 50.441035874896478 ], [ -110.592378728169678, 50.440925630421702 ], [ -110.592374367813136, 50.440659405398996 ], [ -110.592348658819361, 50.440516270706894 ], [ -110.592375236037185, 50.43988762819675 ], [ -110.592579376723933, 50.438718871555267 ], [ -110.592635395266072, 50.437573675932306 ], [ -110.592496463268233, 50.436826937713192 ], [ -110.592457814791274, 50.436173689539331 ], [ -110.592397918968857, 50.436061444987445 ], [ -110.592275591398064, 50.436040542726495 ], [ -110.592173894512896, 50.436064414094169 ], [ -110.592194016664891, 50.435975459520037 ], [ -110.592340333876834, 50.435750814352112 ], [ -110.592133679874934, 50.435191256457635 ], [ -110.592106266800315, 50.4350035412862 ], [ -110.592144739509592, 50.434621987941917 ], [ -110.592128658198689, 50.434376317781677 ], [ -110.592031053552319, 50.433884701196185 ], [ -110.592040913460849, 50.433686541293916 ], [ -110.592044861189748, 50.433606818374308 ], [ -110.591853871993919, 50.432970422859185 ], [ -110.591470787636311, 50.432164460097809 ], [ -110.591238442104853, 50.431803082180664 ], [ -110.590652482649787, 50.430465904537598 ], [ -110.590303914134694, 50.429774754625875 ], [ -110.590191740603785, 50.429613710070335 ], [ -110.589029836439607, 50.428399102692239 ], [ -110.588931367104038, 50.428314393799837 ], [ -110.588769593247648, 50.428175228380375 ], [ -110.588390280780033, 50.427939889494844 ], [ -110.588184753522768, 50.42772041368314 ], [ -110.587821674724083, 50.427178915268314 ], [ -110.587310570371628, 50.426647527338829 ], [ -110.587181938978119, 50.426458019351053 ], [ -110.587177919702256, 50.426449109509164 ], [ -110.58709634697766, 50.42626812372459 ], [ -110.586902214624359, 50.425837391241593 ], [ -110.586761668884378, 50.425588425596104 ], [ -110.586418376335033, 50.425153635779417 ], [ -110.585605763792017, 50.424414354061867 ], [ -110.585430799064753, 50.424213833407677 ], [ -110.585070152167447, 50.42364407717519 ], [ -110.584982934798433, 50.423413291299013 ], [ -110.584813427028138, 50.423046449168872 ], [ -110.584568805177071, 50.422679613813251 ], [ -110.58448359335928, 50.422510995021874 ], [ -110.584034723169111, 50.421611118592956 ], [ -110.583806417046944, 50.421280766684191 ], [ -110.583662533789337, 50.42113033013333 ], [ -110.583542277996401, 50.420948938283928 ], [ -110.583165168126314, 50.420180705543579 ], [ -110.583075776306544, 50.420064235538803 ], [ -110.582964286910823, 50.419853172845563 ], [ -110.582978670872748, 50.419185466244748 ], [ -110.582953718118958, 50.419032925378204 ], [ -110.582941330479059, 50.418957222741795 ], [ -110.582746107583546, 50.418693180717419 ], [ -110.582765644894792, 50.418304717715294 ], [ -110.582840188442745, 50.417905706102296 ], [ -110.58299455148159, 50.417538093578351 ], [ -110.58315284854271, 50.417372945067378 ], [ -110.58336589287542, 50.417225595789809 ], [ -110.583529440542577, 50.417137350816468 ], [ -110.583690607541911, 50.417084239920484 ], [ -110.583737834187716, 50.417022369077934 ], [ -110.583747976888489, 50.416882104791895 ], [ -110.583812363517524, 50.416801466412466 ], [ -110.583919032965454, 50.417055619602372 ], [ -110.584049605520619, 50.417087257289523 ], [ -110.584972944369241, 50.416689762927831 ], [ -110.585140388865625, 50.416638000348634 ], [ -110.585398493469171, 50.416423354143781 ], [ -110.585560769526964, 50.416452521568083 ], [ -110.585748025681923, 50.416508719761822 ], [ -110.586239152624486, 50.416404549295123 ], [ -110.586468300718877, 50.41631392837386 ], [ -110.586704204151644, 50.416190946695238 ], [ -110.586893856832788, 50.416048843120926 ], [ -110.587058580682694, 50.415697506938869 ], [ -110.587073014490059, 50.415547817093255 ], [ -110.587280099412652, 50.415362577768555 ], [ -110.587486163432871, 50.415259711872601 ], [ -110.587706776340141, 50.415177181184447 ], [ -110.588159510548323, 50.414927114906781 ], [ -110.588366735914803, 50.414898410597736 ], [ -110.588691366641129, 50.414953905227264 ], [ -110.58893443503986, 50.414969671069443 ], [ -110.589073175912105, 50.414978676306717 ], [ -110.589854665708287, 50.414612807650308 ], [ -110.590092691823685, 50.414481793530314 ], [ -110.590844084389559, 50.413987564504936 ], [ -110.59218566815224, 50.412859390776319 ], [ -110.592856371664382, 50.412390407024063 ], [ -110.593248778689613, 50.412061707668165 ], [ -110.59345974720344, 50.411907558430315 ], [ -110.593554934140215, 50.411806842141345 ], [ -110.593812580408667, 50.41153421538808 ], [ -110.594342808967255, 50.410797426721047 ], [ -110.594514901906251, 50.410352994023931 ], [ -110.594523336074374, 50.410178974802228 ], [ -110.594778812292603, 50.409470517084657 ], [ -110.595032092790234, 50.408937445375997 ], [ -110.595304061148582, 50.408616334710409 ], [ -110.595438193019888, 50.40817035386403 ], [ -110.595548457321158, 50.407415341626098 ], [ -110.595556838716462, 50.406711072446541 ], [ -110.595496577880368, 50.406266906399019 ], [ -110.595360951426471, 50.405784527419385 ], [ -110.59514735684246, 50.4052775753647 ], [ -110.594952289713902, 50.40500206691398 ], [ -110.594843673533163, 50.404722958960917 ], [ -110.59476363714154, 50.404577347362284 ], [ -110.594469669234158, 50.404042492318339 ], [ -110.593862777499965, 50.403239491399916 ], [ -110.593399026101963, 50.402468199967139 ], [ -110.593240578727773, 50.402134130765496 ], [ -110.59319194263098, 50.401961279319153 ], [ -110.593223627566587, 50.401779253756914 ], [ -110.593115063989757, 50.401326714005066 ], [ -110.592916669656347, 50.400966890436727 ], [ -110.592868903613436, 50.400780439180132 ], [ -110.592795775476475, 50.400668058997098 ], [ -110.592670102727453, 50.400227648677088 ], [ -110.592441772664756, 50.399898663225066 ], [ -110.592355516891658, 50.399695890337334 ], [ -110.592320131591379, 50.399553684619889 ], [ -110.592133138966361, 50.398833751526269 ], [ -110.591992175640755, 50.398557030558159 ], [ -110.59175776056351, 50.398232065159966 ], [ -110.591028165921657, 50.397495065626288 ], [ -110.590849948696587, 50.397345538807258 ], [ -110.590634164884506, 50.397164482533896 ], [ -110.59006275498696, 50.396685042484158 ], [ -110.58930221693835, 50.396132281001968 ], [ -110.58893006786478, 50.395912710219555 ], [ -110.587621620068916, 50.395140714338147 ], [ -110.587187819238324, 50.394858911881528 ], [ -110.586876972422488, 50.394620436977782 ], [ -110.586104017563542, 50.393927418893789 ], [ -110.585902071822289, 50.39371187857153 ], [ -110.585554475416956, 50.393036417923291 ], [ -110.585329949371982, 50.392262783066798 ], [ -110.585297513061306, 50.392023919560287 ], [ -110.585318998284393, 50.391808565057836 ], [ -110.585524402355418, 50.391309893994439 ], [ -110.585847301514235, 50.390826253782876 ], [ -110.586052430969758, 50.390603865514663 ], [ -110.586266243860962, 50.39043947759621 ], [ -110.586558784750878, 50.390319275748752 ], [ -110.587317503729906, 50.389942529500985 ], [ -110.587344542887649, 50.389929103332378 ], [ -110.58774828990876, 50.389691803941709 ], [ -110.588536113293316, 50.389367593382666 ], [ -110.588921827090999, 50.389222855161513 ], [ -110.589077903423885, 50.389164273534547 ], [ -110.589560204941293, 50.389039760441349 ], [ -110.589958363242715, 50.388980158270272 ], [ -110.590260329163414, 50.388895149348087 ], [ -110.590620999209719, 50.38875141785401 ], [ -110.590946269075744, 50.388595287550586 ], [ -110.591563103682503, 50.388415818167303 ], [ -110.592202016085167, 50.38827173696356 ], [ -110.592494040597643, 50.388167631530045 ], [ -110.594423171805374, 50.387674760947917 ], [ -110.594813646484795, 50.387656777656503 ], [ -110.595470578246449, 50.387340411810598 ], [ -110.597151132007752, 50.386639523486885 ], [ -110.598639777859731, 50.385938823518202 ], [ -110.599016293513856, 50.385690254278053 ], [ -110.599393751510831, 50.385347348764135 ], [ -110.599924074882381, 50.384691184428299 ], [ -110.600125779705792, 50.384378416080729 ], [ -110.600238367617422, 50.384063635495593 ], [ -110.600342652718268, 50.383772093086343 ], [ -110.600522067945718, 50.383479021249265 ], [ -110.600635712573634, 50.38329339529551 ], [ -110.600824797400549, 50.383043839609009 ], [ -110.601006817319842, 50.382723800299416 ], [ -110.60116797992896, 50.382440476577365 ], [ -110.601231756876842, 50.382086851349861 ], [ -110.601330153326899, 50.380924188164464 ], [ -110.601364821233403, 50.380514691924546 ], [ -110.601430474968851, 50.380167937796728 ], [ -110.601650007777963, 50.37940802736037 ], [ -110.601689988850367, 50.378593274445059 ], [ -110.601616533153404, 50.378314733358764 ], [ -110.601453111776252, 50.377943477088799 ], [ -110.601389554117105, 50.377683929632134 ], [ -110.600865327989766, 50.376787974039978 ], [ -110.600531063110822, 50.376378197262341 ], [ -110.600248571623624, 50.376031896528687 ], [ -110.599799218801095, 50.375481004185779 ], [ -110.599663686418381, 50.375314831786767 ], [ -110.599467005550963, 50.375118820808233 ], [ -110.599394316615545, 50.375046369630184 ], [ -110.599348563048238, 50.375000795753138 ], [ -110.599322092177914, 50.374974422117312 ], [ -110.599269171304428, 50.374921693621339 ], [ -110.598168715411902, 50.373587272118449 ], [ -110.597773716164042, 50.373145637873115 ], [ -110.597517818947495, 50.37276916335712 ], [ -110.59733448813715, 50.372432623570745 ], [ -110.597201962245009, 50.372087328139948 ], [ -110.597107243662578, 50.371743909985646 ], [ -110.597195905723183, 50.369712991371848 ], [ -110.59725543725942, 50.369356649420212 ], [ -110.597507810639243, 50.368558088077151 ], [ -110.597631101993741, 50.368240346272749 ], [ -110.597701335027395, 50.368059365168307 ], [ -110.597814788622529, 50.367766990574736 ], [ -110.598375358835071, 50.366744639971479 ], [ -110.598595184961098, 50.366449645618026 ], [ -110.598883217323191, 50.366140959742282 ], [ -110.599419049595042, 50.365566659815698 ], [ -110.600262886987792, 50.364771100362525 ], [ -110.600280673188209, 50.364754325732306 ], [ -110.600546053044141, 50.364534214413133 ], [ -110.601220063987256, 50.36407762254084 ], [ -110.602643218393311, 50.363157871273671 ], [ -110.602723211051469, 50.363091463805958 ], [ -110.602718360368797, 50.363042883432847 ], [ -110.602496361896669, 50.363003614657217 ], [ -110.602457499053813, 50.362965460373324 ], [ -110.602504994676124, 50.362928343555893 ], [ -110.60346535458784, 50.362734304071587 ], [ -110.603602056919897, 50.362670038025122 ], [ -110.603986507291495, 50.362364926054831 ], [ -110.604806857213177, 50.361927952653261 ], [ -110.605122345987226, 50.361741905788065 ], [ -110.605503046928575, 50.361487999915219 ], [ -110.605903399048117, 50.361278822199822 ], [ -110.606760780115792, 50.360937971278886 ], [ -110.60695048969994, 50.360822440383885 ], [ -110.607645265889076, 50.360399332803638 ], [ -110.608314874538962, 50.360065534159347 ], [ -110.60860115621854, 50.359866983937266 ], [ -110.608910155508383, 50.359684935918644 ], [ -110.609244360078605, 50.359433107918008 ], [ -110.60956315199121, 50.359138003227343 ], [ -110.610602331175457, 50.358020531847949 ], [ -110.611488069455106, 50.357235351828244 ], [ -110.611834357528934, 50.356964781097417 ], [ -110.612537005435513, 50.356415783114798 ], [ -110.613893151839065, 50.355606805140191 ], [ -110.614204730711236, 50.355470577363342 ], [ -110.614487760058211, 50.355378478410188 ], [ -110.614706184736633, 50.355261295846866 ], [ -110.614918074132319, 50.355082023199856 ], [ -110.61540528610395, 50.35451138172985 ], [ -110.615778150058929, 50.353962269541476 ], [ -110.615938067335847, 50.353601456108933 ], [ -110.616051906166945, 50.353344545515334 ], [ -110.616130042873891, 50.352996525982235 ], [ -110.61620128797189, 50.352051462174522 ], [ -110.616207586877678, 50.351707927119577 ], [ -110.61611217998319, 50.351045142255423 ], [ -110.616098860391702, 50.350722871765932 ], [ -110.616288853445013, 50.349612278112822 ], [ -110.616391370930913, 50.349224122656842 ], [ -110.616534642629901, 50.348876980563254 ], [ -110.616830971193423, 50.348349733779557 ], [ -110.617009746450208, 50.348085183623894 ], [ -110.61733002409764, 50.347527285079302 ], [ -110.617586346078397, 50.346996896848765 ], [ -110.617775334462351, 50.346605830807242 ], [ -110.617852399638579, 50.346377534164347 ], [ -110.61786095516608, 50.346352198700266 ], [ -110.617848516963932, 50.346141825048655 ], [ -110.617795577813396, 50.345875754873177 ], [ -110.617566036428826, 50.345328440991636 ], [ -110.617422090463421, 50.345148777834304 ], [ -110.617355938945821, 50.344902714292246 ], [ -110.617138114105899, 50.343216964007432 ], [ -110.617047337988524, 50.342744178667942 ], [ -110.617022504407871, 50.342111941286426 ], [ -110.617059085725458, 50.341813244141193 ], [ -110.61712780435748, 50.341496127813379 ], [ -110.617473290552113, 50.340528926116228 ], [ -110.617616504030579, 50.340257138213083 ], [ -110.617943287353697, 50.339278937200199 ], [ -110.617973506326877, 50.339137672452182 ], [ -110.618012172374293, 50.338956924178298 ], [ -110.618068612842862, 50.338693013833158 ], [ -110.618201142288257, 50.338221697623908 ], [ -110.618389007339687, 50.337790173849001 ], [ -110.618556832910585, 50.337538940888329 ], [ -110.618668001632713, 50.337277539623997 ], [ -110.618873104655151, 50.336080868715598 ], [ -110.618932652842574, 50.334964547505578 ], [ -110.618901417917712, 50.333644969034857 ], [ -110.618965400042597, 50.33197220572805 ], [ -110.619029296284083, 50.331746529252733 ], [ -110.619066892656988, 50.331613768594636 ], [ -110.619124160794541, 50.330636214839302 ], [ -110.619154876506059, 50.329291832147945 ], [ -110.619263117310751, 50.328921266463453 ], [ -110.61947361320847, 50.328576306404329 ], [ -110.61972230330862, 50.328223700670321 ], [ -110.620051720723652, 50.327845146064448 ], [ -110.620645947428116, 50.327275816144684 ], [ -110.620988484760801, 50.327017357546801 ], [ -110.623080538266507, 50.325654073480656 ], [ -110.623222164929217, 50.325561789300046 ], [ -110.623362952744102, 50.325452183290651 ], [ -110.624553645037111, 50.324525174340344 ], [ -110.625348128445168, 50.323906624351118 ], [ -110.62602859333802, 50.323335740159138 ], [ -110.626445011556228, 50.322929946419592 ], [ -110.627939222802539, 50.321002822338045 ], [ -110.628112240701981, 50.320708519600778 ], [ -110.628252273619154, 50.320397721441346 ], [ -110.628446836069671, 50.319742531985398 ], [ -110.628527631957624, 50.319370373358723 ], [ -110.628545950905078, 50.31897845471579 ], [ -110.628532849816565, 50.318645482970894 ], [ -110.62841801987328, 50.318340848325214 ], [ -110.628277299371661, 50.318056116595542 ], [ -110.628084722460727, 50.317742436475463 ], [ -110.627728776558243, 50.317297656229719 ], [ -110.627644734865171, 50.317192625433357 ], [ -110.627138805326013, 50.316667602344481 ], [ -110.626842841334053, 50.316441186624949 ], [ -110.626126469121573, 50.315621779901768 ], [ -110.625634745615059, 50.314880210293396 ], [ -110.625367332668688, 50.314248939947994 ], [ -110.625044317132861, 50.31370514691109 ], [ -110.624786461882195, 50.313168346985016 ], [ -110.624639292896859, 50.312536186198436 ], [ -110.62443619750141, 50.311805374468179 ], [ -110.624352979213668, 50.310489366512776 ], [ -110.624460015303839, 50.310064008636829 ], [ -110.624505541952274, 50.309883113157241 ], [ -110.624553093651485, 50.309694133734901 ], [ -110.624860525515174, 50.309314908764861 ], [ -110.625288680154483, 50.308868774159933 ], [ -110.625805331176224, 50.30842434222162 ], [ -110.627180702607362, 50.30746938533715 ], [ -110.627750605083392, 50.306969837753876 ], [ -110.628288908917625, 50.306466173465139 ], [ -110.628886167081546, 50.305965360930649 ], [ -110.629381074782401, 50.305585638138858 ], [ -110.630036291039474, 50.305186223734147 ], [ -110.630708766318065, 50.304743790725638 ], [ -110.631874233641085, 50.303898584100708 ], [ -110.632571065927692, 50.303330810778682 ], [ -110.633019788026971, 50.302926526978482 ], [ -110.633179449164331, 50.302753011689909 ], [ -110.633880596834729, 50.301990975009851 ], [ -110.63456552069897, 50.301143842825795 ], [ -110.634791797483061, 50.300863966354505 ], [ -110.63502751391573, 50.300469645623743 ], [ -110.635375642412384, 50.299595387048051 ], [ -110.635568714852539, 50.299254815321859 ], [ -110.63566518786331, 50.298892191801066 ], [ -110.635643713550493, 50.298515698707597 ], [ -110.635497579394467, 50.297768823182018 ], [ -110.635311907187358, 50.297383505465611 ], [ -110.635042274762725, 50.296972214134961 ], [ -110.63473217152756, 50.296601206573406 ], [ -110.634547797638817, 50.296435880474938 ], [ -110.634530927020364, 50.296420758154163 ], [ -110.634348178776236, 50.29625688996537 ], [ -110.633439115773939, 50.295528005315404 ], [ -110.63203730011351, 50.294403966045195 ], [ -110.631591893258516, 50.294095752893128 ], [ -110.631116298164841, 50.293841480735132 ], [ -110.6304908707923, 50.293624254129071 ], [ -110.628813702687964, 50.293256951889433 ], [ -110.628047905470581, 50.293161918148989 ], [ -110.627247985300301, 50.293115355432612 ], [ -110.62643305868086, 50.293091632095745 ], [ -110.624634231608496, 50.293083978403757 ], [ -110.623872044970767, 50.293057745176711 ], [ -110.623252904730791, 50.293000749223474 ], [ -110.622996487812699, 50.292977151190861 ], [ -110.62297035316567, 50.292975402990756 ], [ -110.622110395834696, 50.292917995486761 ], [ -110.621268779152288, 50.292826646611246 ], [ -110.620229728868452, 50.292676473240014 ], [ -110.61888832199763, 50.292445360854771 ], [ -110.617891470908575, 50.292291271778637 ], [ -110.617037513151374, 50.292185019932091 ], [ -110.616227075419232, 50.291935910361218 ], [ -110.613634692737151, 50.290689993693128 ], [ -110.61292277953946, 50.290294220439485 ], [ -110.612368936242504, 50.289892400832329 ], [ -110.611807663604154, 50.289400085722086 ], [ -110.61166725642876, 50.289171410315753 ], [ -110.611172106100895, 50.288365077422441 ], [ -110.611166197277328, 50.28835323955807 ], [ -110.61093087470941, 50.287882289626189 ], [ -110.610797068749704, 50.287405365028242 ], [ -110.610836507184459, 50.286865807427333 ], [ -110.611079495800851, 50.286406712903414 ], [ -110.611386197586583, 50.286080222677008 ], [ -110.611644174141531, 50.285899035774996 ], [ -110.612186249971174, 50.285518300112493 ], [ -110.612804503232326, 50.285218744287725 ], [ -110.613482856449593, 50.285001735233344 ], [ -110.614240848031343, 50.284817501018779 ], [ -110.615510673776384, 50.284638211143211 ], [ -110.616647260417082, 50.284500096055005 ], [ -110.618051359472702, 50.284368528181318 ], [ -110.619117720394073, 50.284296180958833 ], [ -110.621293921825298, 50.284232705069762 ], [ -110.622921296625506, 50.284125367660472 ], [ -110.623203585157427, 50.284106753671416 ], [ -110.623983075826928, 50.284055330712256 ], [ -110.625946089680056, 50.283843818283287 ], [ -110.626841689580715, 50.283781484598173 ], [ -110.627693626463099, 50.283674468546742 ], [ -110.629539786957963, 50.283551446740958 ], [ -110.630067992738489, 50.283389019590707 ], [ -110.631182665621992, 50.282926830521035 ], [ -110.631869595361991, 50.282684163980989 ], [ -110.632508526089509, 50.282398112274883 ], [ -110.634433412664222, 50.281395891429092 ], [ -110.63445217968949, 50.281386117421413 ], [ -110.634881913136539, 50.281077808163793 ], [ -110.63513524513958, 50.280896060078362 ], [ -110.635145870576082, 50.28088843453633 ], [ -110.635701352553383, 50.280522383513841 ], [ -110.637057646580132, 50.279687371256401 ], [ -110.637486360353208, 50.279358591741534 ], [ -110.637844013101358, 50.278982232272867 ], [ -110.638400450576498, 50.278308570956675 ], [ -110.638862381014121, 50.277611478897526 ], [ -110.639854566308742, 50.275905999485779 ], [ -110.639982995561397, 50.275503047859885 ], [ -110.640069095658887, 50.275105361458522 ], [ -110.640109138781881, 50.274681842648675 ], [ -110.640099150140642, 50.274216247552339 ], [ -110.639840424421536, 50.273664279800485 ], [ -110.639462326218464, 50.272857547205817 ], [ -110.639304559115018, 50.272423726377731 ], [ -110.638895941255683, 50.270986322956794 ], [ -110.63867948024199, 50.269914010968471 ], [ -110.63861799353495, 50.269332210775175 ], [ -110.638625360178636, 50.268398523069742 ], [ -110.638706209001072, 50.267489408287346 ], [ -110.638716003591796, 50.266938858678252 ], [ -110.638775480013479, 50.266449314806977 ], [ -110.638778100617955, 50.266427741143971 ], [ -110.638905500425096, 50.265900662048644 ], [ -110.638999183817518, 50.265386931067688 ], [ -110.639141092449222, 50.264888264409926 ], [ -110.639343748240947, 50.264411468122148 ], [ -110.639660287416305, 50.263924290133261 ], [ -110.640054716581986, 50.263434771389711 ], [ -110.640494822138521, 50.26300350889364 ], [ -110.641092932582836, 50.262555272223416 ], [ -110.642123345029404, 50.262042724808815 ], [ -110.642871179196774, 50.261774595654508 ], [ -110.643406654438479, 50.261697174736867 ], [ -110.643904441285727, 50.261598018956668 ], [ -110.644939131613015, 50.261281115229288 ], [ -110.645575938273538, 50.26110909526362 ], [ -110.645858292873598, 50.261032830020781 ], [ -110.646454628980294, 50.260871746018239 ], [ -110.649279423252949, 50.25982132654903 ], [ -110.650020081345019, 50.259638132164092 ], [ -110.650596922484553, 50.259413764541648 ], [ -110.65100744040511, 50.259200906765237 ], [ -110.651058447915858, 50.25918203609649 ], [ -110.652566491186519, 50.258624314188673 ], [ -110.653245585645763, 50.25828297329106 ], [ -110.654035697066661, 50.25799332182136 ], [ -110.65568438363151, 50.257279407584853 ], [ -110.656206282574345, 50.257079104115626 ], [ -110.656758912361624, 50.256746686562735 ], [ -110.65717684647646, 50.256459520754063 ], [ -110.657801480697714, 50.256030322836878 ], [ -110.658396512110585, 50.255661634529808 ], [ -110.659623515556277, 50.255018798904061 ], [ -110.660883173919956, 50.254480020419322 ], [ -110.661032513313344, 50.254268822480839 ], [ -110.660861240796933, 50.253919948955321 ], [ -110.661079539750702, 50.253543017439164 ], [ -110.661576045287148, 50.252914841867536 ], [ -110.662116521747038, 50.252083094358106 ], [ -110.662193552667873, 50.251927786364988 ], [ -110.66228361502543, 50.251746227285082 ], [ -110.662296866211321, 50.251719510960022 ], [ -110.662411688774839, 50.251377198364587 ], [ -110.662516867206179, 50.250947158217372 ], [ -110.662689199999519, 50.250534916626499 ], [ -110.662739185716617, 50.250151959467033 ], [ -110.662734244818466, 50.25011827603538 ], [ -110.662723717182757, 50.250046341774507 ], [ -110.662717035233342, 50.250001271580444 ], [ -110.662713145146782, 50.249974730026452 ], [ -110.662687816608425, 50.249802274482192 ], [ -110.662560253055858, 50.249276773494621 ], [ -110.662386869679594, 50.248713343759775 ], [ -110.662035596562532, 50.248039884647099 ], [ -110.661692048591746, 50.247439359919845 ], [ -110.660571214381662, 50.245606327281088 ], [ -110.660214016861403, 50.245123096926768 ], [ -110.659824835847743, 50.244674873297647 ], [ -110.659709161049591, 50.244498669324102 ], [ -110.659217245096983, 50.243749404995761 ], [ -110.65878838924165, 50.243265935926928 ], [ -110.657906879979933, 50.242390642784493 ], [ -110.657478831854959, 50.242052874970604 ], [ -110.657208330929535, 50.241863329557177 ], [ -110.657081773962261, 50.241774647317719 ], [ -110.655779335123924, 50.241116280038838 ], [ -110.65375784178498, 50.240422547135196 ], [ -110.653056321798061, 50.240296943857651 ], [ -110.652373049861993, 50.240230797990428 ], [ -110.651914742314815, 50.240201922805284 ], [ -110.651146506697003, 50.240217711192827 ], [ -110.649873147568258, 50.240471645826368 ], [ -110.649319283929415, 50.240527459293112 ], [ -110.648701914782038, 50.24061265924329 ], [ -110.64806087405718, 50.240754393629615 ], [ -110.646957707890977, 50.241025193099524 ], [ -110.646217660698568, 50.241173347177764 ], [ -110.645923258623867, 50.241254217295776 ], [ -110.64564077955292, 50.241331829958916 ], [ -110.645607850348554, 50.241340874940036 ], [ -110.645014308612744, 50.241570524818165 ], [ -110.644411318306169, 50.241900050447619 ], [ -110.643845551219769, 50.242298504083195 ], [ -110.642816246923189, 50.243170107306426 ], [ -110.642384490465716, 50.243620385946471 ], [ -110.642026450006242, 50.244080437757134 ], [ -110.641688000526727, 50.244569896578817 ], [ -110.641360197454645, 50.245043948966661 ], [ -110.641023435342731, 50.245467640243461 ], [ -110.64053107237757, 50.246299584597061 ], [ -110.640369265103715, 50.246694334531796 ], [ -110.640411560990287, 50.247089890009974 ], [ -110.640735257758578, 50.248799684038552 ], [ -110.640709723381732, 50.249975570133138 ], [ -110.640709123292453, 50.250001093198428 ], [ -110.640708147265087, 50.25004653074663 ], [ -110.640706584233257, 50.250118272424444 ], [ -110.640695952493104, 50.250609183750029 ], [ -110.640608765198991, 50.251112088572896 ], [ -110.640487889033466, 50.251618968276972 ], [ -110.640364922272667, 50.25182968904884 ], [ -110.640258854457983, 50.252011435586248 ], [ -110.64016659934056, 50.252169512015591 ], [ -110.639642255409143, 50.252821746343464 ], [ -110.638455178117894, 50.253866624053032 ], [ -110.637480782241212, 50.254476512069125 ], [ -110.636340866588611, 50.255011491483145 ], [ -110.635626385732152, 50.255314871367375 ], [ -110.634362982606305, 50.255779407101642 ], [ -110.63388130351855, 50.255956510119958 ], [ -110.631998276029805, 50.256500466730415 ], [ -110.631082806788328, 50.256685532874791 ], [ -110.630228098522267, 50.256901823669459 ], [ -110.629281909290754, 50.257208237312042 ], [ -110.627992310067924, 50.257557612714244 ], [ -110.625797492333263, 50.258110919621231 ], [ -110.624711229549717, 50.258323528385581 ], [ -110.623284124511514, 50.258530602039265 ], [ -110.623135479814991, 50.258544131519805 ], [ -110.622853204036616, 50.258569810140116 ], [ -110.622561418938474, 50.258596358941624 ], [ -110.621472928996653, 50.258613227708771 ], [ -110.620976804457484, 50.258558500459884 ], [ -110.620613278972158, 50.258501573227676 ], [ -110.620099022234442, 50.25836172526796 ], [ -110.619710231194162, 50.258105051045476 ], [ -110.619462827640803, 50.257811189662483 ], [ -110.619273522221505, 50.257402852020341 ], [ -110.619201809356625, 50.257009881192765 ], [ -110.619211292520689, 50.256518717409456 ], [ -110.619362059747672, 50.255993140335022 ], [ -110.619649567044334, 50.255474873227818 ], [ -110.620058200687993, 50.255050242652615 ], [ -110.620642871055452, 50.25468711442953 ], [ -110.621041655038042, 50.254399980662953 ], [ -110.622049488879867, 50.253822820423942 ], [ -110.622866305102775, 50.253452143803401 ], [ -110.623148835385578, 50.253323930802182 ], [ -110.623301474932418, 50.253254659790493 ], [ -110.623924947849844, 50.253003704934592 ], [ -110.624689815226915, 50.252723569645333 ], [ -110.625422584091297, 50.252485214308145 ], [ -110.62639716739784, 50.252118111332429 ], [ -110.626887381017823, 50.251933453077534 ], [ -110.627218459560851, 50.25180873759377 ], [ -110.627479066640191, 50.25171613696957 ], [ -110.628861973345678, 50.251224744034694 ], [ -110.629774835258544, 50.250869686330461 ], [ -110.630310194051233, 50.250587209530103 ], [ -110.630829501999571, 50.250274462516018 ], [ -110.631094826118996, 50.250114662666221 ], [ -110.631207369406539, 50.250046895224962 ], [ -110.63128089298354, 50.250001360418835 ], [ -110.631320332005544, 50.249976940786119 ], [ -110.633965766694928, 50.248327439281283 ], [ -110.634376062270078, 50.248099370405605 ], [ -110.634505484022483, 50.248027429221345 ], [ -110.636132104499069, 50.247003231868945 ], [ -110.636556223095596, 50.246689241804134 ], [ -110.638083255819893, 50.245722593295284 ], [ -110.638553671429932, 50.245399338536537 ], [ -110.639122311334347, 50.244932085493581 ], [ -110.639604340193458, 50.244587682050344 ], [ -110.640093111389533, 50.244238440420659 ], [ -110.64058304586537, 50.243859889804064 ], [ -110.64093961691475, 50.243553687340409 ], [ -110.641280079294432, 50.243182640022532 ], [ -110.641544762902186, 50.24280589008292 ], [ -110.641794866254713, 50.242420952780833 ], [ -110.642416900717038, 50.241242716806553 ], [ -110.642687864526522, 50.240453043402731 ], [ -110.642816571455285, 50.239997442979821 ], [ -110.642938795540076, 50.239132906859396 ], [ -110.642960906299152, 50.238610746252114 ], [ -110.642835557885178, 50.238098805465555 ], [ -110.642704570814047, 50.237737940584921 ], [ -110.642499441171978, 50.237274553616011 ], [ -110.642474153367999, 50.237217438921462 ], [ -110.642221705282424, 50.236798025999335 ], [ -110.641650844477738, 50.236030476026272 ], [ -110.64129234185458, 50.235692972180935 ], [ -110.640861746938981, 50.235417228703071 ], [ -110.640005416280943, 50.235010158914903 ], [ -110.639372323593122, 50.234775485705043 ], [ -110.638795583763866, 50.234597618047658 ], [ -110.637584209550511, 50.234355056227884 ], [ -110.636863318047958, 50.234273781439256 ], [ -110.634677240785706, 50.234094594028839 ], [ -110.634382436258022, 50.234087227335493 ], [ -110.63344469194061, 50.234063790233613 ], [ -110.632263272214701, 50.233971097328293 ], [ -110.631702780094884, 50.234064555246384 ], [ -110.63112235042874, 50.234238908069898 ], [ -110.630593976531017, 50.234476860730588 ], [ -110.627703608800644, 50.235870771002034 ], [ -110.626822833140409, 50.236201709756763 ], [ -110.624268719272962, 50.237005879251214 ], [ -110.623337450584657, 50.237240297345195 ], [ -110.623122185239495, 50.237294477356592 ], [ -110.622840228317116, 50.237365445019144 ], [ -110.621606493314999, 50.237675959403717 ], [ -110.620089215358973, 50.23850342337051 ], [ -110.619592778983346, 50.238692912485931 ], [ -110.619188592834576, 50.238920561929667 ], [ -110.618660362042192, 50.239123406158861 ], [ -110.617442814369539, 50.239455482120235 ], [ -110.616854949870472, 50.239535243275313 ], [ -110.616200118479782, 50.239575599379755 ], [ -110.615035559095105, 50.239679807047914 ], [ -110.614139998912719, 50.239798730372442 ], [ -110.61381379334054, 50.239813440485591 ], [ -110.613399433908, 50.239798177284669 ], [ -110.612491906539972, 50.239663270636562 ], [ -110.611755302275441, 50.239483255266286 ], [ -110.611589795598675, 50.239409437378008 ], [ -110.611529196616601, 50.239382411729927 ], [ -110.611011119325312, 50.239027927379524 ], [ -110.610738308753568, 50.238774349655209 ], [ -110.610568200372484, 50.238536133509342 ], [ -110.610453241872605, 50.238269782628009 ], [ -110.610282077691153, 50.237953218534237 ], [ -110.609988376721091, 50.237282620854188 ], [ -110.609982500073386, 50.237266059801144 ], [ -110.609724878073735, 50.236540566070616 ], [ -110.609397252104145, 50.235315135641805 ], [ -110.609322692430595, 50.234421449494839 ], [ -110.60931970424609, 50.232735947214614 ], [ -110.609290316728902, 50.2323431195612 ], [ -110.60912042625479, 50.231705405204785 ], [ -110.609063424918475, 50.2313407507744 ], [ -110.609057521843852, 50.230906227131491 ], [ -110.608983642504853, 50.230336401673263 ], [ -110.608972496017444, 50.230035908457737 ], [ -110.608965779560179, 50.229854575130858 ], [ -110.608993722164399, 50.229405277691328 ], [ -110.609088974243463, 50.228957702075959 ], [ -110.609246545934639, 50.228581860529594 ], [ -110.609316579583776, 50.228335211866167 ], [ -110.609222419060387, 50.228081118589294 ], [ -110.609137667971524, 50.22797486139698 ], [ -110.608985868087146, 50.227784560619796 ], [ -110.608677463719516, 50.227519990685458 ], [ -110.60786665204364, 50.227108770057285 ], [ -110.607561826879802, 50.226886676205389 ], [ -110.607215766009602, 50.226572823091182 ], [ -110.60616020055663, 50.225449095283622 ], [ -110.605180940859583, 50.224022402897567 ], [ -110.604591973604499, 50.223365275753196 ], [ -110.603880461627654, 50.222815546798316 ], [ -110.603792586709247, 50.222730212767857 ], [ -110.603789203235763, 50.222726928402601 ], [ -110.611538360120718, 50.222721656936535 ], [ -110.622803932442579, 50.222715200823735 ], [ -110.623085790362353, 50.222715020468023 ], [ -110.634349064591888, 50.222706125165494 ], [ -110.645735119953059, 50.222699449913009 ], [ -110.646016983204746, 50.222699268785078 ], [ -110.657254509598204, 50.222702567696743 ], [ -110.668489710111047, 50.22270905947876 ], [ -110.66877156669463, 50.222709206937914 ], [ -110.67999657569132, 50.222702250134844 ], [ -110.691243837493673, 50.222694847911448 ], [ -110.691525701466219, 50.22269464763766 ], [ -110.702863296988909, 50.222687490686084 ], [ -110.714197919294548, 50.222681765437187 ], [ -110.714479776615022, 50.222681604402936 ], [ -110.725814249930366, 50.222672492177317 ], [ -110.737150492152239, 50.222663354283441 ], [ -110.737432349059461, 50.22266311570506 ], [ -110.748769978665806, 50.222651642527708 ], [ -110.760100624745164, 50.222643124942209 ], [ -110.760382487716825, 50.222642897511534 ], [ -110.771719660388015, 50.222630486281453 ], [ -110.783060489407603, 50.222615236337298 ], [ -110.783342352676101, 50.222614842259091 ], [ -110.794680776851436, 50.222601766614581 ], [ -110.806016154690838, 50.222574407516511 ], [ -110.806298018271335, 50.222573716283755 ], [ -110.817636738419282, 50.222566052948423 ], [ -110.828972792864434, 50.222561487062933 ], [ -110.829254648961808, 50.222561357138929 ], [ -110.840867883895001, 50.222590245979141 ], [ -110.852186231272015, 50.222599279077045 ], [ -110.852468085829756, 50.22259948995228 ], [ -110.863800342526517, 50.222615626261152 ], [ -110.875124657285056, 50.222629245965074 ], [ -110.875406513227418, 50.22262957293642 ], [ -110.886583552797163, 50.222639006373058 ], [ -110.897760797455035, 50.222651453096525 ], [ -110.898042660002289, 50.222651754864351 ], [ -110.909369742333752, 50.222659780403845 ], [ -110.920705878937184, 50.222664608952826 ], [ -110.920987734500372, 50.222664711095085 ], [ -110.932324832115938, 50.222675398924828 ], [ -110.943655420343092, 50.222682924785389 ], [ -110.943937275581405, 50.22268309793678 ], [ -110.955261625429003, 50.222687624772121 ], [ -110.966575788555105, 50.222691364415915 ], [ -110.966857650060987, 50.222691447756219 ], [ -110.97818429588537, 50.222715141605676 ], [ -110.989517581196992, 50.222740009524202 ], [ -110.989799436092113, 50.222740609238777 ], [ -111.001134357498543, 50.222752911087007 ], [ -111.012465496542788, 50.222764628154579 ], [ -111.012747352894394, 50.222764905069852 ], [ -111.024145266948537, 50.222739383361052 ], [ -111.035415245253532, 50.222802744992499 ], [ -111.035697102274796, 50.222804318914925 ], [ -111.047152158328132, 50.222802590008556 ], [ -111.058336098359803, 50.22281547473321 ], [ -111.058617955370494, 50.222815783982213 ], [ -111.069981391746026, 50.222826391304061 ], [ -111.081286351672674, 50.222834359924747 ], [ -111.081568207764306, 50.222834546648784 ], [ -111.092896938981852, 50.222846079284295 ], [ -111.10425213760999, 50.222909651668914 ], [ -111.104533994936588, 50.222911212127151 ], [ -111.115840845569892, 50.222913482519175 ], [ -111.127151503612524, 50.222908094187993 ], [ -111.127433361411519, 50.222907945417433 ], [ -111.138749309421783, 50.222904698672629 ], [ -111.150076204700412, 50.222893800851232 ], [ -111.150068016260335, 50.229998515520478 ], [ -111.150059716583215, 50.237227978446313 ], [ -111.150341657819482, 50.237227675095589 ], [ -111.161647792504297, 50.237223401016855 ], [ -111.172953540745965, 50.237216869462856 ], [ -111.1729476907188, 50.244441516520659 ], [ -111.172942416112022, 50.251672835014091 ], [ -111.172942331741652, 50.251853667245108 ], [ -111.172938940133747, 50.259083092860791 ], [ -111.173221018591136, 50.259082906559847 ], [ -111.184528995142301, 50.259089794135079 ], [ -111.195839500514026, 50.259095585698162 ], [ -111.196121577653599, 50.259095715310487 ], [ -111.207437624639596, 50.259091267769691 ], [ -111.207438571312196, 50.266324214965834 ], [ -111.207433491234724, 50.273558400265117 ], [ -111.207428436508494, 50.280766805601658 ], [ -111.196116465106869, 50.280795550800775 ], [ -111.195834265321608, 50.280795486000294 ], [ -111.184528958399071, 50.280792185837242 ], [ -111.173220755456185, 50.280793666896983 ], [ -111.172938547853505, 50.280793770176565 ], [ -111.172938355245989, 50.280974595632699 ], [ -111.172930435060877, 50.288203441276515 ], [ -111.17292233448039, 50.295438356975176 ], [ -111.17290291663106, 50.302663318525553 ], [ -111.172900409960363, 50.309894266430064 ], [ -111.172900635337754, 50.310075092560517 ], [ -111.172909438302995, 50.317303601652434 ], [ -111.17290829973328, 50.324524039951854 ], [ -111.172912321560048, 50.331763627048396 ], [ -111.172917161408662, 50.338996595857068 ], [ -111.172916850773447, 50.339177422036265 ], [ -111.17290462168063, 50.346406095096171 ], [ -111.172902177721241, 50.353634529391705 ], [ -111.172900567973045, 50.36086368102734 ], [ -111.172899085326861, 50.368092444795742 ], [ -111.172899046943897, 50.368273270442216 ], [ -111.17289734611262, 50.375501511529301 ], [ -111.172895755202063, 50.382730172459659 ], [ -111.172894401787374, 50.389958806494228 ], [ -111.172892765162402, 50.397187428879846 ], [ -111.172893172516055, 50.397368255205187 ], [ -111.172909523168272, 50.404623979616829 ], [ -111.172946737951605, 50.411838434387633 ], [ -111.172915437446818, 50.419076072063994 ], [ -111.17290629345807, 50.426294665680544 ], [ -111.172906106057937, 50.426475491485448 ], [ -111.17289880017897, 50.433706079168424 ], [ -111.1728945787698, 50.440937407896847 ], [ -111.172888074142222, 50.448167782442262 ], [ -111.172881160950595, 50.455400563332979 ], [ -111.172881012801597, 50.455581382726372 ], [ -111.172875101837562, 50.462818789074973 ], [ -111.172870105812549, 50.470049015444317 ], [ -111.172863877795649, 50.477274234133475 ], [ -111.172857694101353, 50.484501298936671 ], [ -111.172858048884848, 50.484682118185127 ], [ -111.172872078966364, 50.49191753182707 ], [ -111.172886070112483, 50.499149634947898 ], [ -111.172900590982877, 50.506386398883372 ], [ -111.172915144053974, 50.513623142965038 ], [ -111.172915505840805, 50.513803961819619 ], [ -111.172930052804276, 50.521040705896951 ], [ -111.172930301916395, 50.528283662670418 ], [ -111.172930551368708, 50.535526780928649 ], [ -111.172938536490307, 50.542769860734388 ], [ -111.172938730856671, 50.542950686170151 ], [ -111.172946696088317, 50.550197011172642 ], [ -111.172954694788871, 50.557443309707338 ], [ -111.172962673719653, 50.564689576422026 ], [ -111.172970665771899, 50.571948836338095 ], [ -111.172964496666907, 50.57212625123244 ], [ -111.181582072807544, 50.572110569186655 ], [ -111.181563065272968, 50.579560972452903 ], [ -111.181547019561833, 50.586808190861461 ], [ -111.170224748344395, 50.586809175221376 ], [ -111.158902325690207, 50.586808817218881 ], [ -111.158618300750959, 50.586808817455285 ], [ -111.147223875365029, 50.586808123537708 ], [ -111.135824347937671, 50.586806359283798 ], [ -111.135540321874245, 50.586807010464042 ], [ -111.135539015403126, 50.594026729500548 ], [ -111.135524412402077, 50.601280003847421 ], [ -111.135524728369731, 50.601460823312159 ], [ -111.135537382262768, 50.608704278285622 ], [ -111.135540307906794, 50.615948345662822 ], [ -111.13552302117057, 50.623187865462278 ], [ -111.135505740910006, 50.630421642644585 ], [ -111.135505527177926, 50.630602462016853 ], [ -111.135497137874779, 50.637834988584004 ], [ -111.135488250483803, 50.645067572000606 ], [ -111.124147570482535, 50.645064913731439 ], [ -111.112806910079641, 50.645061157408357 ], [ -111.112522535076451, 50.645061092855201 ], [ -111.101105817109797, 50.645057781939904 ], [ -111.089689194404087, 50.645053368661138 ], [ -111.089404814589088, 50.645053736063659 ], [ -111.089394021978862, 50.652298894841067 ], [ -111.089379739756637, 50.659544660581155 ], [ -111.089379630669967, 50.659725480373403 ], [ -111.089375205451944, 50.666960658290094 ], [ -111.089371037454754, 50.674191903082487 ], [ -111.089362438364205, 50.681425270438126 ], [ -111.089339606489602, 50.688642489014981 ], [ -111.089339792520505, 50.688823307891909 ], [ -111.089347198898992, 50.696056365326392 ], [ -111.089328883557457, 50.703290332268075 ], [ -111.077948464196595, 50.703300062278593 ], [ -111.06656364787743, 50.703310901466565 ], [ -111.066278919216415, 50.703310668854641 ], [ -111.054847959450939, 50.703300617764661 ], [ -111.043420704319502, 50.703289147138548 ], [ -111.043135975306171, 50.7032891214985 ], [ -111.031766874240034, 50.703287476507768 ], [ -111.020395980696037, 50.703284632040216 ], [ -111.020111252331589, 50.703284463564124 ], [ -111.008689235025827, 50.703277289989344 ], [ -110.9972712033059, 50.703270904497657 ], [ -110.996986474252722, 50.703271091675006 ], [ -110.985608253204418, 50.703277749127913 ], [ -110.974230038159178, 50.703283302761129 ], [ -110.97394530927771, 50.703283483856687 ], [ -110.962545105831055, 50.703290218412512 ], [ -110.95114492269731, 50.703295849786301 ], [ -110.950860193852961, 50.703296946388186 ], [ -110.939443243322174, 50.703340468138784 ], [ -110.928026266530097, 50.703382860341996 ], [ -110.927741538556873, 50.703382363816459 ], [ -110.916336096097055, 50.703361744026189 ], [ -110.904930799706818, 50.703340113033022 ], [ -110.904646070496653, 50.703340022842447 ], [ -110.893236171961362, 50.703335758359323 ], [ -110.881826306560413, 50.703330398041274 ], [ -110.881541578070596, 50.703330379030824 ], [ -110.870135777553116, 50.703328908479158 ], [ -110.858730021385469, 50.703326316263848 ], [ -110.85844529209993, 50.703326561024824 ], [ -110.847046381309582, 50.703335930009715 ], [ -110.835647496557314, 50.703344169047497 ], [ -110.835362767892164, 50.70334309164349 ], [ -110.824124048550757, 50.703300106655746 ], [ -110.812885330217696, 50.703256024690688 ], [ -110.812600594032276, 50.703256883203181 ], [ -110.812600530292258, 50.703256882710043 ], [ -110.80092952620501, 50.703291510590518 ], [ -110.789258446148565, 50.703324951701141 ], [ -110.788973716759614, 50.703324094463639 ], [ -110.788973671468014, 50.703324093724923 ], [ -110.777766056305012, 50.703289683397166 ], [ -110.766558400447252, 50.703254182069131 ], [ -110.766273671436096, 50.703255511406276 ], [ -110.754945888123572, 50.703307906440124 ], [ -110.743618002258714, 50.703359135188272 ], [ -110.743333285056195, 50.703357329631686 ], [ -110.743333175947782, 50.703357329241463 ], [ -110.731858864890043, 50.703284073543905 ], [ -110.720384445463907, 50.703209708774025 ], [ -110.720099715495408, 50.703210173525441 ], [ -110.708703811804412, 50.70322827936765 ], [ -110.697307914326743, 50.703245248586086 ], [ -110.697023184144143, 50.703245042814196 ], [ -110.685947442968583, 50.703236354401497 ], [ -110.674871732737117, 50.703226594766377 ], [ -110.674587002337745, 50.703226898340603 ], [ -110.674586557199603, 50.703226898898038 ], [ -110.662707733790484, 50.703239034684032 ], [ -110.650828713500417, 50.703250171216503 ], [ -110.650543977708352, 50.703249655658979 ], [ -110.65054390117912, 50.703249655498986 ], [ -110.63920354012771, 50.70322871489541 ], [ -110.627863114577238, 50.703206657189625 ], [ -110.627578378694309, 50.703207224891877 ], [ -110.627578327591976, 50.703207225672173 ], [ -110.616407121825816, 50.703228903732217 ], [ -110.605235851234198, 50.703249536407299 ], [ -110.604951121699301, 50.703250284680188 ], [ -110.593428599117544, 50.703280195875664 ], [ -110.581906097641465, 50.703309004363575 ], [ -110.581621368260926, 50.703308384917648 ], [ -110.570225414471466, 50.703282987534685 ], [ -110.558829474506183, 50.703256485620408 ], [ -110.558544739260867, 50.703256679797732 ], [ -110.547129830930274, 50.703263894616519 ], [ -110.535714903281956, 50.703269980252998 ], [ -110.535430167389194, 50.703268626052342 ], [ -110.524066162741633, 50.703214002522742 ], [ -110.512702190718855, 50.70315829466356 ], [ -110.512417454531089, 50.703158243260674 ], [ -110.501023184672675, 50.703155735476699 ], [ -110.489618487586512, 50.703152405068103 ], [ -110.489333759099821, 50.703153348106902 ], [ -110.477957790988029, 50.703190566621259 ], [ -110.466579436270095, 50.703227179005339 ], [ -110.466294707209713, 50.703226515313673 ], [ -110.454905596905661, 50.703199308285143 ], [ -110.443515384071105, 50.703173353160494 ], [ -110.44323064752129, 50.703172579440341 ], [ -110.431866105718171, 50.703141147318377 ], [ -110.420492485825662, 50.703108907661949 ], [ -110.420207756442466, 50.70310915346667 ], [ -110.408755275931867, 50.703118533574788 ], [ -110.397310968716866, 50.703127077363348 ], [ -110.397026240400947, 50.703126858711393 ], [ -110.385641740248175, 50.703117557515029 ], [ -110.374245717788583, 50.703108236233007 ], [ -110.373960981445279, 50.703108269414713 ], [ -110.362577901803931, 50.703108981342524 ], [ -110.351191582614533, 50.70310933777418 ], [ -110.350906846595265, 50.703108976775454 ], [ -110.339509257058339, 50.70309375950464 ], [ -110.328111163582378, 50.70307832010954 ], [ -110.327826434238773, 50.703077933730199 ], [ -110.316419083893749, 50.703061845008158 ], [ -110.305010779124146, 50.703044446938343 ], [ -110.304726048993047, 50.703044124434811 ], [ -110.29335963440883, 50.70303068810702 ], [ -110.281981626673016, 50.703017186029122 ] ] ] ] } },
{ "type": "Feature", "properties": { "OBJECTID": 20, "AWR_NAME": null, "SHAPE.STArea()": 59596434.313125603, "SHAPE.STLength()": 33668.145255706921, "MB_NAME": "C.F.B. Suffield", "GlobalID": "{D5A75B85-5490-4509-811E-11F554D25B36}", "layer": "DND Military Base 1:27,733,946 to 1:433,343", "path": "url='https://geospatial.alberta.ca/titan/rest/services/boundary/military_base_and_training_ground/MapServer/11'" }, "geometry": { "type": "MultiPolygon", "coordinates": [ [ [ [ -110.469266937311843, 50.432087307387356 ], [ -110.468865945789048, 50.43167433993284 ], [ -110.467565639057895, 50.430529301403091 ], [ -110.466322032641386, 50.429599584623944 ], [ -110.465860005863192, 50.4293885262854 ], [ -110.465125142809796, 50.429169663775426 ], [ -110.464397164515759, 50.428952736204764 ], [ -110.463124907661054, 50.428539893787267 ], [ -110.463050514060754, 50.428518545789842 ], [ -110.46276740761455, 50.428437336513255 ], [ -110.462437172524034, 50.428342611202574 ], [ -110.461908558762801, 50.428304609970866 ], [ -110.461240822925276, 50.42815842425518 ], [ -110.459965707599906, 50.427826496704618 ], [ -110.459088632779356, 50.427575410300982 ], [ -110.457833562573455, 50.427267431597258 ], [ -110.456431901228598, 50.426810184056563 ], [ -110.455616982929911, 50.426494968517467 ], [ -110.455509442838107, 50.426452724326126 ], [ -110.455048905692578, 50.426271820826251 ], [ -110.454420437056726, 50.426024944334365 ], [ -110.454212078305773, 50.425948863715178 ], [ -110.453872598929323, 50.425740887558668 ], [ -110.453536566326164, 50.425481661199314 ], [ -110.453242261467807, 50.425321941956852 ], [ -110.452902581353825, 50.425216449550327 ], [ -110.452592048312567, 50.425209291359138 ], [ -110.452446180319825, 50.425078126044113 ], [ -110.452215757297282, 50.424996916149937 ], [ -110.452075913564627, 50.424916240572792 ], [ -110.451698480710405, 50.424697413797041 ], [ -110.451472904417997, 50.424584390884171 ], [ -110.451036871861035, 50.424365939691697 ], [ -110.450776236278742, 50.424253897205368 ], [ -110.450351823600059, 50.424015536243779 ], [ -110.449901376756102, 50.423856915942515 ], [ -110.449379589970448, 50.4237189928294 ], [ -110.448930627629423, 50.423522605543603 ], [ -110.448309384078428, 50.423306433022269 ], [ -110.446992979069407, 50.422960590818562 ], [ -110.445165263607947, 50.422643256422781 ], [ -110.444734345008072, 50.42259712526343 ], [ -110.441952751176188, 50.422347903557338 ], [ -110.440406192609885, 50.422136456748269 ], [ -110.440174789677187, 50.422102918776446 ], [ -110.440176397214969, 50.419027027365992 ], [ -110.440183064273398, 50.411794032747601 ], [ -110.463106870683163, 50.397340889531392 ], [ -110.474431471349064, 50.397337479632611 ], [ -110.485733375936888, 50.397345515327657 ], [ -110.486016270675378, 50.397345700022335 ], [ -110.497317150623587, 50.397347981725396 ], [ -110.508625508571882, 50.397349168188988 ], [ -110.508908403796511, 50.397349185818612 ], [ -110.520223067881574, 50.397345686239767 ], [ -110.531528209524694, 50.397343813746055 ], [ -110.531811103407776, 50.39734375284808 ], [ -110.54312319989198, 50.397340021780835 ], [ -110.554427290434433, 50.397327877921562 ], [ -110.554710185456713, 50.397327560362882 ], [ -110.56602497816624, 50.397331441260661 ], [ -110.577334513664667, 50.397335942497172 ], [ -110.577617408670221, 50.39733604427115 ], [ -110.588162093096656, 50.397343737008455 ], [ -110.5881621208149, 50.397343756965775 ], [ -110.588692173318719, 50.397773849110962 ], [ -110.588931866463355, 50.398032420874394 ], [ -110.588944968959552, 50.398046556636388 ], [ -110.589110527524326, 50.398280438887348 ], [ -110.589326507347749, 50.398855867928162 ], [ -110.589523889378057, 50.399218188310073 ], [ -110.589713770508453, 50.399483373381948 ], [ -110.590386231766999, 50.400564708354246 ], [ -110.590510886709822, 50.400818983940667 ], [ -110.590650936531844, 50.400894757712535 ], [ -110.590715097439073, 50.400958924282861 ], [ -110.590668863496774, 50.401115220907087 ], [ -110.590727228933233, 50.401358336422412 ], [ -110.590992717381056, 50.402098313498364 ], [ -110.591017754217106, 50.402298796489255 ], [ -110.591023427641048, 50.40270497681702 ], [ -110.591230367796371, 50.403410302358715 ], [ -110.591267313639591, 50.403669462414271 ], [ -110.591457300612419, 50.404206002357157 ], [ -110.591647360956529, 50.404575470891828 ], [ -110.591754416396128, 50.40478361212994 ], [ -110.591912038621871, 50.405020003540308 ], [ -110.592081766183128, 50.405127860713591 ], [ -110.592557776642437, 50.40575077238708 ], [ -110.592741539870019, 50.406087680015581 ], [ -110.592833117246641, 50.406375510901817 ], [ -110.592861624345133, 50.406648115910734 ], [ -110.592937459086798, 50.40701414117985 ], [ -110.592956009519398, 50.40740281112754 ], [ -110.592927524515787, 50.407665797888988 ], [ -110.592672022937194, 50.408374230137596 ], [ -110.592553700956202, 50.40909144812818 ], [ -110.592244180402957, 50.409728158366718 ], [ -110.592033482186281, 50.410049565788313 ], [ -110.59156144053226, 50.410680050792365 ], [ -110.591101341186231, 50.411193272522183 ], [ -110.590828089402919, 50.411437480208818 ], [ -110.590379037073916, 50.411805282378936 ], [ -110.589988023295476, 50.412125548813499 ], [ -110.589040590434124, 50.412775282004056 ], [ -110.588934120772308, 50.412836624345118 ], [ -110.588687604124971, 50.412978670490084 ], [ -110.588056662750773, 50.413303474075875 ], [ -110.587751251276487, 50.413409927545757 ], [ -110.587366594512403, 50.413507232677532 ], [ -110.587029104233892, 50.413592608790054 ], [ -110.586043489701268, 50.413728105887586 ], [ -110.585319074193393, 50.413739380972544 ], [ -110.585082075597711, 50.413784104945606 ], [ -110.584684626118175, 50.41382264934736 ], [ -110.583978126782014, 50.413923066400905 ], [ -110.583374922432725, 50.414041521708569 ], [ -110.583090735255524, 50.414134568719987 ], [ -110.582821071193706, 50.41425864739746 ], [ -110.582129019144958, 50.414740941720773 ], [ -110.581573176093713, 50.415477156336742 ], [ -110.581229404351333, 50.416132976961855 ], [ -110.581131362837581, 50.416390169738179 ], [ -110.581094266187222, 50.416480389073691 ], [ -110.580803955169785, 50.417945558468126 ], [ -110.580827881391684, 50.418408485137967 ], [ -110.580801892991204, 50.418644439008361 ], [ -110.580686538752516, 50.418743704292424 ], [ -110.580604286811862, 50.418905174436269 ], [ -110.580618807756366, 50.419031187039309 ], [ -110.58063105951959, 50.419137321482921 ], [ -110.580921192542519, 50.420281578366776 ], [ -110.581101569480197, 50.420726394126625 ], [ -110.581400792349413, 50.421125880544253 ], [ -110.581661795104083, 50.421548122166662 ], [ -110.581758134136734, 50.421790074484946 ], [ -110.581948109941678, 50.422487237878492 ], [ -110.582282059955318, 50.4229853876368 ], [ -110.582378375469816, 50.423222044369439 ], [ -110.582508239627614, 50.424179206108214 ], [ -110.582619051441412, 50.424275540740766 ], [ -110.582795347360161, 50.424357370814477 ], [ -110.583082302998591, 50.424909263116412 ], [ -110.58319088244761, 50.425178970844804 ], [ -110.583407002607416, 50.425468103644739 ], [ -110.583491451902489, 50.42564523077732 ], [ -110.583513276634875, 50.425768114234273 ], [ -110.583807292946744, 50.426077207785575 ], [ -110.583927414138529, 50.426265489581127 ], [ -110.584042890695599, 50.426446507378699 ], [ -110.58404561256917, 50.426450778789693 ], [ -110.584227565513672, 50.42660005415965 ], [ -110.584418499774159, 50.426703588573517 ], [ -110.584662362929194, 50.426797818379235 ], [ -110.584756394508702, 50.426884669517335 ], [ -110.584700806523429, 50.426931579409093 ], [ -110.585088397223117, 50.427191227504387 ], [ -110.585137441821587, 50.427329077647833 ], [ -110.585043001414803, 50.427628109593186 ], [ -110.585073110417341, 50.427759140228758 ], [ -110.584998626781911, 50.427808682553348 ], [ -110.584454398758012, 50.42757261587824 ], [ -110.584146174748369, 50.427390302747099 ], [ -110.58425440576714, 50.427513597694286 ], [ -110.584696008307859, 50.427853084032726 ], [ -110.585197863023808, 50.428095692912336 ], [ -110.585914779388446, 50.428541751381452 ], [ -110.586147255374698, 50.428707478276138 ], [ -110.586312136895771, 50.428868832074613 ], [ -110.586717925918009, 50.429372768811049 ], [ -110.587029123112941, 50.429665707935612 ], [ -110.587147392797419, 50.429833557810582 ], [ -110.587497027013171, 50.430448747136836 ], [ -110.587686881727606, 50.430815718540948 ], [ -110.587759996286991, 50.431058948954771 ], [ -110.588085810896004, 50.431717569821721 ], [ -110.588546167030898, 50.432430874541801 ], [ -110.588787511966785, 50.432913663842797 ], [ -110.588920689152729, 50.433247481222701 ], [ -110.589094867396796, 50.433684020644513 ], [ -110.589271342341263, 50.434126320926303 ], [ -110.589398868189662, 50.434593737501011 ], [ -110.58958727445814, 50.435613325427191 ], [ -110.589866619277842, 50.437500824775711 ], [ -110.589911866410105, 50.439707085448482 ], [ -110.589794584840604, 50.440675204190725 ], [ -110.589734034742946, 50.440924900195732 ], [ -110.589627942160547, 50.441362498963016 ], [ -110.589406612084929, 50.441843058844064 ], [ -110.589234914968529, 50.442063491537198 ], [ -110.588988107169087, 50.442554754255987 ], [ -110.588899868355284, 50.442687121647715 ], [ -110.588686866785764, 50.443006618082755 ], [ -110.588462208718795, 50.443238927494534 ], [ -110.588303071531868, 50.443471560058754 ], [ -110.587855277724657, 50.44398206211843 ], [ -110.587633225843035, 50.44418064314798 ], [ -110.587461715040916, 50.444384907447976 ], [ -110.587328263343409, 50.44459339714524 ], [ -110.586563918762678, 50.445590757260334 ], [ -110.585958524663297, 50.446205718360069 ], [ -110.585751562053844, 50.446367944093076 ], [ -110.585493897543898, 50.446539414938655 ], [ -110.585017788135374, 50.446771770988107 ], [ -110.584779220811129, 50.44692983572611 ], [ -110.584529517035961, 50.447133667621671 ], [ -110.584039885333937, 50.447429435986685 ], [ -110.583858135934747, 50.447602668561615 ], [ -110.583610909054755, 50.447949441544004 ], [ -110.583488954058922, 50.448166686442839 ], [ -110.583364694197641, 50.448388072714145 ], [ -110.583041991352317, 50.448692776464647 ], [ -110.582609347136952, 50.448995571884311 ], [ -110.581872526974124, 50.449631444947421 ], [ -110.581692912514399, 50.449982637923704 ], [ -110.581380080685392, 50.450323792748286 ], [ -110.581200944285513, 50.450461864101115 ], [ -110.581035183219512, 50.450542026489053 ], [ -110.580845364106068, 50.450682749826228 ], [ -110.580643718870348, 50.450934039967684 ], [ -110.580518022342574, 50.451014350283444 ], [ -110.579810911475036, 50.451643603897189 ], [ -110.579444215629024, 50.451900843771305 ], [ -110.579163835087428, 50.452196289592209 ], [ -110.578982924692625, 50.45228983833038 ], [ -110.578748473272967, 50.452458665411854 ], [ -110.578372557375204, 50.452783285703767 ], [ -110.578163970158144, 50.45290637034627 ], [ -110.577971602957632, 50.453078112966551 ], [ -110.577673970073121, 50.453395081353818 ], [ -110.577580112078138, 50.453433262324999 ], [ -110.577516757018259, 50.453459042933162 ], [ -110.577295970066743, 50.453630824222905 ], [ -110.577068790100171, 50.45380759907075 ], [ -110.576830240498424, 50.453954800246201 ], [ -110.576519783253374, 50.45411647204017 ], [ -110.576071970600196, 50.454439357557987 ], [ -110.575718750459728, 50.454807352106933 ], [ -110.574950879907277, 50.45539049027753 ], [ -110.574713189360395, 50.455570981456503 ], [ -110.57455393809947, 50.45569192966552 ], [ -110.574184291869329, 50.456016588552011 ], [ -110.573904047854612, 50.456119080419008 ], [ -110.572762618151756, 50.456644931316838 ], [ -110.57257669436629, 50.456808576858009 ], [ -110.572445674182745, 50.456983286889688 ], [ -110.572277474767262, 50.457079648666152 ], [ -110.571932101380867, 50.457322113877701 ], [ -110.571805629859426, 50.45746312746698 ], [ -110.571681810872775, 50.457565063517976 ], [ -110.571396474668802, 50.45773494782587 ], [ -110.571123003583978, 50.457975064622019 ], [ -110.57066521068279, 50.458243983144129 ], [ -110.570249585385028, 50.458529190955552 ], [ -110.569742700580122, 50.458836928527496 ], [ -110.56902106900111, 50.459368750583828 ], [ -110.567461229395363, 50.460503342916304 ], [ -110.565934043390271, 50.461494735746832 ], [ -110.56533313314165, 50.461884801955961 ], [ -110.565064327440993, 50.462097176889145 ], [ -110.564765094364404, 50.462284256108653 ], [ -110.564520869163147, 50.462396444075765 ], [ -110.56435429510482, 50.462410509947333 ], [ -110.564063308501972, 50.462515110702313 ], [ -110.56365385156289, 50.462692654646439 ], [ -110.563353684844031, 50.462793269888707 ], [ -110.562627382181518, 50.463036725026392 ], [ -110.562077461128112, 50.4631807860032 ], [ -110.561580075727193, 50.463240608505082 ], [ -110.561002677681458, 50.4632378710374 ], [ -110.560600111995171, 50.463211480160993 ], [ -110.560160585098529, 50.463149096783937 ], [ -110.559768774211051, 50.463055125296933 ], [ -110.559412532124057, 50.462947205857873 ], [ -110.559155159927542, 50.462790027389872 ], [ -110.559147863439478, 50.462785576040851 ], [ -110.558905523251028, 50.462594017612076 ], [ -110.558788163339855, 50.462406386705979 ], [ -110.55870975951062, 50.462177794950371 ], [ -110.558667200419393, 50.461723436915349 ], [ -110.5585719644329, 50.461349290446648 ], [ -110.55851859963515, 50.461032692283105 ], [ -110.558438000408941, 50.460877010222418 ], [ -110.558291711815727, 50.460715385939068 ], [ -110.558257345692581, 50.460545703396463 ], [ -110.558103618381054, 50.460344983078066 ], [ -110.557415908216555, 50.458766904969153 ], [ -110.557266240200988, 50.458486481567334 ], [ -110.557080868290029, 50.458286168120736 ], [ -110.556898554156419, 50.458048008810302 ], [ -110.556608532294433, 50.457586994467285 ], [ -110.556401057201569, 50.457432854778069 ], [ -110.55620291597684, 50.457377030131731 ], [ -110.556166947908409, 50.457601577562542 ], [ -110.556037650633044, 50.457589553280791 ], [ -110.555916563377721, 50.457422276868243 ], [ -110.555802254825721, 50.457118472732745 ], [ -110.555640006576311, 50.456839559702281 ], [ -110.555421621968293, 50.456522214182556 ], [ -110.55467919215728, 50.455619669156057 ], [ -110.554605606552727, 50.455562779856294 ], [ -110.554493342355784, 50.455476006239913 ], [ -110.55430064706583, 50.45539186632373 ], [ -110.55402373857801, 50.455359565070985 ], [ -110.553995125953918, 50.455356230315488 ], [ -110.553885231024495, 50.455281914675496 ], [ -110.553981160025657, 50.455236256670226 ], [ -110.554262731808862, 50.455247828344788 ], [ -110.554322506425535, 50.455245428496184 ], [ -110.554450647066403, 50.455240298530306 ], [ -110.554476428390018, 50.455180601433547 ], [ -110.554342552962751, 50.455079525483676 ], [ -110.55432345547915, 50.455069809705947 ], [ -110.553091800664973, 50.454443363058658 ], [ -110.552629591422217, 50.454246225681025 ], [ -110.552189401486814, 50.454086655142667 ], [ -110.551838428603816, 50.453936794235574 ], [ -110.551486352964304, 50.453899042081758 ], [ -110.551147594300943, 50.453728761096563 ], [ -110.550628623626537, 50.453697029405056 ], [ -110.550754472845341, 50.453811608851744 ], [ -110.550929691346496, 50.45387713000521 ], [ -110.550882517815324, 50.453927600951168 ], [ -110.550680659948227, 50.453893492929737 ], [ -110.550538951351669, 50.453814087329725 ], [ -110.55000447652921, 50.453756846718541 ], [ -110.54962407886191, 50.453688352970744 ], [ -110.548834579607032, 50.453635635579005 ], [ -110.548694187034059, 50.453586585331834 ], [ -110.548281221264716, 50.453531033635755 ], [ -110.547429020627177, 50.453376150128683 ], [ -110.547018531531251, 50.453366043013048 ], [ -110.546668029648316, 50.453379510471088 ], [ -110.546205800251528, 50.453261998285988 ], [ -110.545691454403993, 50.453240898283418 ], [ -110.54496816828437, 50.453160116812533 ], [ -110.544190680742815, 50.453178483688497 ], [ -110.543976766951829, 50.453089188666013 ], [ -110.543653780504968, 50.453094777788181 ], [ -110.543139627361015, 50.453173064794136 ], [ -110.543037092249548, 50.453155188476963 ], [ -110.542827307521179, 50.453118609229257 ], [ -110.54223922517798, 50.453107775280174 ], [ -110.541690222074607, 50.453132920605377 ], [ -110.541186914304774, 50.453129298419391 ], [ -110.540529065670597, 50.453042322765469 ], [ -110.539830237000643, 50.453001721320689 ], [ -110.539151678344879, 50.453008144923544 ], [ -110.538353598885166, 50.453046957393042 ], [ -110.53681952801135, 50.453080741842747 ], [ -110.536050594400535, 50.453258217408688 ], [ -110.53542120919532, 50.453432769313245 ], [ -110.535063350048603, 50.453639312672237 ], [ -110.534648480583428, 50.453775005484225 ], [ -110.533807418077103, 50.453943907243108 ], [ -110.533499715270381, 50.454052669715153 ], [ -110.533221883561481, 50.454250225280653 ], [ -110.532764941750813, 50.454393105875084 ], [ -110.532272362988621, 50.454470218517471 ], [ -110.531742720598515, 50.454468435006845 ], [ -110.531459346974032, 50.454467482247601 ], [ -110.531027632516626, 50.454505968600202 ], [ -110.530886575782091, 50.454524691949167 ], [ -110.53055202752644, 50.454649061512967 ], [ -110.52988430007386, 50.454741724310267 ], [ -110.529374793923566, 50.454744824213819 ], [ -110.528848201638127, 50.454816956748495 ], [ -110.528527810282071, 50.454777391556291 ], [ -110.527202931453942, 50.454805923216568 ], [ -110.526532204884504, 50.454866153544401 ], [ -110.526183353861413, 50.454941651837409 ], [ -110.525951263350905, 50.455107472215545 ], [ -110.525809701983945, 50.455176737558538 ], [ -110.525668360400914, 50.455223609440836 ], [ -110.52536400698915, 50.455207385359458 ], [ -110.525036338549313, 50.455211116635496 ], [ -110.524725940348631, 50.455147138551268 ], [ -110.524447902538569, 50.455188043237868 ], [ -110.524130929071333, 50.455194342704097 ], [ -110.523840328794819, 50.455313718581152 ], [ -110.523199365099273, 50.455302116202468 ], [ -110.522825353015719, 50.455394498635243 ], [ -110.522781462563742, 50.455405344296089 ], [ -110.522499140172243, 50.455444984551406 ], [ -110.522307258636303, 50.455394805965206 ], [ -110.522177593819762, 50.455360903887474 ], [ -110.521903524701784, 50.455315344274418 ], [ -110.521396753192036, 50.455337283104299 ], [ -110.520780335988945, 50.455298365015068 ], [ -110.520143655919668, 50.455281047798209 ], [ -110.520043985386025, 50.455278338305462 ], [ -110.519312832573505, 50.455294659937699 ], [ -110.517258758105925, 50.455397673004889 ], [ -110.517194983613493, 50.455400873425617 ], [ -110.516680875217318, 50.455540251039537 ], [ -110.516452360004905, 50.455579032961033 ], [ -110.515965329010982, 50.455661687621898 ], [ -110.51509756937088, 50.455874899401422 ], [ -110.514810182720382, 50.455947358852022 ], [ -110.514030056807584, 50.456101872918552 ], [ -110.513600907991616, 50.456259230101459 ], [ -110.513285354787527, 50.456319483969466 ], [ -110.512445976260153, 50.456548881534779 ], [ -110.511896422585068, 50.456634665519815 ], [ -110.511352604375531, 50.456774456360414 ], [ -110.510834779084831, 50.45693685251878 ], [ -110.510490393784139, 50.457025718763845 ], [ -110.510350759927249, 50.457175725399338 ], [ -110.510199470197094, 50.457209874740471 ], [ -110.509953658620361, 50.457189644276276 ], [ -110.508920286030659, 50.457521127583533 ], [ -110.508825937357855, 50.457547231172462 ], [ -110.50854244225674, 50.457625690662105 ], [ -110.508261629402099, 50.457703395276525 ], [ -110.508120151618215, 50.457761518674609 ], [ -110.508053938202011, 50.457852080218942 ], [ -110.507708378151634, 50.457974721201808 ], [ -110.507453927504557, 50.458026129012232 ], [ -110.507084980959846, 50.457991150617964 ], [ -110.505106277352141, 50.458238621965194 ], [ -110.504544008218105, 50.458246206108598 ], [ -110.503909094405387, 50.45831684924709 ], [ -110.503458934256187, 50.458389284168469 ], [ -110.502651795443199, 50.458490043955599 ], [ -110.50178656050312, 50.458475392227022 ], [ -110.501233587489068, 50.458539247177796 ], [ -110.500939027376972, 50.458541294059344 ], [ -110.500826299787278, 50.458542081874995 ], [ -110.500713512521756, 50.45855141843095 ], [ -110.500609215867073, 50.458560057490935 ], [ -110.500359158260139, 50.458628917669586 ], [ -110.500232088383115, 50.458619492739921 ], [ -110.500154811938486, 50.458577183290096 ], [ -110.500112785724127, 50.458577112723638 ], [ -110.500000089946184, 50.458576926934448 ], [ -110.499945471213337, 50.458576824055015 ], [ -110.499647167986936, 50.458651689987072 ], [ -110.499452356582353, 50.458639001730347 ], [ -110.498712495661565, 50.458647194564143 ], [ -110.498440606832631, 50.458694512508266 ], [ -110.498299413474697, 50.458724087517425 ], [ -110.497823697774706, 50.458929761042832 ], [ -110.497223666725418, 50.459088467786692 ], [ -110.497099254534817, 50.459121371746129 ], [ -110.496722377816681, 50.459179529147185 ], [ -110.496392450302565, 50.45917646140375 ], [ -110.495425680147164, 50.459311481173437 ], [ -110.494787301480486, 50.459435117504185 ], [ -110.494409658626196, 50.459470319963543 ], [ -110.493824009024181, 50.459450447017844 ], [ -110.492946007264564, 50.459508363156843 ], [ -110.492632002169117, 50.459559300728856 ], [ -110.492058508764927, 50.459508402674878 ], [ -110.490756160157417, 50.459470954727244 ], [ -110.490382813769287, 50.459511583442158 ], [ -110.490118762168734, 50.459516275476204 ], [ -110.48987147547399, 50.459396723208556 ], [ -110.488824397298714, 50.459334454110227 ], [ -110.48790508492641, 50.459333274037498 ], [ -110.487692105766229, 50.459235083072819 ], [ -110.485944046445255, 50.458979749642666 ], [ -110.485906756804994, 50.458977207763105 ], [ -110.485623358786754, 50.458957945384675 ], [ -110.485533545239733, 50.458951842673414 ], [ -110.485094896916038, 50.458884988748451 ], [ -110.483654958040077, 50.458604408168014 ], [ -110.482704488040483, 50.458390293893636 ], [ -110.481793708222114, 50.458156934763423 ], [ -110.481386013380671, 50.458162738187077 ], [ -110.481046705416119, 50.458092412273416 ], [ -110.479404615039641, 50.457613595900419 ], [ -110.477400732061994, 50.456643837203089 ], [ -110.476966034936567, 50.456330132893299 ], [ -110.476607717323148, 50.456025266036654 ], [ -110.475974416371272, 50.455568790898411 ], [ -110.475723180157601, 50.455387710200789 ], [ -110.475714903021398, 50.455381735335578 ], [ -110.475333160329711, 50.455064805469924 ], [ -110.475034836093883, 50.454690693641545 ], [ -110.474802338263046, 50.454341691367368 ], [ -110.474571188827213, 50.453942767081358 ], [ -110.474322576552183, 50.45336494674023 ], [ -110.47425588279016, 50.453209935313886 ], [ -110.474045445252187, 50.452560044407448 ], [ -110.473939717619757, 50.451852689230627 ], [ -110.473932574040759, 50.451456175289174 ], [ -110.473956332768978, 50.451013513698662 ], [ -110.474157283982038, 50.450094763210835 ], [ -110.474293745036192, 50.449695868322756 ], [ -110.474328023724169, 50.449626467961998 ], [ -110.474505716435559, 50.44926670771639 ], [ -110.474621849316449, 50.448793728889846 ], [ -110.474739881422465, 50.44815437100636 ], [ -110.474816105395092, 50.447741515091231 ], [ -110.47484698534862, 50.446873920520353 ], [ -110.474915259719893, 50.446447200193127 ], [ -110.474848497185548, 50.446026842075099 ], [ -110.474633913034253, 50.445254151924921 ], [ -110.47433503640994, 50.444842802464613 ], [ -110.474009997574711, 50.444395460022754 ], [ -110.473664413843593, 50.443625190139244 ], [ -110.473369769742519, 50.443127370828051 ], [ -110.473342461998072, 50.442990790660907 ], [ -110.47329609509265, 50.442880592355351 ], [ -110.473109022473082, 50.442578453548762 ], [ -110.472926743384022, 50.442196722556901 ], [ -110.472596100161681, 50.441076887690542 ], [ -110.472528927879736, 50.440920637366055 ], [ -110.472406480330051, 50.440635827572628 ], [ -110.472347518196031, 50.44017633462007 ], [ -110.472419193849731, 50.439699594785708 ], [ -110.472354708672569, 50.439288675925006 ], [ -110.472376041241716, 50.438949962077608 ], [ -110.472303226307375, 50.437955045938317 ], [ -110.472233745797098, 50.43761697184906 ], [ -110.472310032193761, 50.43739517233378 ], [ -110.472266944032569, 50.437229593519412 ], [ -110.472071373225745, 50.437047615407764 ], [ -110.47195973970581, 50.436589806514917 ], [ -110.471727802039453, 50.435204830971863 ], [ -110.471598046671801, 50.434687829354395 ], [ -110.471437872957296, 50.434235789130717 ], [ -110.471196200828928, 50.433835644876396 ], [ -110.471048997576361, 50.433687486153865 ], [ -110.470826279478629, 50.433463341139188 ], [ -110.470673538871921, 50.433335750362538 ], [ -110.470254294325343, 50.432978879431985 ], [ -110.469644859355668, 50.432476565475831 ], [ -110.469266937311843, 50.432087307387356 ] ] ] ] } },
{ "type": "Feature", "properties": { "OBJECTID": 21, "AWR_NAME": null, "SHAPE.STArea()": 5222.3411334849998, "SHAPE.STLength()": 494.86233094337882, "MB_NAME": "C.F.B. Suffield (DND Pumping Station)", "GlobalID": "{09D8E322-A5E5-4745-A15C-DD05D90862F7}", "layer": "DND Military Base 1:27,733,946 to 1:433,343", "path": "url='https://geospatial.alberta.ca/titan/rest/services/boundary/military_base_and_training_ground/MapServer/11'" }, "geometry": { "type": "MultiPolygon", "coordinates": [ [ [ [ -111.157389697111839, 50.214897059682734 ], [ -111.15700193085641, 50.214782292699411 ], [ -111.156541101179045, 50.214645913197373 ], [ -111.154932362131717, 50.214114098595438 ], [ -111.155930544630692, 50.21423619336624 ], [ -111.155948996841659, 50.214168844779479 ], [ -111.156719895420366, 50.21439709431511 ], [ -111.157180738983982, 50.214533487087046 ], [ -111.157568504720487, 50.214648240869955 ], [ -111.157532743009952, 50.214698001947191 ], [ -111.157920876064054, 50.214812872004103 ], [ -111.157777810911554, 50.215011923267284 ], [ -111.157389697111839, 50.214897059682734 ] ] ] ] } },
{ "type": "Feature", "properties": { "OBJECTID": 22, "AWR_NAME": null, "SHAPE.STArea()": 2254.173837115, "SHAPE.STLength()": 336.49981537530738, "MB_NAME": "C.F.B. Suffield (DND Pumping Station)", "GlobalID": "{186A2D4B-E055-4B1B-B8B6-2CCF059A39E7}", "layer": "DND Military Base 1:27,733,946 to 1:433,343", "path": "url='https://geospatial.alberta.ca/titan/rest/services/boundary/military_base_and_training_ground/MapServer/11'" }, "geometry": { "type": "MultiPolygon", "coordinates": [ [ [ [ -111.154316669211681, 50.213899319049823 ], [ -111.153516473322739, 50.213604927694504 ], [ -111.153489389946415, 50.213594966749575 ], [ -111.153488655084686, 50.213440362562409 ], [ -111.155546928097138, 50.214049806868786 ], [ -111.154316669211681, 50.213899319049823 ] ] ] ] } },
{ "type": "Feature", "properties": { "OBJECTID": 23, "AWR_NAME": null, "SHAPE.STArea()": 80954.81754864, "SHAPE.STLength()": 1156.3777189609191, "MB_NAME": "C.F.B. Suffield (Water Reservoir Site)", "GlobalID": "{D054F8BE-0660-4BCF-BE9F-F638B92E8AD1}", "layer": "DND Military Base 1:27,733,946 to 1:433,343", "path": "url='https://geospatial.alberta.ca/titan/rest/services/boundary/military_base_and_training_ground/MapServer/11'" }, "geometry": { "type": "MultiPolygon", "coordinates": [ [ [ [ -111.142088371601574, 50.111358808668342 ], [ -111.142088240165791, 50.111358806995653 ], [ -111.142086367729718, 50.108332118622705 ], [ -111.142086589815733, 50.108332124211628 ], [ -111.145213015685883, 50.108330997402561 ], [ -111.14529215015753, 50.108986655518855 ], [ -111.145334543486257, 50.108984545444862 ], [ -111.145381468676192, 50.109191393457067 ], [ -111.14564824641289, 50.111358382827824 ], [ -111.142088371601574, 50.111358808668342 ] ] ] ] } },
{ "type": "Feature", "properties": { "OBJECTID": 24, "AWR_NAME": null, "SHAPE.STArea()": 13456.975165915001, "SHAPE.STLength()": 464.69970567807917, "MB_NAME": "Patterson Armoury", "GlobalID": "{8EE8DA0B-4A8F-4351-9301-BFE68F6C79DE}", "layer": "DND Military Base 1:27,733,946 to 1:433,343", "path": "url='https://geospatial.alberta.ca/titan/rest/services/boundary/military_base_and_training_ground/MapServer/11'" }, "geometry": { "type": "MultiPolygon", "coordinates": [ [ [ [ -110.644618663450174, 50.020388731427119 ], [ -110.645474225133967, 50.020391409806138 ], [ -110.646322166606964, 50.020394055553531 ], [ -110.646322275505966, 50.020495764798902 ], [ -110.646323226217149, 50.021380248589971 ], [ -110.644610423019998, 50.021377605544778 ], [ -110.644618663450174, 50.020388731427119 ] ] ] ] } },
{ "type": "Feature", "properties": { "OBJECTID": 25, "AWR_NAME": null, "SHAPE.STArea()": 623514.57775403501, "SHAPE.STLength()": 3314.9163938652932, "MB_NAME": "Kipp Range", "GlobalID": "{83F8372D-435B-4E62-B101-3358AD4DC641}", "layer": "DND Military Base 1:27,733,946 to 1:433,343", "path": "url='https://geospatial.alberta.ca/titan/rest/services/boundary/military_base_and_training_ground/MapServer/11'" }, "geometry": { "type": "MultiPolygon", "coordinates": [ [ [ [ -113.004617534927775, 49.756527616123151 ], [ -113.004646749940974, 49.751024986132364 ], [ -113.004681321912514, 49.75102339680101 ], [ -113.005563323265136, 49.750947228682477 ], [ -113.005878562798287, 49.750868221646883 ], [ -113.006389311413116, 49.750634157659718 ], [ -113.006905209688156, 49.750423525068037 ], [ -113.007639410485751, 49.750197144161525 ], [ -113.008156759073231, 49.750099859843225 ], [ -113.008745508250485, 49.750014568940095 ], [ -113.008846114369618, 49.750000007853544 ], [ -113.008855915304721, 49.749998588039396 ], [ -113.008966372804053, 49.749983917227439 ], [ -113.009198412544976, 49.749953110707807 ], [ -113.009381851596046, 49.749947077585077 ], [ -113.009530721837919, 49.74991689715808 ], [ -113.009701845688269, 49.749925387634534 ], [ -113.009866309453713, 49.749968909657916 ], [ -113.009978606660795, 49.749998626145455 ], [ -113.009985645206399, 49.749999987136398 ], [ -113.010090561286333, 49.750020258267412 ], [ -113.010515149912621, 49.750102328115489 ], [ -113.010903646703156, 49.750138457078918 ], [ -113.012856700115776, 49.750085268292651 ], [ -113.013609657298616, 49.750009757611323 ], [ -113.013708346636946, 49.749999855067834 ], [ -113.013720275634739, 49.749998661216075 ], [ -113.013830870351441, 49.749987325826055 ], [ -113.014109360181777, 49.749958718870886 ], [ -113.014641586700066, 49.749890215130051 ], [ -113.015813536378161, 49.749860633640516 ], [ -113.017316778043423, 49.749897231704814 ], [ -113.018464385053861, 49.749969611755134 ], [ -113.018548262819678, 49.749982128063429 ], [ -113.018665824035125, 49.749999901786659 ], [ -113.018771954291537, 49.750019740355384 ], [ -113.019244450706836, 49.750108075261444 ], [ -113.019492279009825, 49.750172242570351 ], [ -113.015803974710835, 49.753586951795867 ], [ -113.015803881115332, 49.753587032982431 ], [ -113.015796309744772, 49.75654882483397 ], [ -113.004617534927775, 49.756527616123151 ] ] ] ] } },
{ "type": "Feature", "properties": { "OBJECTID": 26, "AWR_NAME": null, "SHAPE.STArea()": 13047.832720005001, "SHAPE.STLength()": 482.87028331034372, "MB_NAME": "Lethbridge Armoury", "GlobalID": "{0ADBB38A-92B2-449A-B26B-7372B1032657}", "layer": "DND Military Base 1:27,733,946 to 1:433,343", "path": "url='https://geospatial.alberta.ca/titan/rest/services/boundary/military_base_and_training_ground/MapServer/11'" }, "geometry": { "type": "MultiPolygon", "coordinates": [ [ [ [ -112.787367293161751, 49.634211053550018 ], [ -112.786222121584899, 49.634764478194533 ], [ -112.785990809050404, 49.634570226161344 ], [ -112.785883721042538, 49.634484316397874 ], [ -112.785670099485884, 49.634307078807517 ], [ -112.785596067485216, 49.63424565664625 ], [ -112.785410388159548, 49.634091600904014 ], [ -112.785244619612612, 49.633954518840945 ], [ -112.78524010921447, 49.633909172354763 ], [ -112.785156076189253, 49.633838551104574 ], [ -112.785128601908539, 49.633835584639655 ], [ -112.785083194320691, 49.633820552434727 ], [ -112.785047916121798, 49.633791270225629 ], [ -112.784902846138124, 49.633670852784128 ], [ -112.784897133658248, 49.63365744247541 ], [ -112.784901905100014, 49.633631251364676 ], [ -112.784941288230257, 49.633593082371583 ], [ -112.785285392357196, 49.633595138334982 ], [ -112.785988584486262, 49.633599425879893 ], [ -112.786149109689958, 49.63360365524192 ], [ -112.786418818159262, 49.633605298750837 ], [ -112.786419211739258, 49.633578008710707 ], [ -112.786662715289168, 49.633579491450256 ], [ -112.787367293161751, 49.634211053550018 ] ] ] ] } },
{ "type": "Feature", "properties": { "OBJECTID": 27, "AWR_NAME": null, "SHAPE.STArea()": 456523350.27425897, "SHAPE.STLength()": 108803.49670304653, "MB_NAME": "C.F.B. Wainwright", "GlobalID": "{E84FE18C-841F-4F29-B8F2-F446D0F12269}", "layer": "DND Military Base 1:27,733,946 to 1:433,343", "path": "url='https://geospatial.alberta.ca/titan/rest/services/boundary/military_base_and_training_ground/MapServer/11'" }, "geometry": { "type": "MultiPolygon", "coordinates": [ [ [ [ -111.019927608425874, 52.850706755769195 ], [ -111.019927815219745, 52.843479349813506 ], [ -111.019927821272688, 52.843298594981903 ], [ -111.019629293301989, 52.843298808065398 ], [ -111.007679553889091, 52.843306704221789 ], [ -110.995731142228507, 52.843310933614241 ], [ -110.995432613639252, 52.843311043186723 ], [ -110.983482713443806, 52.84331478707967 ], [ -110.971537124987435, 52.843319617774881 ], [ -110.971238597168437, 52.843319727508643 ], [ -110.959296769953482, 52.84332370788735 ], [ -110.947353957779157, 52.843326950504839 ], [ -110.947055428554975, 52.843326982075411 ], [ -110.935122852010991, 52.843327479015699 ], [ -110.923175579519949, 52.843329102414572 ], [ -110.922877052257192, 52.843329011767082 ], [ -110.922436588703974, 52.843328885715486 ], [ -110.922433239795325, 52.843325973482926 ], [ -110.922377646552803, 52.843269617975622 ], [ -110.921901290590895, 52.842856940897967 ], [ -110.921674995251436, 52.842573204809668 ], [ -110.921368600811519, 52.842335913799189 ], [ -110.921236033171439, 52.842279436904946 ], [ -110.921018705273497, 52.842131488415653 ], [ -110.920972561939593, 52.842014836190764 ], [ -110.920947445374139, 52.841336559018664 ], [ -110.921036954778558, 52.841253113302322 ], [ -110.921217897165405, 52.841223803921743 ], [ -110.921438684094497, 52.841220088242125 ], [ -110.921813030680624, 52.841265914150398 ], [ -110.922036592157383, 52.841263707528881 ], [ -110.922155489194665, 52.841194778445633 ], [ -110.922076360107027, 52.841107958945464 ], [ -110.921262159616688, 52.840783591027169 ], [ -110.920723231844178, 52.840547106458757 ], [ -110.920485882551205, 52.840407106359145 ], [ -110.920338670618762, 52.840359035577791 ], [ -110.919912219056414, 52.840065641622559 ], [ -110.91977598048598, 52.840007609284044 ], [ -110.919294245135617, 52.8397433831557 ], [ -110.91898965716473, 52.839506105394243 ], [ -110.918846166712456, 52.839310654346356 ], [ -110.918620947821196, 52.839164454286482 ], [ -110.918533044556739, 52.839124840938112 ], [ -110.918043412489496, 52.839027569945202 ], [ -110.91773770261338, 52.83893650484427 ], [ -110.917526993088927, 52.838944898298898 ], [ -110.917341477228703, 52.838972150014719 ], [ -110.916935845638648, 52.839014402117925 ], [ -110.916494342675136, 52.839007808044059 ], [ -110.91632932452336, 52.838975240317694 ], [ -110.91593089112304, 52.838792840419025 ], [ -110.91550401954207, 52.838356407590538 ], [ -110.915459781661013, 52.83824136920552 ], [ -110.915457522938127, 52.838112987758862 ], [ -110.915531393773009, 52.838021246040526 ], [ -110.915708516150801, 52.837987730510086 ], [ -110.915892761533442, 52.838013949334972 ], [ -110.916027419855837, 52.838075775540034 ], [ -110.916188283135355, 52.838113820763532 ], [ -110.916374993016618, 52.838136737239473 ], [ -110.916589186605819, 52.838142362882614 ], [ -110.916794806427376, 52.838123343828777 ], [ -110.91688054081898, 52.838036194777622 ], [ -110.916914663671903, 52.83792047898438 ], [ -110.917078571392835, 52.837468555881131 ], [ -110.917424912960655, 52.836982368790743 ], [ -110.917455531565508, 52.836867291712906 ], [ -110.917456524467767, 52.836733988092263 ], [ -110.917411653992659, 52.836623271831407 ], [ -110.917201809105919, 52.836465426560011 ], [ -110.916749756358271, 52.836175226791539 ], [ -110.916445156547596, 52.835998252220641 ], [ -110.916149898420713, 52.835826710391807 ], [ -110.916006543408898, 52.835768310298363 ], [ -110.915325912309754, 52.835635238799462 ], [ -110.914681983034328, 52.835474928875975 ], [ -110.914247821816801, 52.83530574147003 ], [ -110.914136886120573, 52.835237999235964 ], [ -110.91392691851901, 52.834942534378122 ], [ -110.913868839897418, 52.83468369509405 ], [ -110.913729839700494, 52.834337585887731 ], [ -110.913645819964898, 52.8342428178589 ], [ -110.913449343123062, 52.834084649691533 ], [ -110.913228078109512, 52.833944294934284 ], [ -110.912914477520744, 52.833703952652613 ], [ -110.912261246806992, 52.833400835460701 ], [ -110.912081587400507, 52.833225577127266 ], [ -110.911957717552454, 52.833165132413953 ], [ -110.911677522978096, 52.833067602519151 ], [ -110.911444285208177, 52.832935595828474 ], [ -110.911302130240301, 52.832882027868315 ], [ -110.910900685491754, 52.832787653858063 ], [ -110.910825034064345, 52.832769873225509 ], [ -110.910603891571299, 52.832766576131583 ], [ -110.910149808806338, 52.832787756373669 ], [ -110.909955544129957, 52.832772001549849 ], [ -110.909609280655289, 52.832702336631698 ], [ -110.909189918684163, 52.832541452149634 ], [ -110.908473828263112, 52.832123651674671 ], [ -110.908236454523973, 52.831846038548058 ], [ -110.908116312251607, 52.831637108752979 ], [ -110.908012105364207, 52.831562199674885 ], [ -110.907527680369711, 52.831445876115723 ], [ -110.906985556829014, 52.831212630660367 ], [ -110.906873040613107, 52.831133049917703 ], [ -110.906718743488042, 52.8309491401317 ], [ -110.906178324256615, 52.83071423622723 ], [ -110.905990505160489, 52.83061146162202 ], [ -110.905816756317421, 52.830581210201068 ], [ -110.905627504423279, 52.830605274891902 ], [ -110.90530495708316, 52.830695358407439 ], [ -110.904303317954671, 52.83110016387284 ], [ -110.904133461139878, 52.831135667082734 ], [ -110.90392135760672, 52.831149976700566 ], [ -110.903453699462801, 52.831287963183435 ], [ -110.90318895138401, 52.831406485749532 ], [ -110.902702184724745, 52.831673866034265 ], [ -110.902367127099112, 52.831899659104181 ], [ -110.902110785019588, 52.832024981997208 ], [ -110.901909236865407, 52.832173419925127 ], [ -110.901307295607069, 52.832511800337457 ], [ -110.901049999765718, 52.832636071058218 ], [ -110.900858212451197, 52.832647232429061 ], [ -110.900778985568081, 52.83255828400312 ], [ -110.900751327967271, 52.832435864569561 ], [ -110.900770024656083, 52.832315671236415 ], [ -110.900829985714083, 52.832213464267546 ], [ -110.90082176547979, 52.8320884647257 ], [ -110.900704024711814, 52.83209099965417 ], [ -110.900619740481574, 52.832092806334835 ], [ -110.900481463105862, 52.832182393012907 ], [ -110.900397457502663, 52.832236818518801 ], [ -110.900121501999251, 52.832347469861908 ], [ -110.900001592513178, 52.832414302582791 ], [ -110.89991008947564, 52.832494514815792 ], [ -110.899669405813611, 52.832629211892211 ], [ -110.89955390326152, 52.83283083753345 ], [ -110.899461670876391, 52.832914289234374 ], [ -110.899351103611281, 52.833124966176676 ], [ -110.899218058550488, 52.83345214088483 ], [ -110.898947839929846, 52.833856767459345 ], [ -110.898940123388826, 52.833874027032508 ], [ -110.8989362096018, 52.833180578702454 ], [ -110.898933978303006, 52.833180603186548 ], [ -110.898637244340549, 52.833183869190236 ], [ -110.886725694289183, 52.833227197558088 ], [ -110.878778917946079, 52.833252431446745 ], [ -110.878780511787866, 52.832439727240306 ], [ -110.878780498960538, 52.83243851455024 ], [ -110.878780442244008, 52.832433172224661 ], [ -110.878418776199354, 52.83243439150084 ], [ -110.878418944247187, 52.832352185233432 ], [ -110.876083352704896, 52.832359946878682 ], [ -110.875653803657727, 52.832348127448753 ], [ -110.8752284485697, 52.832309946818491 ], [ -110.874811698987642, 52.832245804852022 ], [ -110.87480933071744, 52.832245440727071 ], [ -110.874806728983359, 52.828826875976411 ], [ -110.874805183661735, 52.825209016689143 ], [ -110.874803627424967, 52.82159114897528 ], [ -110.874804194296473, 52.817970868252857 ], [ -110.874804752795512, 52.814350584708244 ], [ -110.874804790658345, 52.814169829476626 ], [ -110.874803312378361, 52.810550422020889 ], [ -110.874801786486969, 52.8069310029204 ], [ -110.874800595272816, 52.803311604962239 ], [ -110.87479936346196, 52.799692196715291 ], [ -110.874796734357275, 52.792448879733122 ], [ -110.874787343712228, 52.785216714216737 ], [ -110.874787110757396, 52.7850359594389 ], [ -110.874777163807309, 52.777802594201432 ], [ -110.874766550084715, 52.770569533853127 ], [ -110.874775696921844, 52.763336747856947 ], [ -110.874779374124216, 52.756101917229259 ], [ -110.874779465556372, 52.755921162334921 ], [ -110.874763232296672, 52.748678596606979 ], [ -110.874761624747649, 52.741439042124618 ], [ -110.874757255922034, 52.734200602973488 ], [ -110.874757519355839, 52.726965087404565 ], [ -110.874757527043542, 52.72678432549413 ], [ -110.874759655519668, 52.719542190039746 ], [ -110.874739415581544, 52.712296313452889 ], [ -110.874732092170589, 52.705059236136222 ], [ -110.874723762391341, 52.69782017186423 ], [ -110.874723550242152, 52.697639409955968 ], [ -110.87442601465871, 52.697640009636878 ], [ -110.862482903703039, 52.697663307375301 ], [ -110.850539819926468, 52.697685397663612 ], [ -110.850242283883787, 52.697685533224664 ], [ -110.838289051047653, 52.697690229842543 ], [ -110.826335909185332, 52.697693707544119 ], [ -110.826338083031374, 52.692225509109612 ], [ -110.826219693808966, 52.691534715094562 ], [ -110.826217042841307, 52.691517035882761 ], [ -110.826215693567164, 52.691508197237745 ], [ -110.826214327883619, 52.691499359813939 ], [ -110.826212945790672, 52.691490523611343 ], [ -110.826211548850281, 52.691481687785043 ], [ -110.826210135500503, 52.691472853179967 ], [ -110.826208705741351, 52.691464019796094 ], [ -110.826207259572854, 52.691455187633437 ], [ -110.826205798556927, 52.691446355847098 ], [ -110.826204319655446, 52.691437525229865 ], [ -110.826202825906535, 52.691428694988957 ], [ -110.826201317224545, 52.691419866021327 ], [ -110.826199790571366, 52.691411039119807 ], [ -110.826198249156462, 52.691402211697607 ], [ -110.826196691246579, 52.691393386393571 ], [ -110.826195116927451, 52.69138456231078 ], [ -110.826193527760921, 52.691375738604243 ], [ -110.826191922185188, 52.691366916118945 ], [ -110.826190300200167, 52.691358094854841 ], [ -110.826188661891621, 52.691349273914966 ], [ -110.826187008564375, 52.691340455145316 ], [ -110.826185338827912, 52.691331637596896 ], [ -110.826183652767938, 52.691322820372683 ], [ -110.826181950298746, 52.691314004369694 ], [ -110.826180232896604, 52.691305189639962 ], [ -110.826178499085273, 52.691296376131419 ], [ -110.826176748864782, 52.691287563844085 ], [ -110.82617498371134, 52.691278752830002 ], [ -110.826173202148766, 52.691269943037113 ], [ -110.826171404177018, 52.691261134465449 ], [ -110.826169589881843, 52.691252326217999 ], [ -110.826167760568097, 52.691243520140766 ], [ -110.826165914845234, 52.691234715284736 ], [ -110.826164054189476, 52.691225911701977 ], [ -110.826162175734098, 52.691217108391385 ], [ -110.826160282260162, 52.69120830725101 ], [ -110.826158372377179, 52.691199507331817 ], [ -110.826156447561331, 52.691190708685888 ], [ -110.826154506336437, 52.69118191126114 ], [ -110.826152548702481, 52.691173115057609 ], [ -110.826150574659508, 52.691164320075252 ], [ -110.826148585683725, 52.691155526366153 ], [ -110.826146580298925, 52.691146733878242 ], [ -110.826144559895639, 52.691137943560548 ], [ -110.82614252169283, 52.691129153515028 ], [ -110.826140468471579, 52.691120365639705 ], [ -110.826138400317561, 52.691111579037646 ], [ -110.826136315754567, 52.691102793656761 ], [ -110.826134214782627, 52.691094009497064 ], [ -110.826132097316048, 52.691085227455531 ], [ -110.826129965002423, 52.691076445790273 ], [ -110.826127816194187, 52.691067666243171 ], [ -110.826125650977019, 52.691058887917237 ], [ -110.82612347082717, 52.691050110864559 ], [ -110.826121274182725, 52.691041335930031 ], [ -110.826119061129404, 52.69103256221667 ], [ -110.826116833143402, 52.691023789776573 ], [ -110.826114588748538, 52.691015018557643 ], [ -110.826112329335317, 52.691006249508909 ], [ -110.826110053513247, 52.690997481681393 ], [ -110.826107761282344, 52.690988715075022 ], [ -110.826105454033126, 52.690979950638862 ], [ -110.826103130375074, 52.690971187423884 ], [ -110.826100790308232, 52.690962425430079 ], [ -110.826098435223088, 52.690953665606457 ], [ -110.826096063729139, 52.690944907004038 ], [ -110.826093675740736, 52.690936150519761 ], [ -110.826091272819752, 52.690927395308684 ], [ -110.82608885349002, 52.690918641318824 ], [ -110.82608641914203, 52.690909889499125 ], [ -110.826083968385305, 52.690901138900607 ], [ -110.826081501134126, 52.690892390420238 ], [ -110.826079018950466, 52.690883643213077 ], [ -110.826076520358058, 52.690874897227111 ], [ -110.826074006747476, 52.690866153411314 ], [ -110.826071476642483, 52.690857411713665 ], [ -110.826068930128798, 52.690848671237163 ], [ -110.826066368596969, 52.690839932930864 ], [ -110.826063790656463, 52.690831195845739 ], [ -110.826061197783474, 52.690822460033829 ], [ -110.826058588330483, 52.690813727237 ], [ -110.826055962468843, 52.690804995661352 ], [ -110.826053321674763, 52.690796265358919 ], [ -110.826050664386372, 52.690787537174614 ], [ -110.826047992079893, 52.690778811160484 ], [ -110.826045303364793, 52.690770086367515 ], [ -110.826042599631606, 52.690761363744741 ], [ -110.826041463414256, 52.690757721927881 ], [ -110.826041429403304, 52.690757674829044 ], [ -110.826010024239267, 52.690660184102889 ], [ -110.825976630904037, 52.690562931936512 ], [ -110.825941249792123, 52.69046594534155 ], [ -110.825581878151283, 52.68968999594064 ], [ -110.825096635907684, 52.68893976235794 ], [ -110.824490397922048, 52.688222767855422 ], [ -110.822658152877793, 52.686300126586374 ], [ -110.822163229265271, 52.685725557170301 ], [ -110.821750282856314, 52.685127557138337 ], [ -110.821422271024872, 52.68451042035808 ], [ -110.821181569851873, 52.683878613529394 ], [ -110.821029901366742, 52.68323667098938 ], [ -110.820994941317565, 52.682981554331434 ], [ -110.820974065917241, 52.682725870377396 ], [ -110.82096728636067, 52.682469902129917 ], [ -110.820968619923264, 52.68112528822823 ], [ -110.820968705307962, 52.681035436454884 ], [ -110.820970006375717, 52.679728228352531 ], [ -110.820972585921325, 52.677131231114245 ], [ -110.820972741619158, 52.676973683786358 ], [ -110.820973661746194, 52.6760190763029 ], [ -110.820977002637804, 52.672636264979879 ], [ -110.820977582517784, 52.672047498587702 ], [ -110.820981671083828, 52.667895764889067 ], [ -110.820981872067961, 52.667698564637668 ], [ -110.820989705985411, 52.659554304558135 ], [ -110.820996631431669, 52.652324722817511 ], [ -110.821003577769886, 52.64509512777029 ], [ -110.821010511581164, 52.637865512835589 ], [ -110.82101067386985, 52.637684751926173 ], [ -110.821017599524239, 52.630455130654155 ], [ -110.821024391342291, 52.623357839727163 ], [ -110.821024500616147, 52.623248291248061 ], [ -110.821024513914381, 52.623229800496716 ], [ -110.832642741380639, 52.62319946055031 ], [ -110.844482981870883, 52.62316730000417 ], [ -110.844780007444299, 52.623166480755174 ], [ -110.856617253036347, 52.623157668225126 ], [ -110.868450342521385, 52.623150242155468 ], [ -110.868747374752942, 52.623150042310442 ], [ -110.880585200887182, 52.623167757936557 ], [ -110.8924235164979, 52.623184306710307 ], [ -110.892720541391398, 52.623184713154124 ], [ -110.904571231711358, 52.623227757405651 ], [ -110.916422308841831, 52.623268848173346 ], [ -110.91671933312567, 52.62326986107329 ], [ -110.928596998817213, 52.623310932442557 ], [ -110.940478824772086, 52.623350719770556 ], [ -110.940775855816199, 52.623351700289184 ], [ -110.940782588697303, 52.630582206634379 ], [ -110.940786135137316, 52.637810280874852 ], [ -110.952639176200023, 52.637849088526295 ], [ -110.964478785064173, 52.637885444856494 ], [ -110.964775913544017, 52.637886340815157 ], [ -110.976644483114995, 52.637927665483396 ], [ -110.98850327815336, 52.637968066427511 ], [ -110.988800400276929, 52.637969066382738 ], [ -111.000666112046602, 52.638030997024131 ], [ -111.012533586820965, 52.638093911050611 ], [ -111.012830714970477, 52.638095472482583 ], [ -111.012830851133174, 52.638276234279722 ], [ -111.012836229857399, 52.645513792986478 ], [ -111.01284291203811, 52.652748397802071 ], [ -111.012849743499942, 52.659984325008963 ], [ -111.012857238897254, 52.667892954920241 ], [ -111.019718713479165, 52.667881139468555 ], [ -111.024695656809556, 52.667872324442015 ], [ -111.031692260541504, 52.66785956690736 ], [ -111.036534042150649, 52.667850500121311 ], [ -111.03683137141681, 52.667849938722107 ], [ -111.043950574065775, 52.667836238520131 ], [ -111.048669757426552, 52.667826920712237 ], [ -111.055914669118067, 52.667812169245984 ], [ -111.060510672219124, 52.667802586323532 ], [ -111.060807999970038, 52.667801960026154 ], [ -111.068158899121585, 52.667785912506652 ], [ -111.06815895198234, 52.66798024114464 ], [ -111.068161009264202, 52.675956476578477 ], [ -111.068164684068407, 52.683191459139891 ], [ -111.068165890512489, 52.690427048802754 ], [ -111.068166501321826, 52.697660857321104 ], [ -111.080128099170423, 52.697658324246454 ], [ -111.092086171097407, 52.697653777877377 ], [ -111.092383700603094, 52.697653649209244 ], [ -111.104314787234955, 52.697644045248992 ], [ -111.116241197112217, 52.697632995909053 ], [ -111.116538731071017, 52.69763270577819 ], [ -111.128507411550729, 52.697623540119523 ], [ -111.140464260091022, 52.697612897988414 ], [ -111.140761795425973, 52.697612613505896 ], [ -111.152755347155519, 52.697604448450363 ], [ -111.164723150098695, 52.697600263948814 ], [ -111.16502068592402, 52.697600147875704 ], [ -111.176976143144032, 52.697590353867305 ], [ -111.188919870793512, 52.697590270491148 ], [ -111.189217399634146, 52.697590256992896 ], [ -111.189217535091345, 52.69777101276005 ], [ -111.189222793682816, 52.704998599104641 ], [ -111.189232006686822, 52.712227734033412 ], [ -111.18924005326636, 52.719456120911858 ], [ -111.189249376279193, 52.726686230229475 ], [ -111.18924956903993, 52.726866991837014 ], [ -111.189257188752393, 52.73409713299921 ], [ -111.189265634476058, 52.741326042209231 ], [ -111.189254629109826, 52.748551610214641 ], [ -111.189251470773698, 52.755938129563951 ], [ -111.189251245252734, 52.756118890623938 ], [ -111.189242041079993, 52.763400944887344 ], [ -111.189241385675686, 52.770632747619771 ], [ -111.189245846821834, 52.777864699152801 ], [ -111.189246983645617, 52.785095779294387 ], [ -111.189246990772986, 52.785276540139122 ], [ -111.189247142296566, 52.792507227150779 ], [ -111.189249866744461, 52.799737404317483 ], [ -111.189249843232986, 52.806967819301235 ], [ -111.189251459449679, 52.814202131677078 ], [ -111.189251368846783, 52.81438288707993 ], [ -111.18924777186345, 52.821614786082534 ], [ -111.189245677254021, 52.828844427472916 ], [ -111.189241264361996, 52.836079461769629 ], [ -111.189242641704524, 52.843315043387335 ], [ -111.188944112627752, 52.843314991386208 ], [ -111.177001648228, 52.843312429155375 ], [ -111.165058729492173, 52.843297628863866 ], [ -111.165057688008716, 52.836058796503217 ], [ -111.164759210466713, 52.836059351420886 ], [ -111.152813872651734, 52.836080806778135 ], [ -111.14086747054678, 52.83610106859603 ], [ -111.140874314198356, 52.843309236246633 ], [ -111.140575784447151, 52.843309319709732 ], [ -111.128635493445572, 52.843311969279029 ], [ -111.116692253546873, 52.843313411069943 ], [ -111.116691614616968, 52.843494166462925 ], [ -111.116665848174307, 52.850764803875848 ], [ -111.116367266956019, 52.850765145651856 ], [ -111.104419460561544, 52.850778130249211 ], [ -111.104432510546133, 52.847967048875908 ], [ -111.104429713902007, 52.847966543033266 ], [ -111.10375993875067, 52.847845576060799 ], [ -111.103550003525157, 52.84778321452157 ], [ -111.103169048540195, 52.847631937642731 ], [ -111.103012229569671, 52.847543505414912 ], [ -111.102639242490326, 52.847201808325522 ], [ -111.102494035475488, 52.846917550506767 ], [ -111.102476300538484, 52.846742860362689 ], [ -111.102488867900405, 52.846381434974376 ], [ -111.102576693632997, 52.846059653661065 ], [ -111.102596475089371, 52.84571277006691 ], [ -111.102514945226204, 52.845570137969361 ], [ -111.102239429242687, 52.845360763483804 ], [ -111.102049216583666, 52.845305524915375 ], [ -111.101951990812097, 52.845296764116313 ], [ -111.101759429615413, 52.845279428620117 ], [ -111.101444958585077, 52.845280551470104 ], [ -111.101166377903795, 52.845299345208275 ], [ -111.100603737628319, 52.845524105934182 ], [ -111.100006990097441, 52.845533784031097 ], [ -111.099748912183216, 52.845563293516641 ], [ -111.099531247451921, 52.845611526065497 ], [ -111.099030770081058, 52.845538880532786 ], [ -111.098234659724781, 52.845471042071146 ], [ -111.097372961257776, 52.845437423550607 ], [ -111.096798574552722, 52.845459404062119 ], [ -111.096156076847578, 52.845625643155728 ], [ -111.095793147972046, 52.84577417833556 ], [ -111.095642606197615, 52.845863701108748 ], [ -111.095515373243927, 52.845977946492525 ], [ -111.09533976086017, 52.846247701481481 ], [ -111.095325399559073, 52.846421972209733 ], [ -111.095455528397451, 52.846903165712384 ], [ -111.095489980105611, 52.847250397898534 ], [ -111.095387494941804, 52.847282830166201 ], [ -111.095095617580654, 52.847079514091362 ], [ -111.094995980022745, 52.846953495029503 ], [ -111.094675836812826, 52.846586417620202 ], [ -111.094342986280509, 52.846424901472155 ], [ -111.094141870043501, 52.846170727859878 ], [ -111.094086192508172, 52.846016366223182 ], [ -111.094041694648368, 52.845665527718751 ], [ -111.094174721053307, 52.845194727688835 ], [ -111.094206025196925, 52.844847134400837 ], [ -111.094165301689117, 52.844682908575408 ], [ -111.09375139904796, 52.843994521827717 ], [ -111.093621792835293, 52.843884902570053 ], [ -111.093312540637754, 52.84369844449818 ], [ -111.092751526880008, 52.843499231820623 ], [ -111.092720327634538, 52.843488154421934 ], [ -111.092205992295362, 52.843308406120777 ], [ -111.091934475369001, 52.843213528462009 ], [ -111.091473785250244, 52.843116122686823 ], [ -111.091206868325685, 52.843088960781081 ], [ -111.090619662329956, 52.84307929072375 ], [ -111.090352055711151, 52.84310556772131 ], [ -111.090115060815265, 52.843148877242747 ], [ -111.089691661357278, 52.843266896996511 ], [ -111.089479514066284, 52.843316690587521 ], [ -111.082682187707888, 52.843317514174721 ], [ -111.080260542248354, 52.843317713405433 ], [ -111.069171902672423, 52.843316638964133 ], [ -111.068313990134172, 52.843316512446762 ], [ -111.068015466168632, 52.843316439187795 ], [ -111.068018036535392, 52.843497199213928 ], [ -111.068070571176278, 52.847156243559269 ], [ -111.068123086327972, 52.850815275103422 ], [ -111.068125183087403, 52.85443218368335 ], [ -111.068127227773189, 52.858049086652898 ], [ -111.06213296431774, 52.858020515418033 ], [ -111.056138740823997, 52.857991641773104 ], [ -111.050146787586215, 52.857962857686573 ], [ -111.044154866499653, 52.85793377655915 ], [ -111.043856233874862, 52.857933782348297 ], [ -111.031895133867692, 52.857933517031867 ], [ -111.01993314928373, 52.857931212972012 ], [ -111.019927608425874, 52.850706755769195 ] ], [ [ -111.050120601941273, 52.850738929331968 ], [ -111.056108824773858, 52.850764622669445 ], [ -111.05609379394933, 52.847129243029521 ], [ -111.056078749402474, 52.84349385001191 ], [ -111.050104731331615, 52.84349266585469 ], [ -111.044130739588354, 52.843491165643421 ], [ -111.044131583320095, 52.847102055127955 ], [ -111.044132402555178, 52.850712927332395 ], [ -111.050120601941273, 52.850738929331968 ] ] ] ] } }
]
}
