{
"type": "FeatureCollection",
"name": "Metis Settlement",
"crs": { "type": "name", "properties": { "name": "urn:ogc:def:crs:OGC:1.3:CRS84" } },
"features": [
{ "type": "Feature", "properties": { "OBJECTID": 1, "Shape__Area": 1725424470.8681824, "Shape__Length": 213862.97785013472, "METIS_NAME": "Paddle Prairie", "METIS_CODE": "0412", "GlobalID": "{864222C1-B417-442C-86EB-E8B382A19FB2}" }, "geometry": { "type": "MultiPolygon", "coordinates": [ [ [ [ -118.000420928634739, 58.078526832323931 ], [ -117.999998889980546, 58.078535819729581 ], [ -117.992565711575068, 58.078694133316326 ], [ -117.978936837762561, 58.078983245237417 ], [ -117.978425451090104, 58.078983581039189 ], [ -117.964956537810878, 58.078991602635973 ], [ -117.951316665740862, 58.078997578880156 ], [ -117.950805278021107, 58.078997798294424 ], [ -117.937334288326355, 58.079002890812909 ], [ -117.923694912268957, 58.07900697066075 ], [ -117.923183525162841, 58.079007112308048 ], [ -117.90971440584191, 58.079010153356897 ], [ -117.896074885594572, 58.079011815183463 ], [ -117.895733957683944, 58.079011834134732 ], [ -117.882093707516191, 58.079011978825442 ], [ -117.86845401315837, 58.079010665904647 ], [ -117.867942626804577, 58.079010620619478 ], [ -117.854472964157566, 58.079008701690675 ], [ -117.840834250300503, 58.079005317028695 ], [ -117.840322857419835, 58.079005162691935 ], [ -117.826857769078472, 58.079000333831033 ], [ -117.813218661726623, 58.078994001061879 ], [ -117.812707280267873, 58.078994329764292 ], [ -117.799239412152701, 58.079002268836547 ], [ -117.785603484626918, 58.079008833561367 ], [ -117.785092098466549, 58.079009039701617 ], [ -117.771624371576735, 58.079013714068374 ], [ -117.757986199377072, 58.079017001529408 ], [ -117.757474811965011, 58.079017104806226 ], [ -117.744006930102444, 58.079019177057639 ], [ -117.730368467233802, 58.079019814300892 ], [ -117.730027531939868, 58.079019814605381 ], [ -117.716386487309649, 58.079018949473166 ], [ -117.702748688117893, 58.079016109250034 ], [ -117.702237302327902, 58.07901603172737 ], [ -117.688769070512393, 58.079013121210906 ], [ -117.675132936587417, 58.079008359156575 ], [ -117.674621549819619, 58.079008152713577 ], [ -117.66115462748779, 58.079001976146358 ], [ -117.647519672981474, 58.078993070213365 ], [ -117.647008286582235, 58.078993276844656 ], [ -117.633546803283522, 58.078998061094225 ], [ -117.61990831956723, 58.079007038264152 ], [ -117.619396932444218, 58.079007264316068 ], [ -117.605930043115123, 58.079012403126924 ], [ -117.592292029553477, 58.079013342080479 ], [ -117.591780643832848, 58.079013405902394 ], [ -117.578316011352769, 58.079014444346967 ], [ -117.564674634063294, 58.079014046087252 ], [ -117.564333704885314, 58.079014039393897 ], [ -117.550697340190951, 58.07901302206934 ], [ -117.537058980869645, 58.079010559331309 ], [ -117.536547594100284, 58.079010494942139 ], [ -117.523081692892674, 58.079008102874759 ], [ -117.509442928829444, 58.07900440173934 ], [ -117.50893153587738, 58.079004227424242 ], [ -117.495462786009242, 58.078999010968943 ], [ -117.481823594503993, 58.078992306425235 ], [ -117.481312207512488, 58.078992615504269 ], [ -117.467841869283461, 58.078999879038534 ], [ -117.454201350995675, 58.079005786519886 ], [ -117.45368995737671, 58.079005986551394 ], [ -117.44022058622771, 58.079010533199146 ], [ -117.426581576666564, 58.079014395939119 ], [ -117.426070189261182, 58.079014498375827 ], [ -117.41260317454676, 58.079016397425008 ], [ -117.398966007452557, 58.079018611364972 ], [ -117.398454620373641, 58.079018610549056 ], [ -117.38498545206852, 58.079017967234869 ], [ -117.3713469569512, 58.079016354772747 ], [ -117.3708355680279, 58.079016257426694 ], [ -117.357367104755696, 58.079012826338129 ], [ -117.343729814057497, 58.079007782621474 ], [ -117.343218426349139, 58.079007606677784 ], [ -117.329750216725245, 58.079002219418619 ], [ -117.316113255919319, 58.078993744459687 ], [ -117.315601866073777, 58.078994072237592 ], [ -117.302133635162562, 58.079001996900061 ], [ -117.288492149372786, 58.079009540347919 ], [ -117.288151214190563, 58.079009610374655 ], [ -117.274516800252215, 58.079011812473453 ], [ -117.260878696749103, 58.079014821227226 ], [ -117.260367307598273, 58.079014954986157 ], [ -117.246900718291954, 58.079017702300092 ], [ -117.233266954136283, 58.079018489005712 ], [ -117.232755563738067, 58.079018460958764 ], [ -117.219288025025051, 58.079016906396305 ], [ -117.205650279172033, 58.079015086544544 ], [ -117.205138884572463, 58.079014948546103 ], [ -117.191671435493177, 58.079010633086412 ], [ -117.1780346907276, 58.079008986751781 ], [ -117.177523293998178, 58.079008798096147 ], [ -117.164052104522696, 58.079002947800141 ], [ -117.150414688114481, 58.078996462977301 ], [ -117.14990329400537, 58.078996861088491 ], [ -117.136432192650048, 58.079006602966821 ], [ -117.122795550685922, 58.079015156887706 ], [ -117.122284155622197, 58.079015394645616 ], [ -117.10881814471476, 58.079020910376343 ], [ -117.095178682746095, 58.079025296637028 ], [ -117.094667287707537, 58.079025443248639 ], [ -117.081199985879749, 58.079028653812301 ], [ -117.067559573251359, 58.079028710187174 ], [ -117.067048180200359, 58.079028722516036 ], [ -117.053579774038369, 58.079028353170841 ], [ -117.039936577003331, 58.079026519138814 ], [ -117.03942518905302, 58.079026344050391 ], [ -117.025963711996212, 58.079020975330302 ], [ -117.012324191589386, 58.079016876708664 ], [ -117.011812796603877, 58.079016624098124 ], [ -116.998342406551785, 58.079009203326322 ], [ -116.984706941335858, 58.078997310922304 ], [ -116.984195547778256, 58.078997645733381 ], [ -116.97072389541124, 58.079005650141951 ], [ -116.959866314659223, 58.079011060969222 ], [ -116.95986638869951, 58.079010987926836 ], [ -116.961400295367852, 58.077811867102099 ], [ -116.962904772499357, 58.076063292155759 ], [ -116.963298139171755, 58.075662580344577 ], [ -116.963589868698946, 58.075371908305904 ], [ -116.963903977285483, 58.07510512014877 ], [ -116.964148394721434, 58.074814647661938 ], [ -116.964298180766193, 58.07460529844159 ], [ -116.964596992133991, 58.074045018979291 ], [ -116.964697068657586, 58.073812991789517 ], [ -116.96470726901677, 58.07370436548679 ], [ -116.964603320093374, 58.073797171949309 ], [ -116.964396896189299, 58.07426631647067 ], [ -116.964261923760517, 58.074481226523112 ], [ -116.963057475538861, 58.075667876661811 ], [ -116.962691514793292, 58.076075201181091 ], [ -116.961838310738912, 58.076860707270377 ], [ -116.961556002908708, 58.077151341351843 ], [ -116.959870406367642, 58.078632094843208 ], [ -116.959606935550994, 58.078833508995935 ], [ -116.95931941460816, 58.079011231853947 ], [ -116.959319296688221, 58.079011309165992 ], [ -116.957083495574835, 58.079012298986093 ], [ -116.956572102307305, 58.079012517462516 ], [ -116.952585262645016, 58.079014176276566 ], [ -116.952585323923486, 58.079014117814836 ], [ -116.952962199900156, 58.078640078029458 ], [ -116.953553191763021, 58.078226444366599 ], [ -116.954330036221194, 58.077623351784133 ], [ -116.955033042413078, 58.077258318259616 ], [ -116.955423473726185, 58.077035304694832 ], [ -116.95618588566802, 58.0767168464956 ], [ -116.956241291820319, 58.076606904095506 ], [ -116.956336827374273, 58.07651079342461 ], [ -116.956480033310797, 58.076445690393456 ], [ -116.956570072724148, 58.076432057841899 ], [ -116.95669094234367, 58.076413767791223 ], [ -116.956842587537821, 58.076350309819851 ], [ -116.957081581145971, 58.076287890593278 ], [ -116.957391742631572, 58.076212464785584 ], [ -116.95753809771098, 58.076146806122665 ], [ -116.957748213008315, 58.075966740910218 ], [ -116.957903980235642, 58.075897147851656 ], [ -116.958141368771635, 58.075882941711747 ], [ -116.958294057682849, 58.075817812141942 ], [ -116.958418089895176, 58.075732166760446 ], [ -116.95856966496261, 58.075664780031858 ], [ -116.9590791796563, 58.075468631175575 ], [ -116.95940457282704, 58.075344953574309 ], [ -116.960170734712491, 58.074994719898122 ], [ -116.961275133327604, 58.074541364184689 ], [ -116.961045010049375, 58.074547183850285 ], [ -116.960888011457172, 58.074604009134212 ], [ -116.960148236511216, 58.074793706314921 ], [ -116.959130643660146, 58.075128706082218 ], [ -116.957835044259298, 58.075511977322392 ], [ -116.957081244278882, 58.075805610270471 ], [ -116.956569819193177, 58.076042333729632 ], [ -116.955284180202455, 58.076485533766956 ], [ -116.95509338058055, 58.076527391588527 ], [ -116.955085127898585, 58.07645559798997 ], [ -116.955729998051396, 58.07606794557352 ], [ -116.956174152826378, 58.075856390228246 ], [ -116.956569539340421, 58.075639666521987 ], [ -116.957080945907961, 58.075372898514111 ], [ -116.957471113327827, 58.075156820111602 ], [ -116.958577098394116, 58.074658922427147 ], [ -116.958842138090532, 58.074502038090927 ], [ -116.958943040531608, 58.074415895760524 ], [ -116.959938934939601, 58.07377638361794 ], [ -116.96011585083258, 58.073717803236363 ], [ -116.960599717140127, 58.073744514140898 ], [ -116.960878271893833, 58.073742430150986 ], [ -116.96111129745826, 58.073716011588019 ], [ -116.961283045535765, 58.073664694966084 ], [ -116.961500246532552, 58.073633856408584 ], [ -116.961664516959686, 58.073571488721718 ], [ -116.96190534237445, 58.073413565876237 ], [ -116.962376864701426, 58.073376792403408 ], [ -116.962526401166144, 58.073314424072976 ], [ -116.962947097277691, 58.073248895447776 ], [ -116.963128304547382, 58.073198134268601 ], [ -116.963282039259084, 58.073135211382748 ], [ -116.963516361975906, 58.072962262533117 ], [ -116.963857625096566, 58.07284910142895 ], [ -116.964137811724825, 58.072562390538927 ], [ -116.964438940484129, 58.072435454322338 ], [ -116.965242630650991, 58.07198703358177 ], [ -116.965419514224649, 58.071926821129232 ], [ -116.965633927015347, 58.07192496941888 ], [ -116.965791315120555, 58.071986209190953 ], [ -116.965999024439995, 58.071953138288521 ], [ -116.966350816528788, 58.071780763388468 ], [ -116.966588327178698, 58.071673692181164 ], [ -116.966803359338385, 58.07163896994188 ], [ -116.967047016582455, 58.071623066413871 ], [ -116.967229346491322, 58.071577853534343 ], [ -116.967872990084118, 58.071192375313892 ], [ -116.968446512705128, 58.070916283829106 ], [ -116.968963750884043, 58.070759593589734 ], [ -116.96978593194396, 58.070447541426169 ], [ -116.97004978817931, 58.07028674773548 ], [ -116.970719240154651, 58.069869340024859 ], [ -116.971103270836792, 58.06965248727473 ], [ -116.971506572892324, 58.069382576669689 ], [ -116.971801928208365, 58.069219989243322 ], [ -116.972180985376568, 58.068945710586334 ], [ -116.97289503646239, 58.068568864856516 ], [ -116.97378796962397, 58.068045985722769 ], [ -116.974060518759899, 58.06790854042255 ], [ -116.97452684704497, 58.067720269170657 ], [ -116.9764931620401, 58.066819763205757 ], [ -116.976627833052106, 58.066751305190806 ], [ -116.976824593643798, 58.0666057885336 ], [ -116.976961155159188, 58.066553942919505 ], [ -116.977898875250816, 58.066052857874524 ], [ -116.978484914752656, 58.065786392931329 ], [ -116.979225313434625, 58.065460275778648 ], [ -116.979347119964842, 58.065385591892358 ], [ -116.981337046112614, 58.064546190207601 ], [ -116.981865647069242, 58.0643869961417 ], [ -116.982548265788466, 58.064148318705122 ], [ -116.983474801584023, 58.063899492454695 ], [ -116.984188581974934, 58.063674298793558 ], [ -116.984484155497825, 58.063564298462332 ], [ -116.984699909872276, 58.063504582516849 ], [ -116.985347516041259, 58.063302117646359 ], [ -116.985845290619991, 58.06312700842544 ], [ -116.986756025783123, 58.062894317403334 ], [ -116.987349561804507, 58.062765369729959 ], [ -116.988193096167819, 58.062635725258488 ], [ -116.988960955077175, 58.062459911878619 ], [ -116.989556548759168, 58.062346544564107 ], [ -116.991498503168344, 58.061791937976345 ], [ -116.99187137341309, 58.061698731347938 ], [ -116.993612606174295, 58.061168143545473 ], [ -116.995762386269419, 58.060562111233246 ], [ -116.996322243490383, 58.060426466474873 ], [ -116.997114178528847, 58.060273408381796 ], [ -116.997784431120976, 58.06020284090684 ], [ -116.998338031035317, 58.060125615786085 ], [ -116.999862211557513, 58.059842513565677 ], [ -116.999997785988768, 58.059817332786643 ], [ -117.000133353736047, 58.059793822917037 ], [ -117.001368258778442, 58.059579676090586 ], [ -117.002442620936108, 58.059339038174386 ], [ -117.002600110752155, 58.059279902902631 ], [ -117.002981336850823, 58.059198361139046 ], [ -117.003392040633571, 58.059131825592864 ], [ -117.004902132524265, 58.058751607197735 ], [ -117.006146475010368, 58.058410518158411 ], [ -117.007082121631598, 58.058174324799474 ], [ -117.007860335960601, 58.058015648010219 ], [ -117.008293071246172, 58.057951313357869 ], [ -117.008747924250216, 58.057912030359809 ], [ -117.009388627213923, 58.057813579564716 ], [ -117.009633396296167, 58.057796154103208 ], [ -117.0104809714624, 58.057662470504908 ], [ -117.010944242657402, 58.057618723444818 ], [ -117.011806399324868, 58.057497570006014 ], [ -117.012317695991086, 58.05739793812235 ], [ -117.012592070293181, 58.057343925079763 ], [ -117.013679143704294, 58.057177946050594 ], [ -117.015063583023533, 58.057041638117362 ], [ -117.015783177856832, 58.056993220194542 ], [ -117.016480663335258, 58.056925879673635 ], [ -117.018161441152969, 58.056814378848109 ], [ -117.018625704976742, 58.056771708729357 ], [ -117.019278990003613, 58.056686006821131 ], [ -117.019888132578998, 58.056588091255477 ], [ -117.020122384271019, 58.056570659532838 ], [ -117.020316630799385, 58.056532079477257 ], [ -117.021917426792541, 58.056384384819744 ], [ -117.022739750400362, 58.056253985884645 ], [ -117.024062042907715, 58.056079742571896 ], [ -117.025309604601389, 58.055866570054079 ], [ -117.025954702922178, 58.05578368718654 ], [ -117.028157887623621, 58.05550059367863 ], [ -117.029283766220871, 58.055371001864955 ], [ -117.029667005870778, 58.055289376811345 ], [ -117.030689180518124, 58.05526624910393 ], [ -117.031140821444737, 58.055223547368101 ], [ -117.032375120059271, 58.055164581604068 ], [ -117.033086224861279, 58.055111621376213 ], [ -117.034137871308502, 58.055099578330804 ], [ -117.036549043598725, 58.055103603486096 ], [ -117.038818093648615, 58.055016930428067 ], [ -117.039423009507772, 58.054985654097372 ], [ -117.03993429421898, 58.054959235545077 ], [ -117.040309714543213, 58.05493982306772 ], [ -117.041324691754141, 58.054964515883498 ], [ -117.041809098791433, 58.054993588208269 ], [ -117.042610687275513, 58.054986718534714 ], [ -117.042849223837706, 58.054999306961513 ], [ -117.043042687500062, 58.055043120232291 ], [ -117.043307476507778, 58.05504733390076 ], [ -117.0445617160442, 58.05499435536003 ], [ -117.044797104376144, 58.055009723983098 ], [ -117.045057646201144, 58.055006137595704 ], [ -117.04606086199837, 58.054968971534642 ], [ -117.047957819607603, 58.054836826337244 ], [ -117.048984151350481, 58.054811873953469 ], [ -117.050365268774144, 58.054686869523962 ], [ -117.050880011429044, 58.054672986749253 ], [ -117.052062671540511, 58.054582705725174 ], [ -117.052309549621526, 58.054576879878383 ], [ -117.052755853991982, 58.054524080869257 ], [ -117.053575158236214, 58.054464501344427 ], [ -117.053925887676215, 58.054429882901324 ], [ -117.055240948874655, 58.054353910880025 ], [ -117.055441504024699, 58.054319169280284 ], [ -117.055904639860188, 58.054273583586905 ], [ -117.057596753202404, 58.054167115712168 ], [ -117.058524128883192, 58.054091504375094 ], [ -117.059647801053529, 58.053971132003788 ], [ -117.060158305637046, 58.053951649044699 ], [ -117.060865144540443, 58.053896870029156 ], [ -117.061636198683374, 58.05387487796515 ], [ -117.062564581500311, 58.053794234096046 ], [ -117.064431363915688, 58.053700173966256 ], [ -117.06657920803724, 58.053527448997102 ], [ -117.067047963404463, 58.05352940465869 ], [ -117.067559241782675, 58.05353154088715 ], [ -117.068453390948875, 58.053535272213345 ], [ -117.069215870838462, 58.053494466746564 ], [ -117.070284310453019, 58.053497153106967 ], [ -117.070998551704378, 58.053453832454224 ], [ -117.072073256650128, 58.053456537606259 ], [ -117.07380347192057, 58.053308631043542 ], [ -117.074500512331866, 58.053229025678981 ], [ -117.075387075691353, 58.053082485237788 ], [ -117.075763971711226, 58.052987679248524 ], [ -117.076282178953065, 58.052819021828022 ], [ -117.07721160614949, 58.05257192673561 ], [ -117.077808685641614, 58.052446591932515 ], [ -117.078359897933765, 58.052307624531316 ], [ -117.078781008668273, 58.052248657182098 ], [ -117.079492288156217, 58.05204716139702 ], [ -117.079823611081835, 58.051924800641068 ], [ -117.080172521246496, 58.051810890919747 ], [ -117.081195709703664, 58.051558873697438 ], [ -117.081701774447694, 58.051405009772914 ], [ -117.082161993593999, 58.051190370929518 ], [ -117.082552291697453, 58.050950790191223 ], [ -117.082712284643435, 58.05088038406425 ], [ -117.083382833815037, 58.050651307525932 ], [ -117.08384611931038, 58.050438876038015 ], [ -117.084239145454518, 58.050220489445735 ], [ -117.084940748480761, 58.049949361439012 ], [ -117.086042685577539, 58.049532028610088 ], [ -117.08729096767442, 58.049141805355667 ], [ -117.087800497363389, 58.048930161299218 ], [ -117.088379383662883, 58.04865488509197 ], [ -117.089077107394417, 58.048429222017383 ], [ -117.089880432113702, 58.048121198175814 ], [ -117.090314625924549, 58.047888521719713 ], [ -117.090932040894856, 58.047630709609507 ], [ -117.091231461202696, 58.047468600436467 ], [ -117.091678855458966, 58.047258827305029 ], [ -117.092047869800325, 58.047023602137457 ], [ -117.092620639056179, 58.046574479262787 ], [ -117.093847646989289, 58.04586436518013 ], [ -117.09447217828415, 58.045455069406081 ], [ -117.094614314442168, 58.045383430812826 ], [ -117.094666519379743, 58.0453238948175 ], [ -117.094875339461453, 58.045085785648695 ], [ -117.095177643365005, 58.044795804430834 ], [ -117.095715135445573, 58.044351798920623 ], [ -117.095876838846152, 58.04424573438736 ], [ -117.095943148037293, 58.04413027615923 ], [ -117.095971166719124, 58.043985049930725 ], [ -117.096365805918936, 58.043456971733654 ], [ -117.096545220208398, 58.043250184263059 ], [ -117.097089607197461, 58.042722603743336 ], [ -117.09744644705647, 58.042376772180369 ], [ -117.098086099719197, 58.041667862035673 ], [ -117.09829942788673, 58.041335415976107 ], [ -117.098581170527552, 58.041048448711457 ], [ -117.099324056207038, 58.040211996869658 ], [ -117.100191301442578, 58.039186905576258 ], [ -117.100418126843877, 58.03886063430555 ], [ -117.100838224004931, 58.038339924264648 ], [ -117.101244599076608, 58.037823033582747 ], [ -117.101451612737662, 58.037652046175275 ], [ -117.101687568036937, 58.037340310313155 ], [ -117.102034116897244, 58.037011897462257 ], [ -117.102095110487824, 58.036843465490001 ], [ -117.102189297215403, 58.036750962216544 ], [ -117.102315400142388, 58.036527180959197 ], [ -117.102507924459729, 58.036344432488711 ], [ -117.102671439187318, 58.036141458330967 ], [ -117.10288049145295, 58.035807844621182 ], [ -117.103117136837866, 58.035496554587446 ], [ -117.103364157308775, 58.035171611992475 ], [ -117.103603357432206, 58.034854883059403 ], [ -117.104036067320379, 58.034191082060573 ], [ -117.10474911870466, 58.033362823539093 ], [ -117.105612068148574, 58.03194107333151 ], [ -117.105904267779053, 58.031485382696069 ], [ -117.106062494741352, 58.031281266009131 ], [ -117.106157708031489, 58.031189317748428 ], [ -117.106997166920962, 58.030609009237651 ], [ -117.107505174553395, 58.030231325461394 ], [ -117.107951142951052, 58.029858319784658 ], [ -117.108815525327017, 58.029080732751318 ], [ -117.109658236750477, 58.028270165394197 ], [ -117.110003154687305, 58.027974816703285 ], [ -117.110218586730582, 58.02766206868715 ], [ -117.110393522080741, 58.027460274803815 ], [ -117.110806651108263, 58.027044196872268 ], [ -117.111438600660904, 58.026325183725646 ], [ -117.111833382537696, 58.025933506899939 ], [ -117.11248569935303, 58.025190087451314 ], [ -117.112877378345019, 58.024795060998223 ], [ -117.113935766989471, 58.023558654461731 ], [ -117.113895495136518, 58.023523344832498 ], [ -117.113783649962528, 58.023609093215633 ], [ -117.113053061474659, 58.024275228252186 ], [ -117.112210788303301, 58.02496138843599 ], [ -117.109771907661553, 58.027355594895859 ], [ -117.10929033733585, 58.027726181080219 ], [ -117.108881381998231, 58.028087135705299 ], [ -117.108307800023127, 58.028548580809527 ], [ -117.107564185886602, 58.029337161115059 ], [ -117.106970960777318, 58.030110936149534 ], [ -117.106685934215818, 58.030411297160562 ], [ -117.106333804060526, 58.030653355172007 ], [ -117.106248945196725, 58.03075370979947 ], [ -117.106269196930327, 58.030627387407812 ], [ -117.106378545452813, 58.030399057375291 ], [ -117.106656945670707, 58.02994940578354 ], [ -117.106914165853794, 58.029508559367258 ], [ -117.107133268542682, 58.029029636087827 ], [ -117.107681481533106, 58.028270848197337 ], [ -117.108278611384932, 58.027542551014129 ], [ -117.108814934564123, 58.02702461585401 ], [ -117.109338736459208, 58.026448209101908 ], [ -117.110518176787039, 58.025257596130551 ], [ -117.110682951098568, 58.025038467174262 ], [ -117.111043249098131, 58.024638267438554 ], [ -117.111880947395917, 58.023861306426127 ], [ -117.112333005816907, 58.023493338479575 ], [ -117.113386441073516, 58.02279548243483 ], [ -117.113614473757849, 58.0226151271034 ], [ -117.114029061567393, 58.022394534752429 ], [ -117.114502740246522, 58.022046722568653 ], [ -117.11545289604372, 58.021134148420515 ], [ -117.115757233347438, 58.02086299317488 ], [ -117.116405801502992, 58.020258916861394 ], [ -117.116632885336713, 58.020071309839906 ], [ -117.117026356995297, 58.019687413822695 ], [ -117.117610772283257, 58.018970896717356 ], [ -117.118008390756927, 58.018587580933712 ], [ -117.118171900836174, 58.01837624537022 ], [ -117.118542347234211, 58.01798609674838 ], [ -117.11877905079443, 58.017675993953617 ], [ -117.119365342218273, 58.017080341747644 ], [ -117.119531057922345, 58.016861213258437 ], [ -117.120383931685183, 58.01587152252614 ], [ -117.120680945169468, 58.015588477057037 ], [ -117.121009061326276, 58.015327877714192 ], [ -117.121431778285753, 58.014832722083305 ], [ -117.121715301831841, 58.01454180665062 ], [ -117.121880636305704, 58.014342728770238 ], [ -117.121943592514739, 58.014231354912539 ], [ -117.12213692774084, 58.014048876863662 ], [ -117.122283322184046, 58.013834373821759 ], [ -117.122794005573297, 58.013086082562026 ], [ -117.123381877230628, 58.012224662265538 ], [ -117.123547922495604, 58.011872978092534 ], [ -117.123769000793985, 58.011552216484645 ], [ -117.123807993311658, 58.011429325616163 ], [ -117.124333781849472, 58.010521440911774 ], [ -117.124555251835233, 58.010065336786361 ], [ -117.125218175386692, 58.008663573684906 ], [ -117.125471116650985, 58.008205959548569 ], [ -117.125781200901542, 58.007496339217305 ], [ -117.12671144163609, 58.00640960349223 ], [ -117.1269148674928, 58.006165539096848 ], [ -117.127119674124955, 58.005983365075693 ], [ -117.127437764325236, 58.00557453203686 ], [ -117.127892637041342, 58.00508955839679 ], [ -117.12826097345264, 58.004857539229093 ], [ -117.128919111195259, 58.004328507835609 ], [ -117.129122963227942, 58.004140752829791 ], [ -117.129438957168773, 58.0038444112961 ], [ -117.12955478196362, 58.003650643246523 ], [ -117.130035712881565, 58.003171920583881 ], [ -117.130299532907102, 58.002858598313452 ], [ -117.130368570866708, 58.002754798405014 ], [ -117.130513920069163, 58.002381835690201 ], [ -117.13082571347617, 58.001798641900805 ], [ -117.130975854559168, 58.001449641348913 ], [ -117.131295680945485, 58.000884866392781 ], [ -117.131520113751492, 58.000260000413299 ], [ -117.131574719556738, 58.000142767460318 ], [ -117.131646674666911, 58.000075677744015 ], [ -117.131681371804262, 58.000000012624533 ], [ -117.131714346470588, 57.999928122899242 ], [ -117.13172399833887, 57.999907083853131 ], [ -117.131957539914552, 57.999601426769466 ], [ -117.132295323089892, 57.999197995580595 ], [ -117.132303064141041, 57.999182581982822 ], [ -117.132630916618737, 57.998530260560372 ], [ -117.13289762225422, 57.997837608597983 ], [ -117.133090918890588, 57.997127815417528 ], [ -117.133419185667876, 57.996285222669648 ], [ -117.133601489198526, 57.995544687258217 ], [ -117.133817477342575, 57.994798596968764 ], [ -117.134057349312329, 57.99404451298097 ], [ -117.134215401575531, 57.993420042184226 ], [ -117.13454209296836, 57.992541435637548 ], [ -117.134789675874458, 57.992047481347726 ], [ -117.134925559309579, 57.991776378406996 ], [ -117.135011701535163, 57.991604546658621 ], [ -117.135805814159099, 57.990666406825774 ], [ -117.136248648276975, 57.989902201512578 ], [ -117.136432359853174, 57.989665879460659 ], [ -117.136910677765428, 57.989050525820069 ], [ -117.137482596564666, 57.988130423489459 ], [ -117.137651442121438, 57.987881436502398 ], [ -117.13820114787076, 57.987010490159214 ], [ -117.138979040483093, 57.986036498735558 ], [ -117.139319571573438, 57.985492182739243 ], [ -117.13964554096188, 57.984948041436859 ], [ -117.13985006403999, 57.984626597471333 ], [ -117.139920716978224, 57.984549222902295 ], [ -117.140035323252619, 57.98442371998776 ], [ -117.140279305694605, 57.984119824560793 ], [ -117.141405799513961, 57.982220626826951 ], [ -117.141623078229117, 57.981857859807548 ], [ -117.14166191152124, 57.981744195235542 ], [ -117.142077816219683, 57.981292602510287 ], [ -117.142332546122049, 57.980952913024957 ], [ -117.143405937297629, 57.979538044996957 ], [ -117.143843656671763, 57.978824787821779 ], [ -117.144104314825682, 57.978438930421909 ], [ -117.144521136103108, 57.977789718574876 ], [ -117.14482574506718, 57.977321951786649 ], [ -117.14484236445935, 57.977296441827235 ], [ -117.145202746196603, 57.976582655255854 ], [ -117.145935581512163, 57.97525272837715 ], [ -117.146231493532568, 57.9748054839323 ], [ -117.146435222653622, 57.974373019367064 ], [ -117.146586868647191, 57.973896555117584 ], [ -117.146708714807829, 57.973653498037727 ], [ -117.146746579751891, 57.973544923661485 ], [ -117.146791778772609, 57.973415317411138 ], [ -117.14688585639675, 57.973320975505231 ], [ -117.147214058684327, 57.972735324554485 ], [ -117.147260084806788, 57.972630389132433 ], [ -117.148090895611745, 57.971239494395363 ], [ -117.148610465414805, 57.970329115122297 ], [ -117.148731194786592, 57.970132251035984 ], [ -117.148748633321901, 57.970095064104349 ], [ -117.148919628877053, 57.969730490323492 ], [ -117.149301340240527, 57.969127226362076 ], [ -117.149901077830265, 57.968193182743207 ], [ -117.150159665967777, 57.967790422438327 ], [ -117.150411099014974, 57.967372448199448 ], [ -117.150622636300255, 57.967020835936438 ], [ -117.151120754429954, 57.966395263035615 ], [ -117.152016927309006, 57.965287182315663 ], [ -117.152574974294453, 57.964377035418032 ], [ -117.153010602386075, 57.963735629943187 ], [ -117.153459579074081, 57.962960979674889 ], [ -117.153616560548372, 57.962689986577715 ], [ -117.153832439091303, 57.962298425283315 ], [ -117.154500661199762, 57.961422401947708 ], [ -117.154953632021062, 57.960660435221861 ], [ -117.155133490478406, 57.960410068185574 ], [ -117.155682518916237, 57.959669295536244 ], [ -117.15642793516011, 57.958590968163691 ], [ -117.156663548616351, 57.958230588307195 ], [ -117.157060802271687, 57.957370686323564 ], [ -117.157374397906281, 57.956777209636201 ], [ -117.157883846474931, 57.955666488184249 ], [ -117.157932730033224, 57.955466726605863 ], [ -117.157974788770204, 57.955294855333406 ], [ -117.158506450038061, 57.95446666341256 ], [ -117.159245510395223, 57.953241949725104 ], [ -117.159554699938624, 57.952627904705267 ], [ -117.159902062667982, 57.952032079768124 ], [ -117.160348864622122, 57.951113467910822 ], [ -117.160567259661462, 57.950457732611113 ], [ -117.160780958781544, 57.949999643391678 ], [ -117.160988333467344, 57.949400307764378 ], [ -117.161258838669099, 57.948988811883773 ], [ -117.161443930135732, 57.948717921783611 ], [ -117.161595291438459, 57.948243205939534 ], [ -117.161699556423727, 57.947916116547511 ], [ -117.161741344372572, 57.947580089850653 ], [ -117.161798164448854, 57.946610064229468 ], [ -117.161857165814055, 57.94615862498619 ], [ -117.161838210290497, 57.945940296060364 ], [ -117.161726119452055, 57.945577565759081 ], [ -117.161697868029592, 57.945343759359766 ], [ -117.161791578011417, 57.944854056138993 ], [ -117.161894688546013, 57.94437468161297 ], [ -117.161942251115946, 57.943997617247916 ], [ -117.16206323768229, 57.943374604605687 ], [ -117.162218368517088, 57.941516990463285 ], [ -117.162193182407918, 57.94101890584178 ], [ -117.16218550412998, 57.940867274049275 ], [ -117.161968904777083, 57.940026336662051 ], [ -117.161664309942694, 57.939233599150072 ], [ -117.161441611704234, 57.938865217338893 ], [ -117.161201695108701, 57.938145028165479 ], [ -117.161086139812028, 57.937860737967888 ], [ -117.160752241728503, 57.937382987582851 ], [ -117.160351750502969, 57.936948450028119 ], [ -117.159912670820049, 57.936192157380347 ], [ -117.159259534162004, 57.93522412801444 ], [ -117.158984267744046, 57.934703823093741 ], [ -117.158625195832201, 57.934225305081377 ], [ -117.158515711291429, 57.933884040053854 ], [ -117.158473026724323, 57.933751013874264 ], [ -117.158531737290744, 57.933684026441526 ], [ -117.158631525637801, 57.933613027155161 ], [ -117.158731848329083, 57.933409562759458 ], [ -117.158797693424447, 57.93312407213481 ], [ -117.158813512956584, 57.93280162730963 ], [ -117.158753313118041, 57.931838438881933 ], [ -117.158665132435686, 57.931557019045108 ], [ -117.15851136501135, 57.931296250705842 ], [ -117.158158195039661, 57.930813377932239 ], [ -117.157107125556038, 57.929710972358954 ], [ -117.156703614704, 57.929250737644999 ], [ -117.156478143131793, 57.929031607213254 ], [ -117.155957186345248, 57.92831064376071 ], [ -117.155557313181461, 57.927863757493036 ], [ -117.155203647636739, 57.92739107213054 ], [ -117.154595361250827, 57.926677094584811 ], [ -117.154389967205603, 57.926387499774094 ], [ -117.154250185973822, 57.926190382678115 ], [ -117.153856706014722, 57.925727845411735 ], [ -117.153309710617336, 57.925030777728878 ], [ -117.152663637368718, 57.92437145202036 ], [ -117.152102724445385, 57.923610261859288 ], [ -117.151516735835813, 57.922874013806243 ], [ -117.150656350726649, 57.921653415090894 ], [ -117.150410982021512, 57.921293103999425 ], [ -117.149901606401613, 57.920545146258547 ], [ -117.149153686541069, 57.91944682675021 ], [ -117.149009087265995, 57.91918542520353 ], [ -117.148998982824011, 57.919162812893269 ], [ -117.148771905109641, 57.918654378517502 ], [ -117.148306954992691, 57.917872137143235 ], [ -117.14796096019171, 57.917385916592643 ], [ -117.147364801651605, 57.916688416608103 ], [ -117.146913065836813, 57.916293615584806 ], [ -117.146226201022287, 57.91561705303581 ], [ -117.145422692408388, 57.914717316750355 ], [ -117.145148583148966, 57.914169613556794 ], [ -117.144818171251714, 57.913724362017838 ], [ -117.144564945430005, 57.913501974249712 ], [ -117.143677477963763, 57.912979688213561 ], [ -117.142914536074258, 57.912379080554928 ], [ -117.142350824689501, 57.912001233962009 ], [ -117.142281134755962, 57.911942524317972 ], [ -117.141646669585441, 57.911407994138628 ], [ -117.14109768122546, 57.910997735031195 ], [ -117.140138648977498, 57.910174991522339 ], [ -117.139859203277226, 57.909982797436015 ], [ -117.139592866803142, 57.909767938626132 ], [ -117.138815640493874, 57.909160517352625 ], [ -117.138213252524409, 57.90879385151306 ], [ -117.137404766257745, 57.908230314887135 ], [ -117.136432880754526, 57.907589634756178 ], [ -117.13625537691027, 57.907472614912592 ], [ -117.135934164108349, 57.907291698006325 ], [ -117.134760472464563, 57.906552534236084 ], [ -117.134449973446323, 57.906385920383826 ], [ -117.133941431855234, 57.906096029489063 ], [ -117.133134287953013, 57.905460370248697 ], [ -117.132680512767422, 57.90515436248036 ], [ -117.131924544632497, 57.904718244417666 ], [ -117.131543020933577, 57.904498133568843 ], [ -117.131460465231527, 57.904445437127492 ], [ -117.130554231679227, 57.903866841543362 ], [ -117.129880773014662, 57.903472769022358 ], [ -117.127782496765903, 57.902558233988003 ], [ -117.127477128444554, 57.902386582196229 ], [ -117.126613764468075, 57.90193865091436 ], [ -117.12560043345502, 57.901480712760851 ], [ -117.125079536011754, 57.90118275654563 ], [ -117.124507256550075, 57.900908852439024 ], [ -117.123855319230131, 57.900523598675761 ], [ -117.123215783073789, 57.900107320186748 ], [ -117.122423473565263, 57.899422041687252 ], [ -117.120781854716796, 57.897844801955678 ], [ -117.120162350300291, 57.897366581908472 ], [ -117.120017189315661, 57.897235994103418 ], [ -117.119508150427194, 57.896778038601902 ], [ -117.118891750418584, 57.896223489430916 ], [ -117.118371724412839, 57.895637238441587 ], [ -117.117952233703406, 57.895486068880302 ], [ -117.116865940224628, 57.895094594969983 ], [ -117.116692970578342, 57.895028587885399 ], [ -117.116377306946902, 57.894844722956393 ], [ -117.115102408629284, 57.89377862499822 ], [ -117.114803338702387, 57.893481592419029 ], [ -117.11442679489096, 57.893178314109377 ], [ -117.11395314350365, 57.892717849891909 ], [ -117.113789757870038, 57.892505462841775 ], [ -117.113310525550503, 57.891960455981582 ], [ -117.11297867413613, 57.891676862371 ], [ -117.11253239609438, 57.891192771818872 ], [ -117.112149757525188, 57.890869093986979 ], [ -117.111401113448977, 57.890036745368562 ], [ -117.111366778636025, 57.88999460322426 ], [ -117.111123268024485, 57.889695700318313 ], [ -117.110796416684551, 57.889414570908727 ], [ -117.110052773158074, 57.888438481351514 ], [ -117.109910903793377, 57.888041017219514 ], [ -117.109761529609671, 57.887748856617264 ], [ -117.10951100192392, 57.887456031236816 ], [ -117.109242492267398, 57.887109682282762 ], [ -117.108877846906481, 57.886693308757955 ], [ -117.108573338145305, 57.886457927027621 ], [ -117.108375840206776, 57.886238488517407 ], [ -117.10802248669485, 57.885701353553586 ], [ -117.107590314214761, 57.884991296113562 ], [ -117.107531889325074, 57.884835935559046 ], [ -117.107212233243956, 57.884151968759888 ], [ -117.106842233216923, 57.883653620620713 ], [ -117.106405008372519, 57.883230910641352 ], [ -117.106168595244142, 57.882970001039709 ], [ -117.105989828606639, 57.88277269784836 ], [ -117.105776564100921, 57.882537349595026 ], [ -117.105552926141272, 57.882213227185659 ], [ -117.104891764892329, 57.881461285460773 ], [ -117.104733815618218, 57.881402672012847 ], [ -117.10449908637608, 57.881348084171549 ], [ -117.104319536961668, 57.881253980616158 ], [ -117.104066241386278, 57.881063787584807 ], [ -117.103532550439027, 57.880491548098078 ], [ -117.10337620886979, 57.880384180161215 ], [ -117.10273582089691, 57.880019134459573 ], [ -117.102212903558168, 57.879682668954963 ], [ -117.101793179870228, 57.87952379048545 ], [ -117.101672205357616, 57.879441416091666 ], [ -117.101557509564515, 57.879285281183094 ], [ -117.101507412397709, 57.879205971475265 ], [ -117.101182514884158, 57.879024803170267 ], [ -117.101015901889724, 57.878907377210531 ], [ -117.100410927575197, 57.878567299042658 ], [ -117.099858603953479, 57.87829549067267 ], [ -117.099075040698423, 57.877948476289667 ], [ -117.098328103466542, 57.877572578841558 ], [ -117.097569301924693, 57.877235357928917 ], [ -117.097200398964134, 57.877116569081927 ], [ -117.096864675090956, 57.876989458929209 ], [ -117.096544802936009, 57.876810768636616 ], [ -117.09622669426372, 57.876585864223749 ], [ -117.095902014936641, 57.87640725084529 ], [ -117.095190400764224, 57.876128127365661 ], [ -117.094456108946375, 57.875869951272826 ], [ -117.093753384319271, 57.875643607776979 ], [ -117.093221614630394, 57.875472329018073 ], [ -117.092852239178399, 57.875372895745194 ], [ -117.092659910769186, 57.875321120926088 ], [ -117.092633523274401, 57.875314011016343 ], [ -117.09215117923047, 57.875183009917158 ], [ -117.092050224649711, 57.875155596981386 ], [ -117.091622197037239, 57.8750733309639 ], [ -117.09151537189102, 57.874999788809603 ], [ -117.091485023001781, 57.874978891911361 ], [ -117.090562478080926, 57.874785760045974 ], [ -117.089635418126051, 57.874523442134858 ], [ -117.089076183562639, 57.87436456915804 ], [ -117.087442670166311, 57.873679359897238 ], [ -117.086333185479361, 57.873056203072245 ], [ -117.086025346003865, 57.872913157481136 ], [ -117.084846839753226, 57.872411826307435 ], [ -117.084171181090454, 57.872090953655402 ], [ -117.083775160478183, 57.871923895348608 ], [ -117.082902411218228, 57.871386088036871 ], [ -117.081641971789679, 57.870660531639167 ], [ -117.08104533047711, 57.870443330528992 ], [ -117.08035220006586, 57.870148399960868 ], [ -117.078811596342987, 57.869662215864579 ], [ -117.078494459640453, 57.869562131700128 ], [ -117.07808443351513, 57.869474833433486 ], [ -117.077458528457583, 57.869324837987456 ], [ -117.076995629789181, 57.869238507578856 ], [ -117.07602157518501, 57.868989802032473 ], [ -117.074758565297955, 57.868738728471406 ], [ -117.074003214770514, 57.868521855173924 ], [ -117.073154546810528, 57.868350317968364 ], [ -117.072267975646426, 57.868153844523718 ], [ -117.072128968550331, 57.868123037449386 ], [ -117.071715180045487, 57.868051178254838 ], [ -117.069753967883187, 57.867646244418353 ], [ -117.068823939253193, 57.867481293028625 ], [ -117.067819994408566, 57.867289503456256 ], [ -117.067322495568163, 57.867188398279211 ], [ -117.066387357150759, 57.867018402584286 ], [ -117.066208969087597, 57.866939614924803 ], [ -117.065571792933753, 57.866842652324237 ], [ -117.065302979217563, 57.866774076873277 ], [ -117.065048139037827, 57.866709063921888 ], [ -117.064794371624686, 57.866662643373829 ], [ -117.064471549753449, 57.866603604047526 ], [ -117.064284330565059, 57.8665035651183 ], [ -117.063597205854506, 57.866387788837194 ], [ -117.062833325916841, 57.866218141559372 ], [ -117.06260756980187, 57.866143683475954 ], [ -117.062098239834029, 57.866061326523962 ], [ -117.061579431740896, 57.865927719007018 ], [ -117.061017449082669, 57.865755666235849 ], [ -117.060738783736141, 57.865701659403904 ], [ -117.059561824619095, 57.865416397549275 ], [ -117.059038391770486, 57.865221306376277 ], [ -117.058538835733501, 57.865085144338259 ], [ -117.057794355945973, 57.864866819645563 ], [ -117.057073954440625, 57.864635695672746 ], [ -117.056335667851229, 57.864474700287822 ], [ -117.056377435522961, 57.864466061786935 ], [ -117.056146879987651, 57.864399280586682 ], [ -117.055902066080421, 57.864276118771528 ], [ -117.055613768327689, 57.864237466004603 ], [ -117.055383206852198, 57.864183484703496 ], [ -117.054835682886136, 57.864019083343969 ], [ -117.053697641436727, 57.86360572589038 ], [ -117.053106922865439, 57.863428485963837 ], [ -117.051911171218208, 57.8630457930891 ], [ -117.051454665433681, 57.86292367551944 ], [ -117.051382840708484, 57.862904468813298 ], [ -117.05055223840381, 57.862580989952363 ], [ -117.049491274036328, 57.862144594178929 ], [ -117.048406174629918, 57.861749165948602 ], [ -117.047940593426461, 57.861533578230421 ], [ -117.047527707533916, 57.861376945192788 ], [ -117.04659158958151, 57.861002123777205 ], [ -117.046400607123189, 57.860931439655673 ], [ -117.04564099347165, 57.860650334978068 ], [ -117.044940255317513, 57.860329488300238 ], [ -117.044191467154405, 57.860008616268722 ], [ -117.043528968395904, 57.859762078874262 ], [ -117.043005799864076, 57.859538742246372 ], [ -117.042583572964418, 57.859312935104263 ], [ -117.041901984258203, 57.859035643870271 ], [ -117.040841355103225, 57.858558190021448 ], [ -117.040083153386846, 57.858196291934355 ], [ -117.039603197476453, 57.85799602018313 ], [ -117.038753775144713, 57.857616095414571 ], [ -117.037945851360689, 57.857199758648783 ], [ -117.037837386168192, 57.857143868225513 ], [ -117.037437352898081, 57.856903900075864 ], [ -117.037165889046975, 57.856741048518522 ], [ -117.036369473777242, 57.856335530643385 ], [ -117.036028893241578, 57.856145633466028 ], [ -117.035127212488348, 57.85561449021467 ], [ -117.033237551242763, 57.854505971182604 ], [ -117.032335755877668, 57.854028608121979 ], [ -117.031898213339929, 57.853705885320089 ], [ -117.031588000696686, 57.853477085298451 ], [ -117.030691379502116, 57.852907477605612 ], [ -117.029919338349075, 57.852445586579535 ], [ -117.028927175341892, 57.851732430556972 ], [ -117.028419400420646, 57.851286158871339 ], [ -117.027489729396265, 57.850583294164522 ], [ -117.026953102536339, 57.850160054540417 ], [ -117.026507721505581, 57.849747144709163 ], [ -117.025942326184079, 57.849308505973298 ], [ -117.02520028143779, 57.848562260714765 ], [ -117.02470295910129, 57.84791617678097 ], [ -117.02442608916715, 57.847424029010583 ], [ -117.024191720622483, 57.847136867776179 ], [ -117.024094592726627, 57.846999364948566 ], [ -117.023900160224585, 57.846724113825502 ], [ -117.023802250934125, 57.846570449761565 ], [ -117.023709083131365, 57.846424184654786 ], [ -117.023662374125337, 57.846299372435077 ], [ -117.023417632480516, 57.845645644983584 ], [ -117.023039295091507, 57.844361260384524 ], [ -117.022897889733528, 57.843625882575232 ], [ -117.022909918381799, 57.841678946589553 ], [ -117.023125013048656, 57.840677512543607 ], [ -117.023474670339141, 57.839650620034227 ], [ -117.023805183602263, 57.839074888041281 ], [ -117.023842114068458, 57.839010565814348 ], [ -117.02409736755898, 57.838670271435596 ], [ -117.024189652145566, 57.83854723995249 ], [ -117.024561643645512, 57.837971236754228 ], [ -117.024696677365213, 57.837820230711287 ], [ -117.025501961855866, 57.836965437252722 ], [ -117.026065741486619, 57.836466479843658 ], [ -117.026571468118803, 57.836080173234237 ], [ -117.027211859363973, 57.835642770759044 ], [ -117.028631391310995, 57.834901300377254 ], [ -117.029516695075841, 57.834464131075656 ], [ -117.030613380230761, 57.834001536616732 ], [ -117.032157241975639, 57.833375441428743 ], [ -117.032638368000676, 57.833129986051283 ], [ -117.033720303457457, 57.832749332399395 ], [ -117.034422028704412, 57.832586057835272 ], [ -117.035253441017062, 57.832425480689786 ], [ -117.036311136673078, 57.832093453349302 ], [ -117.03706276109753, 57.83185226292877 ], [ -117.037437117813226, 57.831732142841602 ], [ -117.037513073152311, 57.831707769070356 ], [ -117.037739912878791, 57.831613944072771 ], [ -117.037945223816536, 57.831545996732089 ], [ -117.038489305434368, 57.831365947000826 ], [ -117.040606342473453, 57.830803698616812 ], [ -117.040928086534606, 57.830736615790968 ], [ -117.041812208285705, 57.830490058778871 ], [ -117.043384144589936, 57.830128387562574 ], [ -117.044296246567015, 57.829896359247087 ], [ -117.045581866572888, 57.829640274026865 ], [ -117.046446207428417, 57.829399903868001 ], [ -117.047467794555232, 57.829218062157764 ], [ -117.047798208554767, 57.829144896551298 ], [ -117.048165688349272, 57.829040058894421 ], [ -117.048721755487492, 57.828903532378128 ], [ -117.049726283820007, 57.82872243934905 ], [ -117.050364320207919, 57.828599609596417 ], [ -117.051046580548842, 57.828459341422054 ], [ -117.051454229002204, 57.828397021106547 ], [ -117.052813790582462, 57.828189161911723 ], [ -117.055403907129048, 57.827879810488909 ], [ -117.056977483589705, 57.827751751688275 ], [ -117.058092849938063, 57.827610000619082 ], [ -117.059290339771437, 57.827530637781514 ], [ -117.061402453594653, 57.827466355259325 ], [ -117.06355561195015, 57.82744951705633 ], [ -117.064315081419025, 57.827374378236435 ], [ -117.064744792576192, 57.827365986172509 ], [ -117.064794101888992, 57.827370121807036 ], [ -117.065302149914572, 57.827412736486757 ], [ -117.065839939835826, 57.82745784804726 ], [ -117.067579122863805, 57.827443692504417 ], [ -117.068401022045222, 57.82747097357003 ], [ -117.071037235058867, 57.827681227535123 ], [ -117.07186642598667, 57.827695991019532 ], [ -117.071979200517646, 57.827679552771443 ], [ -117.073689041750683, 57.827692068617004 ], [ -117.073983959378722, 57.827667275873353 ], [ -117.074556155186656, 57.827578942749426 ], [ -117.074869466582598, 57.827574931272864 ], [ -117.075411920059324, 57.827622461739637 ], [ -117.075994485000166, 57.827631909246222 ], [ -117.078219456986375, 57.827537343049499 ], [ -117.078811163418607, 57.827546725817811 ], [ -117.080116454094423, 57.827567401777543 ], [ -117.081601873413717, 57.82753089661658 ], [ -117.082423381344668, 57.827471157971345 ], [ -117.082958751807752, 57.827456888841034 ], [ -117.084304233732993, 57.827308196386042 ], [ -117.08460491308972, 57.827260313971273 ], [ -117.086559327406064, 57.827182997029553 ], [ -117.087424781987878, 57.827108309601876 ], [ -117.088834807269848, 57.827029707565572 ], [ -117.089864720762606, 57.826938955297088 ], [ -117.091659431734456, 57.826877670552932 ], [ -117.092151090753774, 57.826848104109203 ], [ -117.092659126615487, 57.826817538405464 ], [ -117.093842445989992, 57.826746367647374 ], [ -117.09628403190581, 57.826417542977971 ], [ -117.097071247260018, 57.826370157885748 ], [ -117.097299466749675, 57.826326545860169 ], [ -117.097791082777235, 57.826203747512082 ], [ -117.098038335533147, 57.826165502778053 ], [ -117.098352581400192, 57.826138317042918 ], [ -117.099172029675344, 57.826127280651022 ], [ -117.100746655297655, 57.826027330229074 ], [ -117.102961922728937, 57.82581142130153 ], [ -117.10327219574701, 57.825763609321449 ], [ -117.103748597522795, 57.825658610581868 ], [ -117.104322354888694, 57.825647257803652 ], [ -117.105472577791886, 57.825557764314965 ], [ -117.106028632656916, 57.82550764975371 ], [ -117.106168104225588, 57.825487018075293 ], [ -117.107366308792663, 57.82530978985772 ], [ -117.10820298296774, 57.825229489236925 ], [ -117.109263485009805, 57.825095227958542 ], [ -117.109787364670666, 57.825006171323572 ], [ -117.110560483709762, 57.824830032044645 ], [ -117.110823730152291, 57.824753388266501 ], [ -117.111116597005434, 57.824659091842705 ], [ -117.111443559371025, 57.824612750810068 ], [ -117.112424783098163, 57.824473690027489 ], [ -117.112958184647439, 57.824387298309119 ], [ -117.113767272783818, 57.82415501691262 ], [ -117.114903032819782, 57.823944465963351 ], [ -117.115461634783387, 57.823830080025729 ], [ -117.116523452360767, 57.82354156124093 ], [ -117.118205131022791, 57.823051960551844 ], [ -117.119507861371687, 57.822604822956166 ], [ -117.120015857246841, 57.822430469969362 ], [ -117.120618150149269, 57.822223730063619 ], [ -117.121802143643464, 57.821769495650877 ], [ -117.122786425585403, 57.821369531620157 ], [ -117.12322822094464, 57.821163823773645 ], [ -117.123960219056258, 57.820928019448225 ], [ -117.124362453662698, 57.820747556420145 ], [ -117.124789777442345, 57.820541674558491 ], [ -117.125734957324639, 57.820154083721249 ], [ -117.126678091392662, 57.819697061639737 ], [ -117.127593753382484, 57.819203736158116 ], [ -117.12784424540726, 57.8190832207436 ], [ -117.128061634810152, 57.818946911838665 ], [ -117.128424694601946, 57.818660610496885 ], [ -117.129859979445797, 57.817818499527462 ], [ -117.130187587969516, 57.817575494734335 ], [ -117.130302157207026, 57.817483533502873 ], [ -117.130351783594733, 57.817443708331226 ], [ -117.130519468366302, 57.817345386003709 ], [ -117.130771862274386, 57.817296845521312 ], [ -117.130943547377683, 57.817213051962469 ], [ -117.130988005602973, 57.817191362443296 ], [ -117.131652907524696, 57.816702868463551 ], [ -117.131860527811952, 57.816569010792229 ], [ -117.13220010458754, 57.816267012150512 ], [ -117.132495913070031, 57.815974794621297 ], [ -117.133237678201908, 57.815489738990003 ], [ -117.13342360204723, 57.815377636410503 ], [ -117.133522660279255, 57.815314178771864 ], [ -117.133973811421868, 57.815025174061567 ], [ -117.134685925730764, 57.814316164963678 ], [ -117.135107077099534, 57.813899437684526 ], [ -117.135464312326064, 57.813636180615219 ], [ -117.135697190766138, 57.813350956162836 ], [ -117.135916340925107, 57.813047589757907 ], [ -117.136616727695866, 57.812389844093921 ], [ -117.136737767208331, 57.812252419216229 ], [ -117.137069988662091, 57.812012020596264 ], [ -117.137516565437977, 57.811559570455394 ], [ -117.137799871536927, 57.811095004926372 ], [ -117.137992923804589, 57.810963534004848 ], [ -117.138323850101017, 57.810512361774805 ], [ -117.138647825757801, 57.809994647143533 ], [ -117.138745492101336, 57.809838596230854 ], [ -117.139153579505034, 57.809141547100914 ], [ -117.139402305067932, 57.808455555452746 ], [ -117.139934930752233, 57.807410358270651 ], [ -117.140158931983336, 57.807104475644131 ], [ -117.140520206358161, 57.806400103633813 ], [ -117.140835971698621, 57.805937537675028 ], [ -117.141236910083634, 57.805176146562431 ], [ -117.141392789762136, 57.804887482541574 ], [ -117.141656690030416, 57.804181084629981 ], [ -117.141713573188269, 57.804067969112424 ], [ -117.141906214029291, 57.803716125216638 ], [ -117.14203342836295, 57.803421984111324 ], [ -117.142143785521966, 57.802945165885973 ], [ -117.142151850741229, 57.802771791756136 ], [ -117.142208661256063, 57.801550283684335 ], [ -117.142112141640297, 57.800826968685513 ], [ -117.142051369468817, 57.799687692966266 ], [ -117.142018642451717, 57.799420009781464 ], [ -117.142023953160304, 57.798921455343262 ], [ -117.142104355683486, 57.798228405235598 ], [ -117.141985214293157, 57.797954624398322 ], [ -117.141987338039641, 57.797779876403538 ], [ -117.141875423388669, 57.796837916346419 ], [ -117.141814765343938, 57.796667600638379 ], [ -117.141335978291238, 57.796238102829449 ], [ -117.141119217514657, 57.795999200142482 ], [ -117.141019674847882, 57.795838722695045 ], [ -117.140935379522872, 57.795545903276455 ], [ -117.140703283018524, 57.794956142121428 ], [ -117.140395683952974, 57.794459174056087 ], [ -117.140027553586535, 57.793953716263232 ], [ -117.139832935167135, 57.793720316312758 ], [ -117.139153230536394, 57.79301865719696 ], [ -117.138756823553393, 57.792698044357707 ], [ -117.137762938148214, 57.792031390330351 ], [ -117.137326549453036, 57.791748860826992 ], [ -117.135325789175624, 57.790865160467902 ], [ -117.133505938306484, 57.79014517583542 ], [ -117.133018297937795, 57.789952239257744 ], [ -117.132281960373703, 57.789709973373839 ], [ -117.13112991207052, 57.789272790564908 ], [ -117.130426891126078, 57.789041175413395 ], [ -117.130242664208112, 57.788954265785776 ], [ -117.13012240595225, 57.788832091871193 ], [ -117.13006540638537, 57.788692659189486 ], [ -117.130047510085149, 57.788538233465957 ], [ -117.130052787737213, 57.788405827850546 ], [ -117.130063620270846, 57.788134782840423 ], [ -117.130078080565681, 57.787772660811989 ], [ -117.130024358274582, 57.787346061306103 ], [ -117.130010674785211, 57.787291261124004 ], [ -117.129807766578509, 57.786828875019609 ], [ -117.129581656333173, 57.786224869046031 ], [ -117.129444224928193, 57.785930307230764 ], [ -117.129329824902641, 57.785782507451472 ], [ -117.129022553479459, 57.785282940021794 ], [ -117.128889954130244, 57.78510923025253 ], [ -117.128727966724682, 57.784948023601196 ], [ -117.127672558251916, 57.784144363490384 ], [ -117.127045189760096, 57.783828781647344 ], [ -117.126387045781158, 57.783440871172026 ], [ -117.125915417894987, 57.783201592907176 ], [ -117.124856402445516, 57.78261119144284 ], [ -117.12437887205293, 57.782400119373854 ], [ -117.123126377911404, 57.781835762385008 ], [ -117.122213097415411, 57.781452612334796 ], [ -117.12147024303664, 57.781259055681012 ], [ -117.120576086601417, 57.780999485495769 ], [ -117.12015856816322, 57.780905775535381 ], [ -117.120129710307268, 57.780899297487942 ], [ -117.119984772789451, 57.780872638341698 ], [ -117.119987215591351, 57.77367424508622 ], [ -117.119992604515929, 57.766450761216532 ], [ -117.119999006736833, 57.759228212291603 ], [ -117.119999167810306, 57.759047593021968 ], [ -117.119984276826301, 57.752546162995245 ], [ -117.120031393381367, 57.752535611057866 ], [ -117.120376537519107, 57.752441908694919 ], [ -117.122128741165128, 57.751808024240326 ], [ -117.122401136539736, 57.751709476522471 ], [ -117.123900828703896, 57.75111751345387 ], [ -117.12473482760268, 57.750700400540701 ], [ -117.125326489918677, 57.750404615664017 ], [ -117.126157661601496, 57.750070746607136 ], [ -117.126252153648707, 57.750000141234295 ], [ -117.126322618220442, 57.749947483137618 ], [ -117.126855833635361, 57.749717123154163 ], [ -117.127617380893241, 57.74930686783577 ], [ -117.129161280553916, 57.748566279014767 ], [ -117.129694347518708, 57.748338468194952 ], [ -117.130464518862198, 57.747951431361415 ], [ -117.131261672893203, 57.747610969796476 ], [ -117.132218716801518, 57.747118101751489 ], [ -117.132468454093413, 57.747002708690978 ], [ -117.132926984909048, 57.746714922930586 ], [ -117.133452427226686, 57.746332105515584 ], [ -117.133555698883185, 57.746256867445084 ], [ -117.134024205174455, 57.745958914049488 ], [ -117.134441298982765, 57.745624380116482 ], [ -117.135011798308554, 57.745057704224315 ], [ -117.135597776120903, 57.744596758273907 ], [ -117.135746159268763, 57.74448002994864 ], [ -117.136515112792296, 57.743635451557871 ], [ -117.137578654102782, 57.742755642614519 ], [ -117.138125671336709, 57.74229406429432 ], [ -117.139334415350874, 57.74114344858976 ], [ -117.139543403927888, 57.740842533471209 ], [ -117.13973725037107, 57.740559437701364 ], [ -117.140113729381753, 57.740155032685067 ], [ -117.14046930055548, 57.739549911385893 ], [ -117.140875071664169, 57.739012190731664 ], [ -117.141286088456511, 57.738220076692414 ], [ -117.14155736920155, 57.737436645743216 ], [ -117.141569775048396, 57.737388245676961 ], [ -117.141813074256063, 57.736439724876149 ], [ -117.141953793139052, 57.736040364653469 ], [ -117.142172977405394, 57.734994185530006 ], [ -117.142268945044137, 57.734632869644265 ], [ -117.142265726594658, 57.734470908726898 ], [ -117.142134035648994, 57.734155850752131 ], [ -117.142103489355549, 57.733834225239136 ], [ -117.142159980564955, 57.732891581739864 ], [ -117.142052679187131, 57.731903866254434 ], [ -117.142040907345176, 57.731289931644021 ], [ -117.142003360134836, 57.730612061139702 ], [ -117.142081599491306, 57.730167410269871 ], [ -117.142113392272307, 57.729986767207436 ], [ -117.146859246053978, 57.729988085598634 ], [ -117.147365707571339, 57.729988215514844 ], [ -117.1608759529487, 57.729991645426729 ], [ -117.174215322273994, 57.729995707830184 ], [ -117.17472178182571, 57.729995831258769 ], [ -117.188231588873407, 57.730001263138114 ], [ -117.201571776977687, 57.73000070109061 ], [ -117.2020782300294, 57.730000649549069 ], [ -117.215588483497811, 57.729999648872791 ], [ -117.228926438247427, 57.729997248549466 ], [ -117.229432890876097, 57.729997126207088 ], [ -117.242940665901017, 57.729993228741215 ], [ -117.25627724283305, 57.729987883100279 ], [ -117.256783701614083, 57.729987650900654 ], [ -117.270292844493397, 57.729980210279379 ], [ -117.283634033748584, 57.729972395586834 ], [ -117.284140492284337, 57.729972073688693 ], [ -117.297650513068206, 57.729980123727501 ], [ -117.310990288776679, 57.729986644427342 ], [ -117.311496741072418, 57.729986871175434 ], [ -117.325003916793989, 57.729991978659612 ], [ -117.338341810967364, 57.729995593326279 ], [ -117.33884826388072, 57.729995703770598 ], [ -117.352356085468941, 57.729997756440618 ], [ -117.365694286650694, 57.729998376986806 ], [ -117.366200740167017, 57.729998377957919 ], [ -117.379709367939995, 57.729997495039477 ], [ -117.393048259115247, 57.729995237504816 ], [ -117.393554713036139, 57.729995128995782 ], [ -117.407060314909018, 57.729991355747366 ], [ -117.420396983150553, 57.72998625747789 ], [ -117.420903428167733, 57.729986038392013 ], [ -117.434412180490384, 57.729979538605072 ], [ -117.447750313220695, 57.729971690809784 ], [ -117.448256758736179, 57.729971369428625 ], [ -117.461768969577577, 57.729979456887584 ], [ -117.47510290870045, 57.72998602889669 ], [ -117.475609355244174, 57.729986247974139 ], [ -117.489121107604817, 57.729991426474825 ], [ -117.502460720979784, 57.729995134702534 ], [ -117.502967167594051, 57.729995250799767 ], [ -117.516475789752008, 57.72999757707732 ], [ -117.529814677493945, 57.729998444177248 ], [ -117.530321122846871, 57.72999845081803 ], [ -117.530321161876074, 57.730179070735339 ], [ -117.530322694767534, 57.737403881647325 ], [ -117.530325719130389, 57.744628634497261 ], [ -117.530328750163434, 57.751852314763823 ], [ -117.530331009967782, 57.75907879826925 ], [ -117.543838483571889, 57.759076034195552 ], [ -117.557345763505381, 57.759071838148827 ], [ -117.557683673814239, 57.759071716059559 ], [ -117.571195684037349, 57.759067803976954 ], [ -117.584701278273727, 57.759060517474367 ], [ -117.585039189198852, 57.759060317664201 ], [ -117.598545521173008, 57.759053165662898 ], [ -117.612059261897144, 57.759050161643934 ], [ -117.61239717147302, 57.7590500659322 ], [ -117.612397197188457, 57.759230684875483 ], [ -117.612398218628741, 57.766456999151572 ], [ -117.612398162492511, 57.773677848760343 ], [ -117.612397518634424, 57.780901117727652 ], [ -117.612396914426611, 57.788129411893408 ], [ -117.612396791249736, 57.788310031446301 ], [ -117.612391839395684, 57.795536958395232 ], [ -117.612386886213002, 57.802763872470514 ], [ -117.612377823477743, 57.809988489481647 ], [ -117.612368773702173, 57.817213081622349 ], [ -117.612368935375159, 57.817393694640586 ], [ -117.612375414644376, 57.824618699016462 ], [ -117.612381913933447, 57.831843690142911 ], [ -117.612388458367718, 57.839068690958626 ], [ -117.612389660596648, 57.846295292805713 ], [ -117.61238975788477, 57.846475911972732 ], [ -117.612393682160004, 57.853699333323569 ], [ -117.612400265878961, 57.860924334920668 ], [ -117.625908010330818, 57.860932024025018 ], [ -117.639415180409017, 57.860935416605329 ], [ -117.639754045312529, 57.860935487263227 ], [ -117.653259971121486, 57.860939338654013 ], [ -117.666765090129473, 57.860939679171778 ], [ -117.667103961115387, 57.860939673059555 ], [ -117.68060957653411, 57.860939570486806 ], [ -117.694113824192769, 57.860937319410198 ], [ -117.69445268859846, 57.860937249335528 ], [ -117.707960155447509, 57.860933359850655 ], [ -117.721464042163035, 57.860930709022533 ], [ -117.721802907049167, 57.860930625175364 ], [ -117.735313386016358, 57.860924451903756 ], [ -117.748820014254733, 57.86091822684098 ], [ -117.74915887881032, 57.860918052803115 ], [ -117.762665892685575, 57.86090904107494 ], [ -117.762660983358202, 57.853694930643265 ], [ -117.776187048563926, 57.853694578032155 ], [ -117.77652584263852, 57.85369455250833 ], [ -117.776525848626676, 57.846472119283732 ], [ -117.776525849725331, 57.846291506431129 ], [ -117.790030397139674, 57.846298573272215 ], [ -117.803530197401145, 57.846306388492934 ], [ -117.803868927467434, 57.846306562803527 ], [ -117.817372688908392, 57.846313010378168 ], [ -117.830876430553218, 57.846318063803707 ], [ -117.831215160403502, 57.846318166837733 ], [ -117.844722567025187, 57.846319829145763 ], [ -117.85822867185891, 57.846321117342555 ], [ -117.858567399868747, 57.84632113028848 ], [ -117.872072782598423, 57.846320941508054 ], [ -117.885578196828462, 57.846319312877235 ], [ -117.885916926086921, 57.846319255396878 ], [ -117.89942344294316, 57.846313691559232 ], [ -117.912931012186291, 57.846308818300741 ], [ -117.913269734718256, 57.846308677077815 ], [ -117.926777729244321, 57.846303224214182 ], [ -117.940285196369331, 57.846295977131149 ], [ -117.940623918983661, 57.846295778098593 ], [ -117.954134285242574, 57.846215441296486 ], [ -117.967467838856791, 57.846132336169667 ], [ -117.967975915014492, 57.846129143002322 ], [ -117.981482338417607, 57.846043322502005 ], [ -117.994818072995244, 57.845956998912094 ], [ -117.995326149694108, 57.845953683420269 ], [ -117.999999424294856, 57.845923138598053 ], [ -118.000260521258809, 57.845921429161052 ], [ -118.000768592133639, 57.845918101011179 ], [ -118.000768720525016, 57.846189016922096 ], [ -118.000771968082816, 57.853322265376825 ], [ -118.00076997805057, 57.860547307111474 ], [ -118.000767702648801, 57.867772871048153 ], [ -118.000763466366536, 57.874997544735855 ], [ -118.000763453546057, 57.875178151071914 ], [ -118.000762844185928, 57.882400424750188 ], [ -118.000760252283882, 57.889624608550093 ], [ -118.000756720127811, 57.896849263496811 ], [ -118.000756166993924, 57.904073253054861 ], [ -118.000756166855183, 57.904253872870356 ], [ -118.00075632447512, 57.91147728829629 ], [ -118.000756616790667, 57.91870071765851 ], [ -118.000757056258195, 57.925924123027265 ], [ -118.000757559217092, 57.933147547854553 ], [ -118.00075758352115, 57.933328160251754 ], [ -118.000758706366497, 57.94055276548405 ], [ -118.000759854936391, 57.947777319141792 ], [ -118.000760789907787, 57.955003672753755 ], [ -118.000761660383958, 57.962227601470367 ], [ -118.000761686216066, 57.962408214125716 ], [ -118.000762899087803, 57.969632587143096 ], [ -118.000760498815055, 57.976855772620169 ], [ -118.000761421882146, 57.984078946440533 ], [ -118.000762363482849, 57.991301660667744 ], [ -118.00076245349409, 57.991482273900694 ], [ -118.000766130218949, 57.998706318225743 ], [ -118.000766823828712, 58.000001209288179 ], [ -118.000769993033344, 58.005931262303633 ], [ -118.000770249889541, 58.013153323293963 ], [ -118.000772127109272, 58.020376957536648 ], [ -118.000772114223039, 58.020647860526708 ], [ -118.000771694230366, 58.027780946415994 ], [ -118.000768621962777, 58.035003671070015 ], [ -118.00076757685612, 58.042224312617982 ], [ -118.000766841391183, 58.049446843354403 ], [ -118.000766821005342, 58.049717752806906 ], [ -118.000766144038764, 58.056849897492214 ], [ -118.000763813941219, 58.064072770142992 ], [ -118.000762161351901, 58.071296520804403 ], [ -118.000761850986564, 58.078519561291081 ], [ -118.000420928634739, 58.078526832323931 ] ] ] ] } },
{ "type": "Feature", "properties": { "OBJECTID": 2, "Shape__Area": 859342865.80506432, "Shape__Length": 154571.94171725982, "METIS_NAME": "Gift Lake", "METIS_CODE": "0410", "GlobalID": "{EA611CD0-5D0B-43B7-9927-A1266C306B38}" }, "geometry": { "type": "MultiPolygon", "coordinates": [ [ [ [ -116.036510327887356, 56.072483086493683 ], [ -116.023618020968698, 56.072490129508537 ], [ -116.010725670017706, 56.07249584427408 ], [ -116.010241187451456, 56.072496031568356 ], [ -115.999996337284585, 56.072499479070224 ], [ -115.997510240670678, 56.072500313629391 ], [ -115.984617641769674, 56.072503399867799 ], [ -115.984133151634822, 56.072503490946666 ], [ -115.971401990042324, 56.072505164466527 ], [ -115.958509320232025, 56.072505509032162 ], [ -115.958024836890203, 56.072505496683945 ], [ -115.945293599328124, 56.07250447350841 ], [ -115.932400891108671, 56.072502102218628 ], [ -115.931916406675455, 56.072501985607865 ], [ -115.919185555973627, 56.072498279363451 ], [ -115.906293858901861, 56.072492931613859 ], [ -115.905809376513417, 56.072492351716043 ], [ -115.893079217347108, 56.072476389840524 ], [ -115.880187510557136, 56.072458898996935 ], [ -115.879703021446218, 56.072459201860283 ], [ -115.866972305888581, 56.072466401660989 ], [ -115.854080031247165, 56.07247234925731 ], [ -115.853595548771693, 56.072472548705768 ], [ -115.840864743842275, 56.072477070943641 ], [ -115.827972414214258, 56.072480248494593 ], [ -115.827487939993915, 56.072480338584867 ], [ -115.814757164428187, 56.072482048871372 ], [ -115.801864844154778, 56.072482437719664 ], [ -115.801380370492168, 56.072482424439492 ], [ -115.788649537000268, 56.07248145149125 ], [ -115.775757171667522, 56.072479110276937 ], [ -115.775272697143706, 56.072478994535196 ], [ -115.762541798383182, 56.07247531232769 ], [ -115.749649425496145, 56.07247023539086 ], [ -115.749164947959997, 56.072469809505868 ], [ -115.736434568530612, 56.072457926379244 ], [ -115.7235426352768, 56.072444538610284 ], [ -115.72354297787264, 56.065218460636665 ], [ -115.723543344826339, 56.057992381329342 ], [ -115.723543745325046, 56.050766277262916 ], [ -115.723544177136077, 56.043630507675132 ], [ -115.723544192045296, 56.043359527883993 ], [ -115.723544655858106, 56.036133417254881 ], [ -115.723545113359705, 56.028907299176161 ], [ -115.723545643123018, 56.021681169590572 ], [ -115.723546158249832, 56.014545354497287 ], [ -115.723546179699838, 56.014274374300847 ], [ -115.723546746739004, 56.007048224814703 ], [ -115.723547326895869, 56.000000036010292 ], [ -115.723547340151072, 55.999822088140064 ], [ -115.723547725223952, 55.992596020168342 ], [ -115.72354812857445, 55.985369970665452 ], [ -115.723548136724787, 55.985189313174381 ], [ -115.723549940418692, 55.977960096263686 ], [ -115.723551755887854, 55.970730834927373 ], [ -115.723553624847042, 55.963501617909237 ], [ -115.723555499015021, 55.956272349311043 ], [ -115.723555545147391, 55.956091691650848 ], [ -115.723557568595155, 55.948865359218054 ], [ -115.723559629019704, 55.941639909867959 ], [ -115.723237723614972, 55.941640155772888 ], [ -115.710329383985496, 55.941649232259536 ], [ -115.69742099426756, 55.941656980970492 ], [ -115.697099086822135, 55.941657270958515 ], [ -115.684202529715307, 55.941668077618729 ], [ -115.671305945413465, 55.941677535471456 ], [ -115.671303819355998, 55.934449447682944 ], [ -115.671303086892848, 55.927220727245263 ], [ -115.671303069370566, 55.927040069841979 ], [ -115.671288957260046, 55.921189204660806 ], [ -115.671828441740502, 55.921157554691767 ], [ -115.674043348149937, 55.92087074761411 ], [ -115.676195630672282, 55.920666572721991 ], [ -115.677325072837775, 55.920539784917743 ], [ -115.67846689823935, 55.920337391182954 ], [ -115.679517291887748, 55.920124996728632 ], [ -115.680775334689585, 55.920050996526307 ], [ -115.681753842371293, 55.920112763886436 ], [ -115.682906445620006, 55.920132608584169 ], [ -115.684058126833719, 55.920295323379413 ], [ -115.684180415564327, 55.920327568699058 ], [ -115.685083117494685, 55.920565607377029 ], [ -115.686232178029044, 55.920809180563566 ], [ -115.688687040208549, 55.921231598377702 ], [ -115.689974675960613, 55.921184217425875 ], [ -115.691284916896308, 55.921174358720762 ], [ -115.692350818025716, 55.921182732766546 ], [ -115.693401979686584, 55.921002557523749 ], [ -115.69445225527069, 55.920877602473929 ], [ -115.695613421336432, 55.920858208026836 ], [ -115.696746689132368, 55.920958969458489 ], [ -115.697076635325104, 55.920959453268253 ], [ -115.697398561167901, 55.920959916884094 ], [ -115.697685185288293, 55.920960329725951 ], [ -115.69892912475369, 55.920983284356574 ], [ -115.700032664601125, 55.920875367559013 ], [ -115.700974669390718, 55.92091708973863 ], [ -115.701722945376318, 55.921244837911409 ], [ -115.702220377849926, 55.921701443941885 ], [ -115.702699787900102, 55.922376572135924 ], [ -115.703278238287012, 55.922899881255645 ], [ -115.703981377009157, 55.923329138857007 ], [ -115.704871199988389, 55.923739177553088 ], [ -115.705686642062489, 55.924062324982927 ], [ -115.706112725576304, 55.924454841275427 ], [ -115.705742924943422, 55.924970163883231 ], [ -115.705315041319068, 55.925385001978256 ], [ -115.705078492060011, 55.925858769599039 ], [ -115.705058512829225, 55.926527369499418 ], [ -115.704889400180434, 55.927034975874328 ], [ -115.704856760894501, 55.927132911504806 ], [ -115.704822450520595, 55.927215788597202 ], [ -115.704613706751189, 55.927719950198231 ], [ -115.704170713154539, 55.928196879428071 ], [ -115.703695560873825, 55.928463762926434 ], [ -115.703181060310527, 55.928697350485308 ], [ -115.702494401688099, 55.928521344620393 ], [ -115.701638860223525, 55.928487002800594 ], [ -115.700784854689388, 55.928424287248397 ], [ -115.70023808540158, 55.928532777726254 ], [ -115.699862594492359, 55.928933590463686 ], [ -115.699821856846754, 55.929373339117426 ], [ -115.700114780210725, 55.929637641620666 ], [ -115.700483342138128, 55.930032034744301 ], [ -115.70103899328933, 55.930420769828437 ], [ -115.701289156342924, 55.930700299145251 ], [ -115.701007693288545, 55.931028886322252 ], [ -115.700368346179829, 55.931438718931517 ], [ -115.700127402718749, 55.931845143940492 ], [ -115.700336542183436, 55.93211692433951 ], [ -115.700580311779305, 55.9323385310392 ], [ -115.700630844857301, 55.932604943932958 ], [ -115.700895635024011, 55.9328924205698 ], [ -115.70076624587675, 55.933252040602717 ], [ -115.701353063646522, 55.933636465641314 ], [ -115.702021759419466, 55.933943348854385 ], [ -115.702350363404022, 55.933843497070178 ], [ -115.702046897129236, 55.933634523670761 ], [ -115.701849365046044, 55.933349123914525 ], [ -115.7019688578889, 55.932892562725257 ], [ -115.70245650817057, 55.932552814012247 ], [ -115.703270470041943, 55.932468929501894 ], [ -115.703789404889832, 55.932742026497586 ], [ -115.704004864354161, 55.933241535855821 ], [ -115.704561194614371, 55.933390361167149 ], [ -115.70497651236991, 55.933389476533605 ], [ -115.705009345134343, 55.933273263669307 ], [ -115.705180356729059, 55.933382276555669 ], [ -115.706099256649026, 55.933618257156667 ], [ -115.706364178202847, 55.933473095140016 ], [ -115.706475861994932, 55.933431721586267 ], [ -115.706637087991183, 55.933183657289504 ], [ -115.706004178499171, 55.932955980222793 ], [ -115.706672201174129, 55.932629437301912 ], [ -115.706777473663522, 55.932354940984041 ], [ -115.706187198892167, 55.932629612521872 ], [ -115.705794594902869, 55.932757012013731 ], [ -115.706045511072503, 55.932540547408138 ], [ -115.706280782216339, 55.932192108978761 ], [ -115.707089169269338, 55.932080005126409 ], [ -115.707371791038369, 55.932316069646468 ], [ -115.707214725689838, 55.93271365656738 ], [ -115.707285240641482, 55.933527101412423 ], [ -115.707589550797479, 55.933157875542108 ], [ -115.708065015177695, 55.932727863099728 ], [ -115.708688787113317, 55.932362566078069 ], [ -115.709467994988117, 55.932149598174924 ], [ -115.710278132095624, 55.931841965620137 ], [ -115.710317583701254, 55.931831197777733 ], [ -115.711262274625483, 55.931573280622494 ], [ -115.712153360444233, 55.931242022729805 ], [ -115.712800223091207, 55.930845526170692 ], [ -115.713324210074731, 55.930349022483902 ], [ -115.713631649355307, 55.929836887262617 ], [ -115.713797065986839, 55.929311190167091 ], [ -115.713851597666562, 55.928853829011594 ], [ -115.713449333631388, 55.92845975241552 ], [ -115.712636825529017, 55.928162249423913 ], [ -115.712063658368649, 55.928009565942709 ], [ -115.71204085255853, 55.927836262303856 ], [ -115.712035596662957, 55.927690404606139 ], [ -115.71254364506845, 55.927486527266446 ], [ -115.712870863018296, 55.927425675011975 ], [ -115.713425555420201, 55.927259120157245 ], [ -115.713452639918714, 55.927209216906739 ], [ -115.713550775940732, 55.927028378730803 ], [ -115.71374524820402, 55.926670062712908 ], [ -115.713492222620474, 55.926030727452229 ], [ -115.713119622699807, 55.92566603699845 ], [ -115.713195567269068, 55.925289340604081 ], [ -115.713821250333396, 55.924827036840625 ], [ -115.714440970418678, 55.924496772813796 ], [ -115.71490162045815, 55.924143688301363 ], [ -115.715005384301236, 55.923817940118866 ], [ -115.715179928841735, 55.924052314027904 ], [ -115.715385605546516, 55.924024869401208 ], [ -115.715715101832771, 55.923703894918624 ], [ -115.715303596527463, 55.923665727235779 ], [ -115.715225424260197, 55.923444056196239 ], [ -115.715442662718132, 55.923142914697948 ], [ -115.715864098637809, 55.923191817176452 ], [ -115.716010563266536, 55.923022088530175 ], [ -115.716868788774391, 55.922982165081464 ], [ -115.717230539481406, 55.923214874819116 ], [ -115.718077009207107, 55.923357022509606 ], [ -115.718655060003584, 55.923684855085057 ], [ -115.719280090945901, 55.923975886894262 ], [ -115.720253302503053, 55.924013137601136 ], [ -115.721239277070836, 55.923821149717163 ], [ -115.722154749908839, 55.923511201213401 ], [ -115.723083505353529, 55.923246936739496 ], [ -115.723217511860653, 55.923216072215354 ], [ -115.723539362259658, 55.923141962480763 ], [ -115.724020758001004, 55.923031097891901 ], [ -115.724839946250839, 55.922968593781803 ], [ -115.725233621135544, 55.922985380747207 ], [ -115.725599340084941, 55.923000967516849 ], [ -115.726138474067113, 55.922795374444718 ], [ -115.726689768642558, 55.922511522521674 ], [ -115.727127550225745, 55.922033238189066 ], [ -115.727653535455573, 55.920935534909546 ], [ -115.727865642303485, 55.920371664100855 ], [ -115.727889485824889, 55.919796748911168 ], [ -115.727359874787339, 55.919372052312283 ], [ -115.726557882469606, 55.91910284634173 ], [ -115.725588383175918, 55.918851298297177 ], [ -115.725216153290006, 55.91874162152407 ], [ -115.724646940654296, 55.918573898930617 ], [ -115.72371379439241, 55.918334189941319 ], [ -115.723531719238949, 55.918300951594944 ], [ -115.723209714958458, 55.918242157567725 ], [ -115.722840505766754, 55.918174757781337 ], [ -115.72199673297861, 55.917955790780603 ], [ -115.721133336417253, 55.917634539197003 ], [ -115.720213326434987, 55.917262591514167 ], [ -115.719252066093276, 55.916958340646012 ], [ -115.71822770141705, 55.916716689599362 ], [ -115.71732096525264, 55.916732735210246 ], [ -115.716361481573571, 55.916836851458378 ], [ -115.715715054604686, 55.916806142327275 ], [ -115.715715335116627, 55.916556774515222 ], [ -115.715472879245496, 55.916469968550778 ], [ -115.71559828255107, 55.916060510026242 ], [ -115.716223612088825, 55.915592729414662 ], [ -115.716656194644543, 55.915181883963371 ], [ -115.7174193943425, 55.913722264512003 ], [ -115.718119910450795, 55.912597463706767 ], [ -115.718142543248419, 55.912571509234581 ], [ -115.718575675672398, 55.912074592526459 ], [ -115.719084766205214, 55.911657662835097 ], [ -115.719441120474841, 55.911014353350936 ], [ -115.71970380235669, 55.910367798633573 ], [ -115.719902376038434, 55.909746075118363 ], [ -115.720211295903027, 55.90929453352868 ], [ -115.720460654706997, 55.908858352883101 ], [ -115.721024523459391, 55.908601339227673 ], [ -115.721795255786674, 55.908447648506026 ], [ -115.722610409383662, 55.907995673834684 ], [ -115.723193080832687, 55.907636041588084 ], [ -115.723376938619381, 55.907522564038267 ], [ -115.72351463443151, 55.907462312179504 ], [ -115.725033780623974, 55.906797634398664 ], [ -115.725175412820462, 55.906707356879657 ], [ -115.725722050836694, 55.906358930702943 ], [ -115.726113274277708, 55.905766459794293 ], [ -115.726214698126498, 55.905343827040838 ], [ -115.72625718360743, 55.905166781859045 ], [ -115.72666380050461, 55.904610588430643 ], [ -115.727052698929228, 55.904192020138211 ], [ -115.727630143550229, 55.903994148914052 ], [ -115.728336540910846, 55.903776303856247 ], [ -115.72952912760428, 55.903102573532813 ], [ -115.729928691308061, 55.902553147930526 ], [ -115.730194103531062, 55.9020116959679 ], [ -115.730258819731844, 55.90141405718186 ], [ -115.730114415281591, 55.900803437836984 ], [ -115.729757864444878, 55.900069367375551 ], [ -115.729085771976031, 55.899033496798893 ], [ -115.728565740142002, 55.898286071226323 ], [ -115.72842114322475, 55.898119006611722 ], [ -115.72826457149614, 55.897938122908243 ], [ -115.727935933757507, 55.897558432622525 ], [ -115.726911224948552, 55.896435406988815 ], [ -115.726398028800361, 55.895927775322079 ], [ -115.72592292097633, 55.895494001304463 ], [ -115.725624404439841, 55.895115207726818 ], [ -115.725594577058501, 55.894735388579264 ], [ -115.725811546618274, 55.894434272152928 ], [ -115.726166341169971, 55.894169658452981 ], [ -115.726198337880376, 55.893858013810224 ], [ -115.726308928065407, 55.893525478138891 ], [ -115.726605225666475, 55.893230367902952 ], [ -115.726759862132099, 55.89291754892097 ], [ -115.72669573702494, 55.892535226635218 ], [ -115.726566232958945, 55.892222768539185 ], [ -115.726199226889818, 55.891814452482883 ], [ -115.726079897066995, 55.891375600194934 ], [ -115.725701981392845, 55.891023839048422 ], [ -115.72526114375944, 55.890710917489891 ], [ -115.725131319115192, 55.890618749699435 ], [ -115.724942405698243, 55.890472729810455 ], [ -115.724249679026329, 55.890145962198744 ], [ -115.723542204065822, 55.889880033818592 ], [ -115.723384353817522, 55.889820685810214 ], [ -115.72322094286362, 55.88980447236812 ], [ -115.722507689796956, 55.889733685656239 ], [ -115.722149575972352, 55.88973104763523 ], [ -115.721653604177149, 55.889817653728826 ], [ -115.72149033511333, 55.889827254373316 ], [ -115.721134208202145, 55.889897260471884 ], [ -115.720869796046784, 55.889931906233379 ], [ -115.720709700552419, 55.889937835042417 ], [ -115.719795791901916, 55.889887061376008 ], [ -115.719390077067388, 55.88991688757941 ], [ -115.71934294250336, 55.889882809841524 ], [ -115.718955551973508, 55.88983682338435 ], [ -115.718109604335567, 55.889815726414461 ], [ -115.717205313327554, 55.889827939521616 ], [ -115.716373615036943, 55.889914727546845 ], [ -115.715740282837828, 55.890023140382169 ], [ -115.715578986682715, 55.890065430748827 ], [ -115.714957484437136, 55.890317637323548 ], [ -115.714382175752462, 55.890577779634825 ], [ -115.714123588303892, 55.890714922241429 ], [ -115.713911124517949, 55.890827593192164 ], [ -115.713482228681684, 55.891017122483568 ], [ -115.713369021944956, 55.891039173962589 ], [ -115.713146461414283, 55.891121064550553 ], [ -115.711899815377691, 55.89141495563706 ], [ -115.710315174414447, 55.892065529953491 ], [ -115.709710820348178, 55.892313633219594 ], [ -115.709400260368113, 55.892383485481801 ], [ -115.709000204479437, 55.892540220901822 ], [ -115.708366271384676, 55.892719331306381 ], [ -115.707012398857302, 55.893080480236414 ], [ -115.706410721817676, 55.893440157700923 ], [ -115.706075009187515, 55.893878428521489 ], [ -115.704814414419687, 55.895307229651259 ], [ -115.704228181969455, 55.895708565001129 ], [ -115.703430074984539, 55.89599315961776 ], [ -115.70229566675161, 55.896172798911941 ], [ -115.701241300257053, 55.896212940820412 ], [ -115.700087594001857, 55.896127251305842 ], [ -115.697393585778102, 55.896203452434321 ], [ -115.69734324384207, 55.896204878242806 ], [ -115.697071716416332, 55.896224975151078 ], [ -115.696395314855323, 55.896275046069476 ], [ -115.695335396997862, 55.896460737457062 ], [ -115.6943128877258, 55.896613763184504 ], [ -115.69345929068318, 55.896890647829409 ], [ -115.693168793656412, 55.897016131255512 ], [ -115.691889822579498, 55.897568590504662 ], [ -115.691147855133437, 55.897947487111544 ], [ -115.691111436998511, 55.897966087369277 ], [ -115.690902745910464, 55.89812831950119 ], [ -115.690759087671609, 55.898240010248465 ], [ -115.690472104330681, 55.898625249475529 ], [ -115.690029117404364, 55.899536107337092 ], [ -115.689865636719958, 55.899966075760041 ], [ -115.68946715673421, 55.900309146155529 ], [ -115.688769203780296, 55.900666888626013 ], [ -115.688117371331913, 55.901045766612143 ], [ -115.687280825981432, 55.90133734784871 ], [ -115.686364082610538, 55.90150145796806 ], [ -115.685513945882278, 55.901557251456609 ], [ -115.684667751883524, 55.901580658817338 ], [ -115.684159801106702, 55.901580458973143 ], [ -115.683758494350613, 55.901580304044927 ], [ -115.68308584582546, 55.901723491284578 ], [ -115.682311811440215, 55.90184327216479 ], [ -115.68136945670966, 55.901860737357431 ], [ -115.680361070828496, 55.901831583172473 ], [ -115.677370310033439, 55.90132591332312 ], [ -115.67551654792679, 55.900903565770264 ], [ -115.674810703921196, 55.900613024418817 ], [ -115.674136008022273, 55.900411159491881 ], [ -115.672049518449128, 55.899985360432169 ], [ -115.671256738659665, 55.899867606060063 ], [ -115.670934909407691, 55.89981980677809 ], [ -115.670804355485103, 55.899800419718467 ], [ -115.669698273593383, 55.899701871159508 ], [ -115.668639004970899, 55.899651465609189 ], [ -115.667535424965109, 55.899737563133748 ], [ -115.666773137466677, 55.899939369226132 ], [ -115.666139674066102, 55.900203427609064 ], [ -115.66487248123299, 55.900905441719374 ], [ -115.663653965194356, 55.901545042621983 ], [ -115.662054350572177, 55.902518971045637 ], [ -115.662053320239067, 55.900787069951953 ], [ -115.662053065381684, 55.900625270930533 ], [ -115.662052284453495, 55.899110643480554 ], [ -115.662051811215605, 55.899110850972114 ], [ -115.662052285643838, 55.898760090241097 ], [ -115.662052322162438, 55.898760073864722 ], [ -115.662051531000472, 55.898126361484387 ], [ -115.662051473655836, 55.897952566523962 ], [ -115.662051471019893, 55.897946583516557 ], [ -115.66204992406945, 55.89518249996415 ], [ -115.662047619180797, 55.890728501564787 ], [ -115.662047442804493, 55.89057119632173 ], [ -115.662047245397289, 55.890207145896298 ], [ -115.662046048687984, 55.888256555111305 ], [ -115.66204320231482, 55.883505919782131 ], [ -115.662041513305283, 55.880732841617601 ], [ -115.658104677076096, 55.88073597177732 ], [ -115.649196421231608, 55.880733831060489 ], [ -115.645213609480209, 55.880736791426045 ], [ -115.644892234724793, 55.880733980857649 ], [ -115.636359886063133, 55.880737930521491 ], [ -115.632001230408932, 55.88073791117116 ], [ -115.62350627871713, 55.880736283560822 ], [ -115.619110642873437, 55.88073599512164 ], [ -115.618789342568519, 55.880737610501235 ], [ -115.606668371021314, 55.880734546170721 ], [ -115.606517552337138, 55.880558188053691 ], [ -115.605991235652468, 55.880085006951589 ], [ -115.605943230832779, 55.880029672018779 ], [ -115.605577649066049, 55.879608368397122 ], [ -115.604976804385245, 55.879151000567916 ], [ -115.60440982320894, 55.878674825950718 ], [ -115.603567560699346, 55.878179710721241 ], [ -115.602924483298182, 55.877669446045353 ], [ -115.602121582903663, 55.877119271534539 ], [ -115.601306035388063, 55.876604000876313 ], [ -115.600717221457444, 55.876285433062357 ], [ -115.599390306801538, 55.875412884504108 ], [ -115.599035825884954, 55.875148800719906 ], [ -115.598937491944824, 55.87507556203856 ], [ -115.598836499021289, 55.875000323596574 ], [ -115.598738506767404, 55.874927316805838 ], [ -115.598604876422442, 55.874827749321462 ], [ -115.598017488018897, 55.874431000411548 ], [ -115.597422810834146, 55.873902116516383 ], [ -115.595444495287225, 55.87260688398743 ], [ -115.595077713038307, 55.87220598762692 ], [ -115.594577821694614, 55.871878374386277 ], [ -115.593777938585887, 55.871303916604795 ], [ -115.59314706151379, 55.870799058512262 ], [ -115.593048946338726, 55.870736420093628 ], [ -115.592727421086266, 55.870531161700178 ], [ -115.592559350526614, 55.870423864818626 ], [ -115.591871514004453, 55.869886335397169 ], [ -115.591120153062164, 55.869419910192491 ], [ -115.590387475434042, 55.869051393340754 ], [ -115.59019621207338, 55.868955193424327 ], [ -115.59005386403777, 55.868870528823464 ], [ -115.587104212787267, 55.867115825943962 ], [ -115.586448794179248, 55.866649903394027 ], [ -115.585691929131841, 55.866361271199466 ], [ -115.58515308155792, 55.86607656807351 ], [ -115.584242744977729, 55.865796516409006 ], [ -115.583356629415718, 55.865369638734265 ], [ -115.582219686280581, 55.865031651373748 ], [ -115.581431607806977, 55.86462016761476 ], [ -115.580192465356049, 55.864237089343881 ], [ -115.579831093457884, 55.864155709399135 ], [ -115.577662843697595, 55.863667379716986 ], [ -115.576488075414886, 55.863307540937129 ], [ -115.575075816289058, 55.862962489086492 ], [ -115.573810629040523, 55.862703205308073 ], [ -115.572922284091078, 55.862406946405933 ], [ -115.572050050696419, 55.862016501274262 ], [ -115.571286893716078, 55.861637068451799 ], [ -115.570193855448792, 55.86099793892101 ], [ -115.569777832921517, 55.860754145325465 ], [ -115.567433060003424, 55.859537125455276 ], [ -115.566935031090608, 55.859392202644969 ], [ -115.566601316259906, 55.859295092245098 ], [ -115.566453219990507, 55.859241331627111 ], [ -115.565737410652844, 55.858981453523086 ], [ -115.565580979728793, 55.858888905237322 ], [ -115.564512107622761, 55.858517472317672 ], [ -115.563360797207906, 55.858070065520685 ], [ -115.561314893403576, 55.857031200004783 ], [ -115.560038847979939, 55.856596509179113 ], [ -115.558675608600865, 55.856215193334677 ], [ -115.557443857918628, 55.855977463573474 ], [ -115.556239567936416, 55.85555123105086 ], [ -115.555101076111214, 55.85519684316565 ], [ -115.553702946835173, 55.854792733139718 ], [ -115.552792260903232, 55.854529513476308 ], [ -115.552211166004369, 55.854412436425349 ], [ -115.551682484894002, 55.854305900315687 ], [ -115.551061260754807, 55.854343977424612 ], [ -115.550848808675013, 55.854412751642251 ], [ -115.550591241580946, 55.85449614554507 ], [ -115.550223746140702, 55.854422048401332 ], [ -115.55020259791543, 55.854412913125223 ], [ -115.549971869580546, 55.854313203777807 ], [ -115.549383614247773, 55.854129138416781 ], [ -115.548917481182869, 55.853823125839305 ], [ -115.548232117294162, 55.853581853816038 ], [ -115.547571050421794, 55.853196551042039 ], [ -115.547077795720156, 55.852932156690947 ], [ -115.546639825113857, 55.852532001513545 ], [ -115.546071101221457, 55.851951845721217 ], [ -115.545195572208144, 55.851383290542032 ], [ -115.544321525911968, 55.850865961208441 ], [ -115.5434197755566, 55.850417199515711 ], [ -115.542373864885747, 55.849995837424089 ], [ -115.541132425650744, 55.849654133094596 ], [ -115.540760774798017, 55.849582611246959 ], [ -115.540278853870333, 55.84948984979517 ], [ -115.53988903012376, 55.849414830204331 ], [ -115.537503334908735, 55.84916313256852 ], [ -115.536179667701632, 55.84898932595074 ], [ -115.535019279239478, 55.848794899328901 ], [ -115.533866876209515, 55.848560170276919 ], [ -115.532724028415913, 55.848452072590945 ], [ -115.531529006935088, 55.848318039993394 ], [ -115.530527990239278, 55.848183891329882 ], [ -115.529671110308058, 55.847903710463441 ], [ -115.528892964467772, 55.847888123710426 ], [ -115.528474444182592, 55.847730613764973 ], [ -115.527653016860597, 55.847193232169204 ], [ -115.527545682802199, 55.847123006180226 ], [ -115.527114497082565, 55.846840921773428 ], [ -115.526526315322883, 55.846422269361909 ], [ -115.526312807700251, 55.846191895122033 ], [ -115.525841374551689, 55.845432997633672 ], [ -115.525625551282047, 55.844957377528239 ], [ -115.525232641217826, 55.844348538504271 ], [ -115.524673858849525, 55.843775091941254 ], [ -115.524225680771551, 55.84342061462511 ], [ -115.523823432977736, 55.843047556032346 ], [ -115.52337098300022, 55.842792762031323 ], [ -115.523172120910985, 55.842553006571556 ], [ -115.522764989636926, 55.842185328953519 ], [ -115.521992179217136, 55.841902941555702 ], [ -115.521122996260203, 55.841649572796086 ], [ -115.520504199298031, 55.841333082280428 ], [ -115.519974766180368, 55.840732836217427 ], [ -115.519433879686119, 55.840226815836424 ], [ -115.519221701299799, 55.840059570779147 ], [ -115.518877845194908, 55.839788544427414 ], [ -115.518742905088033, 55.83968217661571 ], [ -115.518002398409052, 55.839344704792978 ], [ -115.517768278858682, 55.839073768866612 ], [ -115.517525686309369, 55.83886741399116 ], [ -115.517152097075183, 55.838379961967036 ], [ -115.516545579258818, 55.837810218771061 ], [ -115.515721480902272, 55.837218876382138 ], [ -115.514878429024634, 55.836744662464021 ], [ -115.514650861051607, 55.83662184323417 ], [ -115.514169076663819, 55.83636179055874 ], [ -115.512319654928802, 55.835363524065031 ], [ -115.511548395165704, 55.83501507249435 ], [ -115.51120071409234, 55.834797252303147 ], [ -115.511240785500306, 55.834467380955203 ], [ -115.511236098053161, 55.834220755038388 ], [ -115.511137739308268, 55.83374986425779 ], [ -115.511175568633362, 55.833170688870332 ], [ -115.511103358614079, 55.832563688751272 ], [ -115.511079141021497, 55.832360210779953 ], [ -115.510631746003213, 55.831618913016413 ], [ -115.509967591000944, 55.830945028433 ], [ -115.509186279389894, 55.830382182677404 ], [ -115.508167155063006, 55.82998361986288 ], [ -115.507034630263618, 55.829868639437699 ], [ -115.50561507093974, 55.829859651949789 ], [ -115.505106409344663, 55.829794419436496 ], [ -115.504705804343317, 55.829475198969639 ], [ -115.504347872719521, 55.829057888556768 ], [ -115.504166379232316, 55.828438204649764 ], [ -115.503811253561551, 55.826925382802855 ], [ -115.503579439006614, 55.826188156041518 ], [ -115.50358725719957, 55.825441678365273 ], [ -115.503668269675757, 55.825338220287897 ], [ -115.503992626534824, 55.824924129078497 ], [ -115.505518523605232, 55.824273561748917 ], [ -115.506224277976685, 55.823933077649521 ], [ -115.506977756078527, 55.823605006095725 ], [ -115.507527775366754, 55.823511464724746 ], [ -115.50800672292641, 55.823499722483987 ], [ -115.508638255782117, 55.823641174503663 ], [ -115.509331373768035, 55.824056536431684 ], [ -115.5103280203748, 55.824495395873029 ], [ -115.511331384982114, 55.82484131863712 ], [ -115.512416340957927, 55.825175564687079 ], [ -115.513351240682738, 55.825336578570685 ], [ -115.513480382400743, 55.825358816749784 ], [ -115.513789550058775, 55.825336488354864 ], [ -115.514168090552417, 55.825309140209335 ], [ -115.514441697356219, 55.82528937860129 ], [ -115.514649702917424, 55.825301281987031 ], [ -115.515156650736117, 55.825330288213756 ], [ -115.515908358474249, 55.82520698598811 ], [ -115.516693649512618, 55.824837307627959 ], [ -115.51795825174905, 55.824074411158946 ], [ -115.51844357449994, 55.823740597683972 ], [ -115.518955479618768, 55.823273533066526 ], [ -115.519494530757271, 55.823006004231324 ], [ -115.520006738609922, 55.822642713953933 ], [ -115.520029940802942, 55.822192751426257 ], [ -115.520414993818378, 55.821964758184414 ], [ -115.521113974003214, 55.821597209562498 ], [ -115.521417943613756, 55.821231215718214 ], [ -115.521478320291891, 55.820958028327929 ], [ -115.521849145198956, 55.820724518568134 ], [ -115.52227252045418, 55.820496782927222 ], [ -115.523093564810793, 55.820247189815255 ], [ -115.523712366335033, 55.819815744626617 ], [ -115.52400405823559, 55.819587157572286 ], [ -115.524039053174789, 55.81926531813528 ], [ -115.524166351916747, 55.818875292536774 ], [ -115.524109632768628, 55.818349434028839 ], [ -115.524066833708304, 55.818107246251508 ], [ -115.524016894396084, 55.817824690699098 ], [ -115.52426629717354, 55.817308774858134 ], [ -115.524587575623414, 55.816791980289359 ], [ -115.524772881806953, 55.816247380477911 ], [ -115.524736852186024, 55.81588605756761 ], [ -115.52502920075959, 55.815743644018454 ], [ -115.525924295691851, 55.815743800085372 ], [ -115.527123965183122, 55.815589554877576 ], [ -115.527543119204736, 55.815505490286405 ], [ -115.528101841066331, 55.815393445727324 ], [ -115.529361026749697, 55.815253019638483 ], [ -115.530547064050666, 55.815056826571677 ], [ -115.531343199741613, 55.81472889790696 ], [ -115.531831335313498, 55.814497323704948 ], [ -115.532496451927258, 55.814248168634627 ], [ -115.533311179937343, 55.81406856255785 ], [ -115.534172030998477, 55.813982208179041 ], [ -115.534983551162739, 55.81396965407879 ], [ -115.535424324984888, 55.813948092851902 ], [ -115.536753472698493, 55.813523653885937 ], [ -115.537312168352145, 55.813593112258644 ], [ -115.538049386136137, 55.813458809310568 ], [ -115.538918018127447, 55.813214802903488 ], [ -115.539700612066042, 55.812962164476488 ], [ -115.540218884223549, 55.812640564512122 ], [ -115.540312168480213, 55.812550100614132 ], [ -115.540604130203619, 55.812266971403595 ], [ -115.540796233283416, 55.812155332564053 ], [ -115.541049383048744, 55.812008222324209 ], [ -115.54210461372962, 55.811889333082107 ], [ -115.542794472375107, 55.811602448939269 ], [ -115.543351608428139, 55.811248707420091 ], [ -115.544173234247808, 55.810954559069621 ], [ -115.544658582933621, 55.810724365257634 ], [ -115.545113207215181, 55.810418498031282 ], [ -115.55328141203924, 55.81041380199575 ], [ -115.553711036257866, 55.810413537243349 ], [ -115.553762642626495, 55.810413505392226 ], [ -115.566538119864404, 55.810435176108562 ], [ -115.566937053958966, 55.810435828092487 ], [ -115.579153215566791, 55.810455240427572 ], [ -115.579634440338211, 55.810455982429602 ], [ -115.579829943054534, 55.810456066025004 ], [ -115.592409798455321, 55.810460880385804 ], [ -115.593043408846086, 55.810461087309506 ], [ -115.605024639341906, 55.810464364473759 ], [ -115.605505857131092, 55.810464467489652 ], [ -115.605934934632629, 55.810464563918813 ], [ -115.618281156572095, 55.810466647755916 ], [ -115.619147277956912, 55.810466750330079 ], [ -115.630896077000429, 55.81046748602224 ], [ -115.63137730057835, 55.810467492279301 ], [ -115.632038758109616, 55.810467498289825 ], [ -115.644149723878854, 55.810466982352757 ], [ -115.645251068799979, 55.810466872608764 ], [ -115.656761771243495, 55.81046517550962 ], [ -115.657243001941438, 55.810465078727439 ], [ -115.658140051851973, 55.81046489784643 ], [ -115.670015497962851, 55.810461857704126 ], [ -115.671349915608204, 55.810461437634828 ], [ -115.682627770460428, 55.810457291013108 ], [ -115.683109000191507, 55.810457091054687 ], [ -115.684239012700615, 55.810457129649713 ], [ -115.695881697324552, 55.810456917867761 ], [ -115.697448947316346, 55.810456801789705 ], [ -115.708494027252797, 55.810455436043924 ], [ -115.708975256720066, 55.810455352413335 ], [ -115.708974011114833, 55.803076659544651 ], [ -115.708972773992414, 55.795852689861924 ], [ -115.708971488241787, 55.788628726430282 ], [ -115.708970683683788, 55.781495053783502 ], [ -115.708970653481316, 55.781224067134076 ], [ -115.708968869662115, 55.774000071559911 ], [ -115.708967530142246, 55.766776082088469 ], [ -115.708966186138412, 55.75955206714837 ], [ -115.708964845180688, 55.752418394712031 ], [ -115.708964789649315, 55.752147406938128 ], [ -115.708963531680425, 55.744923425655628 ], [ -115.708962349949758, 55.737699431383668 ], [ -115.708961122607292, 55.730475430753884 ], [ -115.70895987629784, 55.723251398441988 ], [ -115.708959844014743, 55.72307073368701 ], [ -115.721730101057489, 55.723077369293186 ], [ -115.734340344358188, 55.723082604729399 ], [ -115.73482049130655, 55.723082779040091 ], [ -115.747590708126879, 55.723086723778778 ], [ -115.760201024155663, 55.72308933172738 ], [ -115.760681172570912, 55.723089402453851 ], [ -115.773451568365999, 55.723090688220339 ], [ -115.78606190057863, 55.723090658466887 ], [ -115.786542048057782, 55.723090626317308 ], [ -115.799312374228663, 55.723089222217638 ], [ -115.81192264106383, 55.723086520984225 ], [ -115.812402789162746, 55.723086392240418 ], [ -115.825173074749543, 55.723082297190174 ], [ -115.837783265224701, 55.723076943542885 ], [ -115.838263412118209, 55.723076718131033 ], [ -115.851032717227326, 55.723078859155223 ], [ -115.86364182746992, 55.723079659250693 ], [ -115.864121980552042, 55.723079666221004 ], [ -115.876885755773671, 55.723086555923288 ], [ -115.889489440680691, 55.723092052501066 ], [ -115.889969587937586, 55.723092233551064 ], [ -115.902733434568361, 55.723096433322098 ], [ -115.915337190573567, 55.72309927182755 ], [ -115.915817338597591, 55.723099355431252 ], [ -115.928581032124796, 55.723100862381983 ], [ -115.941344682156043, 55.723102517446037 ], [ -115.941664786049813, 55.723102543258534 ], [ -115.95444011422218, 55.723102003717635 ], [ -115.967195235607818, 55.723100148929966 ], [ -115.967515338157725, 55.723100084911962 ], [ -115.980298705244479, 55.723097939619997 ], [ -115.993078071923577, 55.72309548419517 ], [ -115.993398181323059, 55.723095406606014 ], [ -116.000001622959488, 55.72309245043602 ], [ -116.006096880037717, 55.723089725944604 ], [ -116.018797091134147, 55.723093108295934 ], [ -116.019117200279325, 55.723093179394766 ], [ -116.019117082136958, 55.723273843428025 ], [ -116.019112344866741, 55.730503403079489 ], [ -116.019095987507697, 55.737731000322754 ], [ -116.019090760175601, 55.744960339770373 ], [ -116.019079402433704, 55.752189776236484 ], [ -116.01907929743561, 55.752370441093944 ], [ -116.019075183321817, 55.759600585743051 ], [ -116.019066792211646, 55.766829712086789 ], [ -116.019062168304288, 55.774057967376599 ], [ -116.019061809444281, 55.781285706175247 ], [ -116.019061683593023, 55.781466370371028 ], [ -116.019056491818546, 55.788696696412977 ], [ -116.019054132812187, 55.795921648303015 ], [ -116.019052437805357, 55.803144477508596 ], [ -116.019053275947954, 55.81058666134178 ], [ -116.023538542430558, 55.810587969337668 ], [ -116.03182224271427, 55.810589945797545 ], [ -116.036741986964529, 55.810588750588764 ], [ -116.036742176693025, 55.810775028215325 ], [ -116.03674965088004, 55.818222850434367 ], [ -116.036746478751553, 55.825452602241896 ], [ -116.036754414277198, 55.832673075857251 ], [ -116.03676237803613, 55.839893544072929 ], [ -116.036762620190942, 55.840074202083883 ], [ -116.03677236495561, 55.847291341518108 ], [ -116.036782315761968, 55.854510776741456 ], [ -116.036781924832425, 55.861740258173313 ], [ -116.036792966132154, 55.868963222984242 ], [ -116.036793200703357, 55.869143881128267 ], [ -116.036802771732411, 55.876372020503396 ], [ -116.036812393592243, 55.883600165582436 ], [ -116.036814822258989, 55.890820956751845 ], [ -116.036822560650577, 55.89804197273407 ], [ -116.03682268522553, 55.898222630974608 ], [ -116.036827669663808, 55.905448537457616 ], [ -116.036832768476103, 55.912673534908443 ], [ -116.036831243907528, 55.919892257335555 ], [ -116.036831565021188, 55.927114938523921 ], [ -116.036831600571233, 55.927385925728046 ], [ -116.036832559810193, 55.934516684825049 ], [ -116.036829880434595, 55.941735669228883 ], [ -116.036832336849898, 55.948958254472323 ], [ -116.036833482971886, 55.956183793640754 ], [ -116.036833564351241, 55.956454781012148 ], [ -116.036835749959138, 55.963549210540997 ], [ -116.036835187415946, 55.970771950008853 ], [ -116.03683486230841, 55.977996057269237 ], [ -116.036836633649358, 55.985219628967855 ], [ -116.036836639379388, 55.985400286796306 ], [ -116.036836649798019, 55.992627032619936 ], [ -116.036836673386233, 55.999853765589172 ], [ -116.036836664441452, 55.999999978705574 ], [ -116.036836410315132, 56.007080577807358 ], [ -116.036836126414698, 56.014307395827544 ], [ -116.036836116770132, 56.014578375142619 ], [ -116.036835822043841, 56.021714844906832 ], [ -116.036835512237857, 56.028941656332925 ], [ -116.036835197328955, 56.036168436184894 ], [ -116.036834855652117, 56.043395215208335 ], [ -116.036834845320229, 56.043666195082551 ], [ -116.036834492452613, 56.050802645148202 ], [ -116.036834119288415, 56.058029392461904 ], [ -116.036833719647419, 56.065256151531592 ], [ -116.036833328065015, 56.072482892404281 ], [ -116.036510327887356, 56.072483086493683 ] ] ] ] } },
{ "type": "Feature", "properties": { "OBJECTID": 3, "Shape__Area": 838579582.17913938, "Shape__Length": 120967.48044126017, "METIS_NAME": "Peavine", "METIS_CODE": "0413", "GlobalID": "{60D03ED6-B473-43FA-AE5E-929337A04771}" }, "geometry": { "type": "MultiPolygon", "coordinates": [ [ [ [ -116.506413036384885, 55.985223911873419 ], [ -116.493521909443032, 55.985230183952545 ], [ -116.480630140652252, 55.985235102330577 ], [ -116.480146745247112, 55.98523526260535 ], [ -116.467416687096389, 55.985238736341515 ], [ -116.454520459426433, 55.985240925580804 ], [ -116.454037065361945, 55.985241027488136 ], [ -116.441303986551063, 55.985243101102199 ], [ -116.42841401077483, 55.985238497064699 ], [ -116.42793061720414, 55.98523829611279 ], [ -116.415202674478138, 55.985232382518411 ], [ -116.402308921388652, 55.985239156087239 ], [ -116.401825527119357, 55.985239006387161 ], [ -116.389094327561878, 55.985234348267944 ], [ -116.376202832224152, 55.98522987041796 ], [ -116.375719437912309, 55.985229612046098 ], [ -116.362993207818377, 55.985222057000485 ], [ -116.35010464089838, 55.985214081975563 ], [ -116.349782369092011, 55.985214268805635 ], [ -116.336891719149918, 55.985221281494219 ], [ -116.324002002552859, 55.985227509087977 ], [ -116.323518601567017, 55.985227637743421 ], [ -116.310797621415134, 55.985230338209938 ], [ -116.297899573906363, 55.985233561935075 ], [ -116.297416180251929, 55.985233618712613 ], [ -116.284687211152217, 55.985234319919741 ], [ -116.271793849473312, 55.98523956895162 ], [ -116.271310454627979, 55.985239438866707 ], [ -116.258580867257805, 55.985235339916656 ], [ -116.245690307749229, 55.98523566297915 ], [ -116.24520691332566, 55.985235605064162 ], [ -116.232474307599574, 55.985233359230705 ], [ -116.219581784961505, 55.985228338375009 ], [ -116.219098398413848, 55.985228164515881 ], [ -116.206368687768531, 55.985222931130366 ], [ -116.193476740685668, 55.985216330453589 ], [ -116.193154469178936, 55.985216556260191 ], [ -116.180259668699549, 55.985225090880498 ], [ -116.167367965359745, 55.98523187064815 ], [ -116.166884572411462, 55.985232109666505 ], [ -116.154152635455063, 55.985237877441918 ], [ -116.141258744051697, 55.98524083319905 ], [ -116.140775351931012, 55.985240950850006 ], [ -116.128045983018467, 55.985243480170567 ], [ -116.115155460371653, 55.985244268093076 ], [ -116.114672069288943, 55.985244313939567 ], [ -116.101940197249704, 55.985244940577161 ], [ -116.089051461132101, 55.985242889431582 ], [ -116.088568069061409, 55.985242787082768 ], [ -116.075832759929412, 55.985239332163985 ], [ -116.062942589536632, 55.985235144404605 ], [ -116.062459202711466, 55.985234932167629 ], [ -116.049727050647988, 55.985228732230226 ], [ -116.036836633649358, 55.985219628967855 ], [ -116.03683486230841, 55.977996057269237 ], [ -116.036835187415946, 55.970771950008853 ], [ -116.036835749959138, 55.963549210540997 ], [ -116.036833564351241, 55.956454781012148 ], [ -116.036833482971886, 55.956183793640754 ], [ -116.036832336849898, 55.948958254472323 ], [ -116.036829880434595, 55.941735669228883 ], [ -116.036832559810193, 55.934516684825049 ], [ -116.036831600571233, 55.927385925728046 ], [ -116.036831565021188, 55.927114938523921 ], [ -116.036831243907528, 55.919892257335555 ], [ -116.036832768476103, 55.912673534908443 ], [ -116.036827669663808, 55.905448537457616 ], [ -116.03682268522553, 55.898222630974608 ], [ -116.036822560650577, 55.89804197273407 ], [ -116.036814822258989, 55.890820956751845 ], [ -116.036812393592243, 55.883600165582436 ], [ -116.036802771732411, 55.876372020503396 ], [ -116.036793200703357, 55.869143881128267 ], [ -116.036792966132154, 55.868963222984242 ], [ -116.036781924832425, 55.861740258173313 ], [ -116.036782315761968, 55.854510776741456 ], [ -116.03677236495561, 55.847291341518108 ], [ -116.036762620190942, 55.840074202083883 ], [ -116.03676237803613, 55.839893544072929 ], [ -116.036754414277198, 55.832673075857251 ], [ -116.036746478751553, 55.825452602241896 ], [ -116.03674965088004, 55.818222850434367 ], [ -116.036742176693025, 55.810775028215325 ], [ -116.036741986964529, 55.810588750588764 ], [ -116.03182224271427, 55.810589945797545 ], [ -116.023538542430558, 55.810587969337668 ], [ -116.019053275947954, 55.81058666134178 ], [ -116.019052437805357, 55.803144477508596 ], [ -116.019054132812187, 55.795921648303015 ], [ -116.019056491818546, 55.788696696412977 ], [ -116.019061683593023, 55.781466370371028 ], [ -116.019061809444281, 55.781285706175247 ], [ -116.019062168304288, 55.774057967376599 ], [ -116.019066792211646, 55.766829712086789 ], [ -116.019075183321817, 55.759600585743051 ], [ -116.01907929743561, 55.752370441093944 ], [ -116.019079402433704, 55.752189776236484 ], [ -116.019090760175601, 55.744960339770373 ], [ -116.019095987507697, 55.737731000322754 ], [ -116.019112344866741, 55.730503403079489 ], [ -116.019117082136958, 55.723273843428025 ], [ -116.019117200279325, 55.723093179394766 ], [ -116.031898145867373, 55.723103226510894 ], [ -116.044680569831783, 55.723112873249796 ], [ -116.045000671522786, 55.723113098996848 ], [ -116.057780863241348, 55.723119281703944 ], [ -116.070553350812617, 55.723125489983929 ], [ -116.070873460998072, 55.723125632049154 ], [ -116.083657335348647, 55.723126504694868 ], [ -116.096431227557275, 55.72313244336852 ], [ -116.096751330017568, 55.723132571869364 ], [ -116.109528209828738, 55.723133588882156 ], [ -116.122310230468216, 55.723131301529556 ], [ -116.12263033290094, 55.72313122414576 ], [ -116.135407877623493, 55.723129304681017 ], [ -116.148185466087412, 55.723126043829566 ], [ -116.148505575261012, 55.723125946590379 ], [ -116.161250841715997, 55.723121995488754 ], [ -116.174028553652917, 55.723116294401017 ], [ -116.174348662350425, 55.723116132724961 ], [ -116.187126285100931, 55.723123563924439 ], [ -116.19990465723096, 55.723131769272541 ], [ -116.200224766778859, 55.72313196266056 ], [ -116.21300813915002, 55.723136148856653 ], [ -116.225765427270062, 55.723141051076745 ], [ -116.226085530744342, 55.723141160942319 ], [ -116.238863017608494, 55.723144146894235 ], [ -116.251652179020155, 55.723144644010489 ], [ -116.251972288357877, 55.723144638065399 ], [ -116.264738488036883, 55.723142247357345 ], [ -116.277522907104697, 55.723139714699833 ], [ -116.277843010468033, 55.72313963779051 ], [ -116.290621474859748, 55.723128924588117 ], [ -116.303399376950509, 55.723129101277323 ], [ -116.303719486703557, 55.723129089004573 ], [ -116.316500028724832, 55.723123208024553 ], [ -116.32928220196942, 55.723121571925262 ], [ -116.329602312930106, 55.723121514649968 ], [ -116.329602218790811, 55.72330217893996 ], [ -116.329598619277633, 55.730525786935154 ], [ -116.329595966509245, 55.737753265577048 ], [ -116.342363490012843, 55.737756096184441 ], [ -116.355136976446616, 55.737756371294452 ], [ -116.355457201575788, 55.737756358481583 ], [ -116.36824393364995, 55.737755983007801 ], [ -116.381031130474085, 55.737748348694439 ], [ -116.381351354745746, 55.737748142526534 ], [ -116.394114853817868, 55.737758120552492 ], [ -116.406880715329947, 55.737764228126466 ], [ -116.407200940454587, 55.737764364498915 ], [ -116.407210510788886, 55.744985222823331 ], [ -116.419954157073533, 55.744972131115333 ], [ -116.419962331527984, 55.73775004659732 ], [ -116.432723237046417, 55.737735089866547 ], [ -116.433043462521539, 55.737734695876789 ], [ -116.445802980408445, 55.737721365775784 ], [ -116.458562568439561, 55.737706712003607 ], [ -116.458882793665907, 55.737706331557511 ], [ -116.471689130913333, 55.737699452010446 ], [ -116.484495552155437, 55.737691256851534 ], [ -116.484815777886212, 55.737691031738613 ], [ -116.484817040161673, 55.744915079747557 ], [ -116.484814306696194, 55.752138869756159 ], [ -116.484814368970277, 55.752319534207878 ], [ -116.484816925494783, 55.759539780228565 ], [ -116.484817745903626, 55.766760265807868 ], [ -116.484821032275462, 55.773981924585335 ], [ -116.484812576004046, 55.7812040094013 ], [ -116.484812741213076, 55.781384673605451 ], [ -116.484819258392108, 55.788607565490814 ], [ -116.484819150954095, 55.795829546812826 ], [ -116.484824770925286, 55.803053851329189 ], [ -116.484830877958686, 55.810569291047123 ], [ -116.493541562555961, 55.810570891404481 ], [ -116.497958882187547, 55.810571471712109 ], [ -116.506761124904571, 55.810566737235895 ], [ -116.506760973982679, 55.810735027751711 ], [ -116.506754269203341, 55.818243113291601 ], [ -116.506738891707769, 55.825460204525534 ], [ -116.506720960532434, 55.832667902992355 ], [ -116.50675130906501, 55.839889815802799 ], [ -116.506751512784803, 55.840070480056696 ], [ -116.506759636398698, 55.847301449708233 ], [ -116.506756863826411, 55.854520658364024 ], [ -116.50674438048182, 55.861735311292428 ], [ -116.506717517455328, 55.868957106608569 ], [ -116.506717785974658, 55.869137771067372 ], [ -116.506728446093092, 55.876359166381825 ], [ -116.506731143662634, 55.883582297260489 ], [ -116.506730899150114, 55.890805886813624 ], [ -116.50673641152818, 55.898027572150689 ], [ -116.506736234529086, 55.898208230474552 ], [ -116.506729163594599, 55.90543149640196 ], [ -116.506722049733114, 55.912654872661598 ], [ -116.506723183149973, 55.919877803757458 ], [ -116.506720179246429, 55.927095760169735 ], [ -116.50672020993926, 55.927276417843501 ], [ -116.506721445362274, 55.934494838384374 ], [ -116.506722557606679, 55.941717620637931 ], [ -116.506722972326472, 55.94893888601208 ], [ -116.506729814936392, 55.956160403785596 ], [ -116.506729883412135, 55.956341061996952 ], [ -116.506732789291746, 55.963560089163906 ], [ -116.506735999202235, 55.970782122549338 ], [ -116.50673624708169, 55.978002246924177 ], [ -116.506735308755239, 55.985223738011875 ], [ -116.506413036384885, 55.985223911873419 ] ] ] ] } },
{ "type": "Feature", "properties": { "OBJECTID": 4, "Shape__Area": 863116.45151072496, "Shape__Length": 4182.3705947933286, "METIS_NAME": "Gift Lake", "METIS_CODE": "0410", "GlobalID": "{A0DC92B3-BE36-4BEF-B912-CD5F5BA320FA}" }, "geometry": { "type": "MultiPolygon", "coordinates": [ [ [ [ -115.521874218520821, 55.810428875635807 ], [ -115.521635194307692, 55.810596631159946 ], [ -115.521456671150474, 55.810701909043587 ], [ -115.52132319960144, 55.810780631113225 ], [ -115.520366904429892, 55.811006811794314 ], [ -115.519911161793587, 55.811137734031917 ], [ -115.519644349297508, 55.811265799055413 ], [ -115.519549761835421, 55.811389908289925 ], [ -115.519527141085746, 55.811518334759128 ], [ -115.51954634744618, 55.811669018329049 ], [ -115.519614571802833, 55.811793335171984 ], [ -115.519536500511691, 55.811913166884644 ], [ -115.518591886999971, 55.812384451050029 ], [ -115.517805898581116, 55.812818290053194 ], [ -115.517544833426129, 55.813016373630191 ], [ -115.517402632324902, 55.813247677050043 ], [ -115.517281030047826, 55.813657980711206 ], [ -115.517107177437339, 55.813827793938444 ], [ -115.516848112249178, 55.814017710097858 ], [ -115.516599963177555, 55.814285697499841 ], [ -115.516292058957717, 55.81475543973184 ], [ -115.516167980151764, 55.815014774941311 ], [ -115.516109068669422, 55.815235400754403 ], [ -115.515994267237886, 55.815437994508464 ], [ -115.515608981035754, 55.81594260131029 ], [ -115.515074230511672, 55.816727137488144 ], [ -115.514912725127388, 55.816904860000705 ], [ -115.514648866860554, 55.817139337987953 ], [ -115.514463015028994, 55.8172648415404 ], [ -115.51416736984342, 55.817379673607505 ], [ -115.513312525428887, 55.817589589265552 ], [ -115.512572789758906, 55.817843389779561 ], [ -115.512320539040587, 55.817976608641338 ], [ -115.512172363214489, 55.818110182973179 ], [ -115.512072627949578, 55.818200099325075 ], [ -115.511524061483314, 55.819149293504182 ], [ -115.511466473212678, 55.819448099948318 ], [ -115.511258675237457, 55.819358209446463 ], [ -115.511023746742325, 55.819302422997765 ], [ -115.510614870476516, 55.819264118976321 ], [ -115.509652969764034, 55.819227396583763 ], [ -115.509261176211353, 55.819145679784675 ], [ -115.507931834508014, 55.818683110965104 ], [ -115.507377506378759, 55.818556678417977 ], [ -115.506854883204454, 55.818290877557665 ], [ -115.506465782879118, 55.818114748735127 ], [ -115.506189739218883, 55.818050180119762 ], [ -115.505885964803511, 55.818006212529056 ], [ -115.505415263482902, 55.817875760657074 ], [ -115.50528202540913, 55.817792850973255 ], [ -115.50519162030929, 55.817703921547093 ], [ -115.505082781961946, 55.817530275887123 ], [ -115.505217849953098, 55.817096881847583 ], [ -115.505076902189558, 55.816850946762372 ], [ -115.504836478394893, 55.816578248861809 ], [ -115.504530106173107, 55.81632807490778 ], [ -115.504247837503414, 55.816132802979205 ], [ -115.503908258218772, 55.816039499400503 ], [ -115.503516782596122, 55.815963157311991 ], [ -115.503172215735589, 55.81586723476051 ], [ -115.502950385099012, 55.815782937414937 ], [ -115.502701592602506, 55.815635686072433 ], [ -115.502433464428805, 55.815535937098574 ], [ -115.502205542545724, 55.815525846394237 ], [ -115.501840485450316, 55.815602775867781 ], [ -115.501434943524359, 55.815550001432833 ], [ -115.501329770227173, 55.815536311130678 ], [ -115.501210118248338, 55.815498846428042 ], [ -115.501083958720116, 55.815459343353886 ], [ -115.501038118991985, 55.815444987734956 ], [ -115.500790507755823, 55.815321994293129 ], [ -115.50064439998701, 55.815169148509 ], [ -115.500662234263388, 55.814838632248396 ], [ -115.500353781671762, 55.813987251072014 ], [ -115.500082926006016, 55.813526243913863 ], [ -115.5000572485595, 55.813492630734707 ], [ -115.500001816862053, 55.813420062615855 ], [ -115.499946410956682, 55.813347495323072 ], [ -115.499911922159541, 55.813302320412021 ], [ -115.499683633121151, 55.813081978793392 ], [ -115.499316552070468, 55.812863733827825 ], [ -115.499319114023265, 55.812715397621204 ], [ -115.499378372342164, 55.812500158350232 ], [ -115.499366799561045, 55.812256352123057 ], [ -115.499302478821392, 55.811909532700241 ], [ -115.499192403991032, 55.811657738708057 ], [ -115.498902245707669, 55.81114177078566 ], [ -115.498695378192991, 55.810615066909705 ], [ -115.49869351537447, 55.810434829725814 ], [ -115.501448483450162, 55.81043435643965 ], [ -115.501537205844016, 55.810434337223484 ], [ -115.502018436753261, 55.810434253860791 ], [ -115.514674493979015, 55.810431195070095 ], [ -115.514794047720727, 55.810431156845688 ], [ -115.521874218520821, 55.810428875635807 ] ] ] ] } },
{ "type": "Feature", "properties": { "OBJECTID": 5, "Shape__Area": 333207341.12313199, "Shape__Length": 89974.816030932605, "METIS_NAME": "East Prairie", "METIS_CODE": "0407", "GlobalID": "{62F2D643-77C0-4C6B-9E13-1299424A6B44}" }, "geometry": { "type": "MultiPolygon", "coordinates": [ [ [ [ -116.308952265692412, 55.287254928202032 ], [ -116.296291244642347, 55.287262172906239 ], [ -116.28363026198852, 55.287268107878099 ], [ -116.283313663593518, 55.287268253085827 ], [ -116.27065436002465, 55.287273200626458 ], [ -116.257995132154164, 55.287276813261087 ], [ -116.257678534510021, 55.287276802985495 ], [ -116.245014609421929, 55.287275577832347 ], [ -116.232350505872546, 55.287273075674157 ], [ -116.232033913604738, 55.28727304185697 ], [ -116.219369770392959, 55.287271257009053 ], [ -116.206705698781064, 55.287268193900282 ], [ -116.206389099376963, 55.287268095457712 ], [ -116.193724977173176, 55.287263671228885 ], [ -116.181063943425215, 55.287255144472617 ], [ -116.180747350944742, 55.287255026225075 ], [ -116.168080415180341, 55.287249699158224 ], [ -116.155414330799474, 55.287242941135801 ], [ -116.155411881687129, 55.280013087192877 ], [ -116.155411297132375, 55.272784897508764 ], [ -116.155408229185028, 55.265555824940343 ], [ -116.155405148187455, 55.258325460419421 ], [ -116.155405072178056, 55.258144783204848 ], [ -116.155405035428913, 55.250919541821894 ], [ -116.15540298198006, 55.243691647673707 ], [ -116.155402705910106, 55.236465799605028 ], [ -116.155401823041174, 55.229237855174517 ], [ -116.155401803321894, 55.229057177810027 ], [ -116.155400907003823, 55.221829240315827 ], [ -116.155399392518618, 55.214603031048924 ], [ -116.15539599253853, 55.207376686634419 ], [ -116.155390788349749, 55.200150155959236 ], [ -116.155390658943546, 55.199969477903103 ], [ -116.155074760836811, 55.199969652710216 ], [ -116.142411486222073, 55.199976086396696 ], [ -116.129745153943773, 55.199979796898475 ], [ -116.129429256367175, 55.199979907071906 ], [ -116.116762077305339, 55.199983689425721 ], [ -116.104099848724587, 55.199986161664334 ], [ -116.103783950025203, 55.199986200927654 ], [ -116.091117895066049, 55.199987317745311 ], [ -116.078449370043572, 55.199984311664416 ], [ -116.078133478580995, 55.199984293351271 ], [ -116.065466358759764, 55.199982859119729 ], [ -116.052799168281169, 55.199980109910221 ], [ -116.052325333624552, 55.199979974818568 ], [ -116.039834577156768, 55.199975928127841 ], [ -116.027185933939094, 55.199970519773025 ], [ -116.026712100087735, 55.199970295058073 ], [ -116.014244291678665, 55.199963642138293 ], [ -116.001618617236602, 55.19995560170026 ], [ -116.001618638559407, 55.192729105199277 ], [ -116.001618634341625, 55.185502577177061 ], [ -116.001618624394553, 55.178276055229077 ], [ -116.001618600371415, 55.171139856439233 ], [ -116.001618600304255, 55.170868842455846 ], [ -116.001618538127275, 55.163642237712665 ], [ -116.001618471378805, 55.156415596547475 ], [ -116.001618378199012, 55.149188948138011 ], [ -116.001618265293672, 55.142052616124552 ], [ -116.001618258300454, 55.141781602835273 ], [ -116.001618140520819, 55.134554922412065 ], [ -116.001617988688437, 55.127328241997176 ], [ -116.001617830717464, 55.120101547874974 ], [ -116.001617673623201, 55.112683093177864 ], [ -116.001617666611864, 55.112417873785702 ], [ -116.000002837580013, 55.112417468948571 ], [ -115.997043812604872, 55.112416735886434 ], [ -115.98865037295478, 55.112414162565756 ], [ -115.984489683768217, 55.112412676264718 ], [ -115.984489526570627, 55.104990304218781 ], [ -115.984489356458155, 55.097763597375547 ], [ -115.984489172610481, 55.090536896652218 ], [ -115.984489002427253, 55.083400519027307 ], [ -115.984488996823842, 55.083129505511067 ], [ -115.984489023659307, 55.075902865309395 ], [ -115.984489055540962, 55.068676232871489 ], [ -115.997043397876169, 55.068682392117012 ], [ -116.000002879672621, 55.068683532123949 ], [ -116.00944013989907, 55.068687178165078 ], [ -116.009912417490014, 55.068687331894232 ], [ -116.022466592457121, 55.068690865834682 ], [ -116.03486337315843, 55.068693071226484 ], [ -116.035335645026862, 55.068693129090029 ], [ -116.047889825696117, 55.068694030876287 ], [ -116.060286652888635, 55.068693641996134 ], [ -116.060758923557458, 55.068693603056325 ], [ -116.073313014903547, 55.068691872578363 ], [ -116.085709498112024, 55.068688910939855 ], [ -116.086181776520917, 55.068688775317767 ], [ -116.098735554804733, 55.068684475695015 ], [ -116.111131909050997, 55.068678943641778 ], [ -116.111604187545609, 55.068678712102795 ], [ -116.124157972195235, 55.06867179923082 ], [ -116.136554674265057, 55.068663680891092 ], [ -116.137026952463941, 55.068663345344135 ], [ -116.137030008564736, 55.075891579446207 ], [ -116.137033052359385, 55.083119800875828 ], [ -116.137033174824154, 55.083390820364109 ], [ -116.137036338016415, 55.090528763922592 ], [ -116.137039546350664, 55.097756991319805 ], [ -116.137042737217783, 55.104985243854877 ], [ -116.137046003565175, 55.112406142265755 ], [ -116.142341055932519, 55.112410784628814 ], [ -116.149591685211718, 55.112416767889137 ], [ -116.155299648286032, 55.11242117737649 ], [ -116.161979806875166, 55.112426005888402 ], [ -116.162452600062664, 55.112426335157856 ], [ -116.168006193862041, 55.112428490789206 ], [ -116.174998353645634, 55.112430845354993 ], [ -116.181028135276165, 55.112432537522842 ], [ -116.187386588846991, 55.112434003137153 ], [ -116.187859384624716, 55.112434099201003 ], [ -116.193715829088532, 55.112435120171291 ], [ -116.200405227543996, 55.112435946022032 ], [ -116.20671882332897, 55.112436398690662 ], [ -116.212793507684125, 55.1124365232399 ], [ -116.213266303704202, 55.112436522491713 ], [ -116.219359459222744, 55.112436323542653 ], [ -116.225818411511824, 55.112435775966823 ], [ -116.232315246689225, 55.112434886584843 ], [ -116.238212949701307, 55.112433771695336 ], [ -116.238685745809676, 55.112433674086333 ], [ -116.245004359710009, 55.112432139993935 ], [ -116.251237892761367, 55.112430307594586 ], [ -116.258009140904235, 55.112427965198648 ], [ -116.263632492631942, 55.112425730191219 ], [ -116.264105289061064, 55.112425535252861 ], [ -116.270687226439932, 55.112422568316738 ], [ -116.276657489457264, 55.112419563856726 ], [ -116.283681669248978, 55.112415659495433 ], [ -116.289052084218909, 55.112412399159403 ], [ -116.289524886497432, 55.112412101002469 ], [ -116.29634066442064, 55.112480481018096 ], [ -116.302075960900865, 55.112537722251957 ], [ -116.309315218264572, 55.11260958476025 ], [ -116.309315344078982, 55.112876330983894 ], [ -116.30931876006025, 55.120100231840482 ], [ -116.309319750859444, 55.1273256735996 ], [ -116.30932009637381, 55.134541922159308 ], [ -116.309319182698815, 55.141766428535149 ], [ -116.309319101377909, 55.141947104629807 ], [ -116.309315768146405, 55.14917253398022 ], [ -116.309314230796488, 55.156392795063162 ], [ -116.309305969746717, 55.163627888981921 ], [ -116.30930546668813, 55.170858559740402 ], [ -116.309305261257421, 55.17103924306663 ], [ -116.309297192595722, 55.178265889737574 ], [ -116.309289189544884, 55.185494271674884 ], [ -116.309286791145126, 55.192723595747836 ], [ -116.309278968558885, 55.199944125943283 ], [ -116.309279098218425, 55.200124809341688 ], [ -116.309284307966578, 55.207358293935648 ], [ -116.309281535331166, 55.214589863785783 ], [ -116.309284279267985, 55.22181970297725 ], [ -116.309286385568157, 55.229051343432076 ], [ -116.309286426214243, 55.229232026065198 ], [ -116.309287918451872, 55.236462253232965 ], [ -116.309288154033453, 55.243687487034393 ], [ -116.309290270032591, 55.250923490647232 ], [ -116.30928811144544, 55.258153940202199 ], [ -116.309288062122548, 55.258334614529986 ], [ -116.309285902890224, 55.265564987385829 ], [ -116.309281878460681, 55.272783289133002 ], [ -116.30927596997941, 55.280024765510255 ], [ -116.309268856823977, 55.287254725580297 ], [ -116.308952265692412, 55.287254928202032 ] ] ] ] } },
{ "type": "Feature", "properties": { "OBJECTID": 6, "Shape__Area": 455564571.73289102, "Shape__Length": 104779.55259477659, "METIS_NAME": "Kikino", "METIS_CODE": "0411", "GlobalID": "{71BD9299-C79A-4A5A-9AC3-28EC728D046A}" }, "geometry": { "type": "MultiPolygon", "coordinates": [ [ [ [ -112.123014731450922, 54.587359204685804 ], [ -112.12301080834456, 54.580135814484827 ], [ -112.123006799244081, 54.572916420819503 ], [ -112.123002764990687, 54.565688052634812 ], [ -112.122991587603082, 54.558459942371435 ], [ -112.122991310905746, 54.558279239213654 ], [ -112.122988721141326, 54.551054160732797 ], [ -112.122976563845654, 54.543825154014833 ], [ -112.122967347751782, 54.536597057112004 ], [ -112.122958113151128, 54.529373843486411 ], [ -112.122957881676896, 54.529193139846164 ], [ -112.122951543058178, 54.521962204667545 ], [ -112.12294518571116, 54.514733636129641 ], [ -112.122937602177274, 54.507506867618289 ], [ -112.122928793833438, 54.50028019651046 ], [ -112.122928574970103, 54.500099493410666 ], [ -112.122618097209013, 54.500099622296325 ], [ -112.110172480256125, 54.500104325384754 ], [ -112.097731302989033, 54.500111305885532 ], [ -112.097420826307825, 54.500111363693719 ], [ -112.084982494346136, 54.500113060060002 ], [ -112.072537778883898, 54.500120651161168 ], [ -112.07222730036284, 54.50012082485344 ], [ -112.059782176457034, 54.500127099675495 ], [ -112.047338522992746, 54.500129663694992 ], [ -112.047028038941264, 54.500129708573716 ], [ -112.034594231044025, 54.500130951159917 ], [ -112.022154712478198, 54.5001307541458 ], [ -112.021844234614264, 54.500130766776834 ], [ -112.009412278074294, 54.500130750750365 ], [ -112.000002949133432, 54.5001335887913 ], [ -111.99697599919719, 54.500134499513507 ], [ -111.996988838502631, 54.492891304994281 ], [ -111.997020070382234, 54.485675756538697 ], [ -111.997019200576432, 54.47845204684311 ], [ -111.997019716357883, 54.471238994441329 ], [ -111.997019730151919, 54.471058291910367 ], [ -111.997013555489929, 54.463834219822168 ], [ -111.997005304192967, 54.45660737420296 ], [ -111.996995911473746, 54.449378045440397 ], [ -111.996988079274303, 54.44216251572206 ], [ -111.996987886215919, 54.44198181280445 ], [ -111.996964821838262, 54.434758186348098 ], [ -111.996966144077575, 54.42754590908779 ], [ -111.996954641562084, 54.420321598701683 ], [ -111.996943983697463, 54.413173707670801 ], [ -111.99694373216019, 54.413005275235683 ], [ -111.988464091068963, 54.412999834181242 ], [ -111.984199060332202, 54.41299514279234 ], [ -111.976096813380678, 54.412985812230801 ], [ -111.976097821846579, 54.405850108937898 ], [ -111.976085279931937, 54.398623618512467 ], [ -111.97577557038106, 54.398622960009497 ], [ -111.963424720881832, 54.398595997140845 ], [ -111.951074735316809, 54.398567737356693 ], [ -111.950765024110524, 54.398567330266673 ], [ -111.942852806827688, 54.398556596686795 ], [ -111.942853024519479, 54.398556530242722 ], [ -111.944269892217335, 54.398022030090956 ], [ -111.94481308060098, 54.397748477479183 ], [ -111.945194713538783, 54.397586045613721 ], [ -111.946286717015141, 54.396910294313265 ], [ -111.946615898243579, 54.396661165973917 ], [ -111.946860170895889, 54.396454412493568 ], [ -111.947139835127658, 54.396040058655878 ], [ -111.947463487518775, 54.395427350952289 ], [ -111.947493785547493, 54.395245022218198 ], [ -111.947464365329694, 54.395135157510921 ], [ -111.947063919216546, 54.394948157610621 ], [ -111.946286782476676, 54.394414583369603 ], [ -111.946093111127453, 54.394162351277934 ], [ -111.945913426681642, 54.393698900141572 ], [ -111.945992542878358, 54.392768863169401 ], [ -111.946087194825665, 54.392409580208422 ], [ -111.946343079951006, 54.391966756130003 ], [ -111.946815649540795, 54.391401732243885 ], [ -111.946890398394885, 54.391340622866132 ], [ -111.94708003743078, 54.391185603930232 ], [ -111.947304095206263, 54.391106242954088 ], [ -111.947546798951151, 54.391066101204331 ], [ -111.947960464212258, 54.391037173523621 ], [ -111.948072903938439, 54.39098804486428 ], [ -111.94869394477071, 54.390585853098926 ], [ -111.949082493912925, 54.390222350901297 ], [ -111.949237784178209, 54.390126441492477 ], [ -111.949387693973534, 54.3900257642998 ], [ -111.950767117618739, 54.388769279340231 ], [ -111.950897156265583, 54.388650821365182 ], [ -111.951076982998217, 54.388514022368625 ], [ -111.951077236695482, 54.388513802106218 ], [ -111.952112533471123, 54.387618070321217 ], [ -111.95234022428086, 54.387307839796911 ], [ -111.95236746409789, 54.387131400919763 ], [ -111.952238154211983, 54.387016975480712 ], [ -111.951889579305202, 54.38681057493276 ], [ -111.951759836224895, 54.386705884998193 ], [ -111.951419048929566, 54.386344381786273 ], [ -111.95107812788109, 54.385762033019112 ], [ -111.951077906390466, 54.385761653228371 ], [ -111.950785667327025, 54.384990467383219 ], [ -111.950772867615214, 54.38460847445517 ], [ -111.950843395661295, 54.38424830758882 ], [ -111.951079132091536, 54.383604928340873 ], [ -111.95107934123908, 54.383604560333879 ], [ -111.951667946975476, 54.382568034595757 ], [ -111.951687404682502, 54.382252513342998 ], [ -111.951550152787235, 54.38210822242101 ], [ -111.951278494140723, 54.381692610550907 ], [ -111.951083735018429, 54.38121803642639 ], [ -111.951083521063595, 54.381217513804806 ], [ -111.950775178346262, 54.38046612830594 ], [ -111.950460332000063, 54.379698864886365 ], [ -111.950429441722733, 54.379327962075358 ], [ -111.950361164831449, 54.378985162542534 ], [ -111.950364971726273, 54.378709949860578 ], [ -111.950464629104815, 54.378319376928708 ], [ -111.950623223322651, 54.378000538748225 ], [ -111.950780076089742, 54.377813100654571 ], [ -111.950955694556569, 54.377603211111442 ], [ -111.95109036603003, 54.377487437488362 ], [ -111.951090589842707, 54.377487245255125 ], [ -111.951897367893523, 54.376793749950423 ], [ -111.952007104095784, 54.376720924313531 ], [ -111.952361125285719, 54.376485983219389 ], [ -111.952766712752222, 54.376131914031347 ], [ -111.952839628851748, 54.375969695023223 ], [ -111.952917507167157, 54.375160360933293 ], [ -111.952924430238554, 54.375088406542375 ], [ -111.952926107252566, 54.375016490528111 ], [ -111.95292651935128, 54.374997999976671 ], [ -111.95292819788979, 54.374926084000194 ], [ -111.952929454956788, 54.374872078159143 ], [ -111.952902991682663, 54.374383440433434 ], [ -111.952789087562266, 54.373646260369078 ], [ -111.95260388690447, 54.373477190048639 ], [ -111.951294188083963, 54.372823969973254 ], [ -111.951099122698238, 54.372693214946814 ], [ -111.950789824509599, 54.372485886242245 ], [ -111.950655411883417, 54.372395782289402 ], [ -111.950102952911351, 54.372173872849849 ], [ -111.948782930721336, 54.371483955946019 ], [ -111.94859477549646, 54.371423800830954 ], [ -111.948100354380642, 54.371314690804674 ], [ -111.947498405261982, 54.371249373432001 ], [ -111.946834094376754, 54.371232870034312 ], [ -111.94600895639303, 54.371313436450073 ], [ -111.945787936534217, 54.37136849969454 ], [ -111.944526385764419, 54.371808600919493 ], [ -111.943844628420123, 54.372018392666781 ], [ -111.943433149873741, 54.372170095101801 ], [ -111.942932226711903, 54.37227068148745 ], [ -111.942735516018303, 54.372278532287766 ], [ -111.94220410884725, 54.372230486782904 ], [ -111.941419177779721, 54.371988234727702 ], [ -111.941261726594249, 54.371883633930466 ], [ -111.941010421496728, 54.371660279943967 ], [ -111.940843119178979, 54.371359783510826 ], [ -111.94076620205891, 54.371089293198395 ], [ -111.940800537832715, 54.370857828939847 ], [ -111.940863538339585, 54.370690049038529 ], [ -111.941082139596915, 54.370418101269088 ], [ -111.94123207424316, 54.370315998727008 ], [ -111.941378952101942, 54.37026196003616 ], [ -111.941686805605542, 54.370191999961797 ], [ -111.941982838111045, 54.370199709442531 ], [ -111.942166947733952, 54.370246303308761 ], [ -111.942638478448444, 54.37041134222904 ], [ -111.942876761722118, 54.370447923197396 ], [ -111.943201595040932, 54.370475020813124 ], [ -111.943730389497205, 54.37056033084113 ], [ -111.944059430361619, 54.370576105434083 ], [ -111.944361785805455, 54.370608790177826 ], [ -111.944517940822067, 54.370659306415689 ], [ -111.944733011113797, 54.370780428342506 ], [ -111.944944103123348, 54.370866364814646 ], [ -111.94519312249416, 54.370911223177757 ], [ -111.945491058860114, 54.370918409999305 ], [ -111.945962859445387, 54.370805488392136 ], [ -111.946184305163285, 54.370720127741336 ], [ -111.946484113288847, 54.370516999616598 ], [ -111.946786932659293, 54.370182484443305 ], [ -111.946963390657217, 54.369794698165556 ], [ -111.946923552829674, 54.369496356749337 ], [ -111.946832146709554, 54.369117273735583 ], [ -111.946972321124392, 54.368460165789877 ], [ -111.946976792104351, 54.367666922254195 ], [ -111.946886514057326, 54.367341613114867 ], [ -111.946558482176656, 54.366737478430025 ], [ -111.946217268150278, 54.366348375580728 ], [ -111.946569585365665, 54.364180264623471 ], [ -111.946478933990349, 54.363842522395153 ], [ -111.946488773123548, 54.363682587639609 ], [ -111.946669018883284, 54.362747054072116 ], [ -111.946699954280703, 54.362273306912044 ], [ -111.946706237890396, 54.362177081314094 ], [ -111.946619044880407, 54.361844804771721 ], [ -111.946436986792548, 54.36148025628512 ], [ -111.946281669496599, 54.361418682293881 ], [ -111.945902914505979, 54.361370004791851 ], [ -111.945617112739953, 54.361278636722375 ], [ -111.945467667796748, 54.361181732983056 ], [ -111.945141531197294, 54.36076687559806 ], [ -111.945030325659673, 54.360685165608018 ], [ -111.944415640548328, 54.359927437230262 ], [ -111.9437764977569, 54.359053064517838 ], [ -111.943604891008064, 54.358746013443572 ], [ -111.943188018765838, 54.357662440208259 ], [ -111.942834604769502, 54.356881602725181 ], [ -111.942739553407819, 54.35674931318723 ], [ -111.942589533771624, 54.356624286782349 ], [ -111.942262959555805, 54.356492809090589 ], [ -111.941414241069097, 54.356108982960073 ], [ -111.940378149369749, 54.35569095040988 ], [ -111.939535972100543, 54.355181195247013 ], [ -111.939250197277104, 54.355074569841854 ], [ -111.939147546410894, 54.355036272745345 ], [ -111.938637253814747, 54.354856328033456 ], [ -111.938800894452555, 54.354855440534493 ], [ -111.950822385615083, 54.354857449930968 ], [ -111.951131765776779, 54.354857482755499 ], [ -111.951145612929963, 54.347640780988179 ], [ -111.951148648297746, 54.340420530829199 ], [ -111.951151636321811, 54.333200267880848 ], [ -111.95115464746101, 54.325979942961958 ], [ -111.951154725235867, 54.325799232927736 ], [ -111.963475769531158, 54.325822169612124 ], [ -111.975826305745557, 54.325831092989105 ], [ -111.97613546637541, 54.32583129975761 ], [ -111.988503718911105, 54.325871797941588 ], [ -112.00000295531629, 54.325886752923708 ], [ -112.0008578331216, 54.325887863634776 ], [ -112.00116699372775, 54.325888250783763 ], [ -112.013496230434569, 54.325902282530492 ], [ -112.025857503906636, 54.32592263090703 ], [ -112.026166659479912, 54.32592312735698 ], [ -112.038514837299175, 54.325936166084205 ], [ -112.050863673120517, 54.325947933306132 ], [ -112.051172827235135, 54.325948210819938 ], [ -112.063515102549189, 54.325964482166953 ], [ -112.075857396383839, 54.325979494572564 ], [ -112.076166556610346, 54.32597985559417 ], [ -112.08851874728262, 54.3259993916298 ], [ -112.100860919382441, 54.326005896073859 ], [ -112.101170074273071, 54.326006045319708 ], [ -112.113495696651171, 54.326015130566375 ], [ -112.125821312985479, 54.326022950824196 ], [ -112.126130480580898, 54.326023132552628 ], [ -112.138453632500884, 54.32602034692836 ], [ -112.150776791929559, 54.32602324466081 ], [ -112.151085959861646, 54.326023302983515 ], [ -112.163414768909092, 54.32602871743309 ], [ -112.175734643729157, 54.326027195161551 ], [ -112.176043803685701, 54.326027137025704 ], [ -112.188374838607771, 54.32602768515352 ], [ -112.200697517782302, 54.326026967775647 ], [ -112.2010066799768, 54.326026935574589 ], [ -112.213328881680496, 54.326030548288259 ], [ -112.225667219545869, 54.326022127910463 ], [ -112.22597638067657, 54.326021896691778 ], [ -112.238295795460601, 54.326017689308308 ], [ -112.250625798392122, 54.326012217583177 ], [ -112.250934960026669, 54.326012062374694 ], [ -112.250935044475227, 54.326192771856775 ], [ -112.250938537012289, 54.33341859766287 ], [ -112.250941998241643, 54.340644432345798 ], [ -112.250944841412149, 54.347873576796921 ], [ -112.250947645161787, 54.355102688433689 ], [ -112.250947716092782, 54.35528339771917 ], [ -112.250950492779992, 54.362505522285431 ], [ -112.25095327079643, 54.369727627572573 ], [ -112.2509552168071, 54.376955978878392 ], [ -112.250957142953879, 54.384184323006984 ], [ -112.250957208469686, 54.384365025196416 ], [ -112.250959631157954, 54.39159104063986 ], [ -112.25096206005442, 54.398817468634704 ], [ -112.250961238341446, 54.406045561644298 ], [ -112.250959442195722, 54.413062512693244 ], [ -112.261330618909952, 54.413071463553564 ], [ -112.263305510436737, 54.413073064011314 ], [ -112.274094389235714, 54.413075060355695 ], [ -112.274094659980705, 54.413225499136658 ], [ -112.2741071310938, 54.420226740733177 ], [ -112.274123623903463, 54.427453299652115 ], [ -112.274137109967697, 54.434677309590271 ], [ -112.2741506472303, 54.441901332780901 ], [ -112.27415098922252, 54.442082042362834 ], [ -112.27416451967791, 54.449306078226286 ], [ -112.274176889935063, 54.45652910075399 ], [ -112.274185376569889, 54.463753537156734 ], [ -112.274192094983093, 54.47096861170489 ], [ -112.274192462347344, 54.471149321176647 ], [ -112.274207018860935, 54.478378363504945 ], [ -112.274221589369034, 54.48560745061355 ], [ -112.274230487453622, 54.49283517705107 ], [ -112.27423607689974, 54.500056606261936 ], [ -112.274236031526527, 54.500237315580144 ], [ -112.274234219409948, 54.507465768565389 ], [ -112.274232426944891, 54.514694188278241 ], [ -112.274227950769287, 54.521919802049077 ], [ -112.274232217577236, 54.529144325522601 ], [ -112.274231984175174, 54.529325028124148 ], [ -112.274222700749931, 54.536554532106408 ], [ -112.274228522222216, 54.543778688450509 ], [ -112.274230735188098, 54.551005889294714 ], [ -112.274232079026362, 54.558232437820585 ], [ -112.274232162447788, 54.558413147787903 ], [ -112.274235325335084, 54.565638748268057 ], [ -112.274238513630237, 54.572864303903394 ], [ -112.274235997704551, 54.580086001637632 ], [ -112.274229226216846, 54.587310473625514 ], [ -112.273918083898948, 54.587310770059041 ], [ -112.261471673530579, 54.587321981371034 ], [ -112.249025272892837, 54.587331898748708 ], [ -112.249011055366964, 54.580064358052788 ], [ -112.248699972297118, 54.580064527192782 ], [ -112.236261488817902, 54.580070562376775 ], [ -112.236267619176544, 54.587340727289344 ], [ -112.223821087028497, 54.587348039381212 ], [ -112.223509946236007, 54.587348207874136 ], [ -112.211063472804426, 54.587354197617472 ], [ -112.198617023828021, 54.587358922330999 ], [ -112.198305883062559, 54.587358988163039 ], [ -112.185859667628478, 54.587360873635127 ], [ -112.173413490909965, 54.58736150878412 ], [ -112.173102350126143, 54.587361542106805 ], [ -112.160659600734334, 54.58736206338255 ], [ -112.148216981206161, 54.587361304344697 ], [ -112.147905839441279, 54.587361310643239 ], [ -112.135461492405824, 54.587360892953377 ], [ -112.123014731450922, 54.587359204685804 ] ] ] ] } },
{ "type": "Feature", "properties": { "OBJECTID": 7, "Shape__Area": 353434459.14669001, "Shape__Length": 77949.19200103308, "METIS_NAME": "Buffalo Lake", "METIS_CODE": "0406", "GlobalID": "{6ED54439-0BC8-42E9-BD47-D4501C7AAAC7}" }, "geometry": { "type": "MultiPolygon", "coordinates": [ [ [ [ -112.274229226216846, 54.587310473625514 ], [ -112.274235997704551, 54.580086001637632 ], [ -112.274238513630237, 54.572864303903394 ], [ -112.274235325335084, 54.565638748268057 ], [ -112.274232162447788, 54.558413147787903 ], [ -112.274232079026362, 54.558232437820585 ], [ -112.274230735188098, 54.551005889294714 ], [ -112.274228522222216, 54.543778688450509 ], [ -112.274222700749931, 54.536554532106408 ], [ -112.274231984175174, 54.529325028124148 ], [ -112.274232217577236, 54.529144325522601 ], [ -112.274227950769287, 54.521919802049077 ], [ -112.274232426944891, 54.514694188278241 ], [ -112.274234219409948, 54.507465768565389 ], [ -112.274236031526527, 54.500237315580144 ], [ -112.27423607689974, 54.500056606261936 ], [ -112.274230487453622, 54.49283517705107 ], [ -112.274221589369034, 54.48560745061355 ], [ -112.274207018860935, 54.478378363504945 ], [ -112.274192462347344, 54.471149321176647 ], [ -112.274192094983093, 54.47096861170489 ], [ -112.274185376569889, 54.463753537156734 ], [ -112.274176889935063, 54.45652910075399 ], [ -112.27416451967791, 54.449306078226286 ], [ -112.27415098922252, 54.442082042362834 ], [ -112.2741506472303, 54.441901332780901 ], [ -112.274137109967697, 54.434677309590271 ], [ -112.274123623903463, 54.427453299652115 ], [ -112.2741071310938, 54.420226740733177 ], [ -112.274094659980705, 54.413225499136658 ], [ -112.274094389235714, 54.413075060355695 ], [ -112.275656828787916, 54.413075267416637 ], [ -112.275966647869566, 54.413075305709555 ], [ -112.286547082102174, 54.413077211992089 ], [ -112.288315160401666, 54.413077444606301 ], [ -112.299285698616771, 54.413078273473943 ], [ -112.300663672320141, 54.413078312888402 ], [ -112.300973498045991, 54.413078313175312 ], [ -112.311717848759358, 54.413075954561542 ], [ -112.313333049220148, 54.413075515702388 ], [ -112.324469529241668, 54.413071028874903 ], [ -112.325681961232178, 54.413070474001131 ], [ -112.325991781742118, 54.41307033255854 ], [ -112.336923861287886, 54.413064808401018 ], [ -112.338340924629634, 54.413064016300879 ], [ -112.349659952106251, 54.413053686088709 ], [ -112.350699810562148, 54.413052680677879 ], [ -112.35100962338808, 54.413052384201151 ], [ -112.362087050159616, 54.413042763375117 ], [ -112.363347482401565, 54.413041603604029 ], [ -112.374850226322422, 54.413027563173983 ], [ -112.37570014943384, 54.413026480622968 ], [ -112.376009969118115, 54.4130260877075 ], [ -112.387275059551797, 54.413013143702344 ], [ -112.388352996106534, 54.41301184827055 ], [ -112.400033435991332, 54.412995311837939 ], [ -112.400716507825393, 54.412994305611697 ], [ -112.401026319462645, 54.41299385456913 ], [ -112.412476431263158, 54.412995660168761 ], [ -112.413380760680838, 54.412995757228288 ], [ -112.425225954664313, 54.412997400425006 ], [ -112.425729065345138, 54.41299744598701 ], [ -112.426038885606175, 54.412997472488676 ], [ -112.43769542206428, 54.413005117438431 ], [ -112.438386152576655, 54.413005531350464 ], [ -112.450478032907029, 54.413008447746229 ], [ -112.450733181176247, 54.413008493562238 ], [ -112.45104300068148, 54.413008552060553 ], [ -112.462947066991731, 54.413011545083528 ], [ -112.463390551795371, 54.413011636380681 ], [ -112.475726142235018, 54.413013424349607 ], [ -112.475738155676055, 54.413013423758947 ], [ -112.476047968730697, 54.413013456574667 ], [ -112.488191217110426, 54.413013270148198 ], [ -112.488394558518905, 54.413013257257809 ], [ -112.500739457924425, 54.413009367513865 ], [ -112.500973438278606, 54.413009283259889 ], [ -112.501049277845453, 54.413009251555408 ], [ -112.513389624850063, 54.413007896971699 ], [ -112.513433154728261, 54.413007883515036 ], [ -112.525736417320644, 54.413002606204628 ], [ -112.526046230981649, 54.413002458299999 ], [ -112.526202315227025, 54.413002484174356 ], [ -112.52620296744216, 54.413204322336355 ], [ -112.526225287658733, 54.420137285691879 ], [ -112.526243802011507, 54.427361796613688 ], [ -112.526245812904108, 54.43458382359951 ], [ -112.526244107955662, 54.441810837934817 ], [ -112.526244120011313, 54.441991540898542 ], [ -112.526244775872783, 54.449216291291563 ], [ -112.52624830932902, 54.456440944246708 ], [ -112.538691491924027, 54.456445299338547 ], [ -112.551134976925681, 54.456447312978149 ], [ -112.551445119630699, 54.456447351501822 ], [ -112.563909062910184, 54.456442713522478 ], [ -112.576374896066781, 54.456438482200163 ], [ -112.576685038647057, 54.456438359642043 ], [ -112.576688085557691, 54.463667096885139 ], [ -112.576686635601064, 54.470891964022321 ], [ -112.576686660409294, 54.471072673328081 ], [ -112.576687712883384, 54.478297475420653 ], [ -112.57669310069214, 54.485523697332148 ], [ -112.576691412366543, 54.492750318757047 ], [ -112.576689948565459, 54.499974933821342 ], [ -112.576689933265101, 54.500155636416288 ], [ -112.576689207646794, 54.507379156996016 ], [ -112.576689634771128, 54.514605128950528 ], [ -112.576688224544299, 54.521828397589609 ], [ -112.576687402502444, 54.529046531193558 ], [ -112.576687503673369, 54.529227234536535 ], [ -112.576691480154153, 54.536460509156292 ], [ -112.576693617106599, 54.543685539626125 ], [ -112.576695735757383, 54.550911931362805 ], [ -112.57669482869828, 54.558139567436477 ], [ -112.576694865722317, 54.558320270572409 ], [ -112.576696345499386, 54.565540913500399 ], [ -112.576385372301246, 54.565540951834734 ], [ -112.563931977976139, 54.565541614184653 ], [ -112.551486027741262, 54.565540999357189 ], [ -112.551175053784135, 54.565541301970967 ], [ -112.538717484971002, 54.565552706257385 ], [ -112.526265923256886, 54.565562820883862 ], [ -112.525954949074475, 54.565562936297376 ], [ -112.513508625193182, 54.565566857010424 ], [ -112.513521433646559, 54.572790973080473 ], [ -112.513527403835653, 54.580015799441597 ], [ -112.501081142824376, 54.580015409165014 ], [ -112.50108116951688, 54.587241848679078 ], [ -112.500770027561401, 54.587241821926753 ], [ -112.488320729258547, 54.587239956700181 ], [ -112.475871429096074, 54.587236827943599 ], [ -112.47556028716167, 54.587236892484384 ], [ -112.463110988164175, 54.587238757698707 ], [ -112.450661016440989, 54.587241100220176 ], [ -112.450349881419726, 54.58724114498856 ], [ -112.437900021123383, 54.587242178330627 ], [ -112.425454101471601, 54.587239461858125 ], [ -112.425142966567464, 54.587239791602492 ], [ -112.412692941115324, 54.587252250381866 ], [ -112.400244554810456, 54.587263419938374 ], [ -112.399933412646277, 54.587263682787636 ], [ -112.387488270579141, 54.587273516757705 ], [ -112.375043284553598, 54.587282079166201 ], [ -112.374732143003101, 54.58728227176713 ], [ -112.362284220858129, 54.587289530621696 ], [ -112.349836331656945, 54.587295511930478 ], [ -112.349525189456301, 54.587295679207294 ], [ -112.337079526067086, 54.58730173207779 ], [ -112.324634144764218, 54.587306532273757 ], [ -112.324323003293514, 54.587306603218593 ], [ -112.311875218704927, 54.587308885412618 ], [ -112.299427466695207, 54.587309883702964 ], [ -112.299116323648803, 54.587309922104083 ], [ -112.286672733032091, 54.58731084287502 ], [ -112.274229226216846, 54.587310473625514 ] ] ] ] } },
{ "type": "Feature", "properties": { "OBJECTID": 8, "Shape__Area": 3034.676739215, "Shape__Length": 245.06117696034732, "METIS_NAME": "Kikino", "METIS_CODE": "0411", "GlobalID": "{92B614AA-07F6-414F-B258-451C7582D171}" }, "geometry": { "type": "MultiPolygon", "coordinates": [ [ [ [ -111.938736072568929, 54.398550807245655 ], [ -111.938735542828397, 54.398020415078655 ], [ -111.938735594341765, 54.398020427179773 ], [ -111.939348266806888, 54.398170486578543 ], [ -111.939751527074904, 54.398356666871628 ], [ -111.940002958574766, 54.398552519089002 ], [ -111.940003090974656, 54.398552604301813 ], [ -111.938736072568929, 54.398550807245655 ] ] ] ] } },
{ "type": "Feature", "properties": { "OBJECTID": 9, "Shape__Area": 261706022.28319681, "Shape__Length": 78153.547567301823, "METIS_NAME": "Elizabeth", "METIS_CODE": "0408", "GlobalID": "{70F7CFB9-3D33-4AC8-AE58-025266FD9945}" }, "geometry": { "type": "MultiPolygon", "coordinates": [ [ [ [ -110.00565563292102, 54.063998243066557 ], [ -110.017897312584125, 54.064014675054374 ], [ -110.018002436363787, 54.064014778506298 ], [ -110.030122046589057, 54.064026424431823 ], [ -110.03042926293206, 54.064026706674099 ], [ -110.030656278990847, 54.064026898961522 ], [ -110.042675836072192, 54.064036726764428 ], [ -110.043003001639548, 54.064036995995231 ], [ -110.054911390183889, 54.064046140508104 ], [ -110.055218607844083, 54.064046358266374 ], [ -110.055656947204298, 54.064046271903798 ], [ -110.067472857454518, 54.06404330717821 ], [ -110.068003432787819, 54.064043652825312 ], [ -110.079723780481416, 54.064050604322084 ], [ -110.08003099617649, 54.064050770910193 ], [ -110.080657158794395, 54.064050741804827 ], [ -110.092273524889251, 54.064049607642772 ], [ -110.093004486590971, 54.064049608060792 ], [ -110.104511785491013, 54.064049014988314 ], [ -110.104819006668393, 54.064048986499984 ], [ -110.105659370711464, 54.064048695857238 ], [ -110.117070416309602, 54.06404414176253 ], [ -110.118006872473657, 54.064043792852608 ], [ -110.129317593221472, 54.06403902632259 ], [ -110.129624819719282, 54.064038882178288 ], [ -110.130661635288121, 54.064039422389918 ], [ -110.141870112380545, 54.064044682340828 ], [ -110.143009150142092, 54.06404516426678 ], [ -110.154115438059051, 54.064049238362301 ], [ -110.154422666170134, 54.064049338490129 ], [ -110.155663937366384, 54.064050309991586 ], [ -110.166649758418416, 54.064058371674818 ], [ -110.167999871672762, 54.064058936723214 ], [ -110.178873984526604, 54.064062966844901 ], [ -110.179181207165271, 54.064063062855354 ], [ -110.180642850479018, 54.064063524743403 ], [ -110.191405432793204, 54.064066373887208 ], [ -110.192978045109683, 54.064066705990065 ], [ -110.203629678717661, 54.064068440184634 ], [ -110.203936901604436, 54.064068478074759 ], [ -110.205620526549751, 54.064069216730708 ], [ -110.216164172820157, 54.064073331491954 ], [ -110.217955611613519, 54.064073334038866 ], [ -110.228394826128763, 54.06407282920815 ], [ -110.228702041405001, 54.06407279694357 ], [ -110.230598016704292, 54.064073747750776 ], [ -110.240927583067034, 54.064078391885296 ], [ -110.242916320315175, 54.064079193638037 ], [ -110.242915593563794, 54.064264929009113 ], [ -110.242886998054303, 54.071529218608966 ], [ -110.242858507249736, 54.078760689156603 ], [ -110.255239687304368, 54.078765893603993 ], [ -110.25554701022142, 54.078766008972593 ], [ -110.255542105295888, 54.085985344046804 ], [ -110.255543546932103, 54.093219483013499 ], [ -110.2555435481475, 54.0934001980579 ], [ -110.255543530746507, 54.100623601320422 ], [ -110.255542010040884, 54.107847566180808 ], [ -110.267897719272838, 54.107849008826939 ], [ -110.280253473113333, 54.107849187852352 ], [ -110.280561011148237, 54.107849174136561 ], [ -110.29288542290729, 54.107847372195117 ], [ -110.305211060081461, 54.107841408871153 ], [ -110.305518604434994, 54.107841240428357 ], [ -110.305517919812445, 54.115062480447946 ], [ -110.305515818169923, 54.122294295716493 ], [ -110.305515728578627, 54.122475010878702 ], [ -110.305512108838315, 54.129700979950051 ], [ -110.30551175525666, 54.136928523795589 ], [ -110.305203998361904, 54.136928750112425 ], [ -110.292868420151507, 54.136937089569251 ], [ -110.280533333213981, 54.136943938375886 ], [ -110.280225570678851, 54.136943939215207 ], [ -110.26787985151752, 54.136943303758635 ], [ -110.255534298700923, 54.136941468699327 ], [ -110.255226542761292, 54.136941501907181 ], [ -110.249199291149125, 54.136941950206925 ], [ -110.249326517269523, 54.137509751596639 ], [ -110.249535228113842, 54.137951987538898 ], [ -110.249615486755687, 54.138271895846309 ], [ -110.249632223373595, 54.138455456341866 ], [ -110.249535464959322, 54.138766430749811 ], [ -110.24937963647433, 54.139050411036798 ], [ -110.249078066700719, 54.139424772133651 ], [ -110.248996326949438, 54.139560204749174 ], [ -110.248887367869116, 54.139679933336588 ], [ -110.248731466135354, 54.139775314519433 ], [ -110.248547410166594, 54.139856618766309 ], [ -110.248127532294859, 54.139979052462195 ], [ -110.247820368822985, 54.140168143006157 ], [ -110.247696357637594, 54.14027974316302 ], [ -110.247548793603912, 54.140557091448436 ], [ -110.247317952305011, 54.140807001779308 ], [ -110.247167632593687, 54.140901801714499 ], [ -110.246707263425819, 54.140996564602773 ], [ -110.24657013597043, 54.14110275900839 ], [ -110.246533408675234, 54.14125981655512 ], [ -110.246558390447817, 54.141434629102598 ], [ -110.24661659147668, 54.141590647681781 ], [ -110.246583587682224, 54.141932466207322 ], [ -110.246520589027455, 54.142077639897252 ], [ -110.246139117635693, 54.14240376323707 ], [ -110.245927631262646, 54.142641537727819 ], [ -110.245186437280395, 54.14313239805152 ], [ -110.244840841587987, 54.143306908289148 ], [ -110.244295180445263, 54.143737729121177 ], [ -110.244112061683111, 54.143820116397983 ], [ -110.243221640383666, 54.14404717856646 ], [ -110.242865162108359, 54.144169689222657 ], [ -110.242847814682648, 54.144175656815058 ], [ -110.242819608236445, 54.144185347516007 ], [ -110.241669826633441, 54.144815486249357 ], [ -110.241545816729172, 54.14492817701862 ], [ -110.24150661758604, 54.145109318655649 ], [ -110.241510032444836, 54.145276021789819 ], [ -110.241572768152366, 54.145424381859158 ], [ -110.241750224666461, 54.145521309636237 ], [ -110.241995667653825, 54.145558870058537 ], [ -110.242203289580473, 54.145495468984535 ], [ -110.242331778505928, 54.145494823409834 ], [ -110.242153900386882, 54.145990970887034 ], [ -110.241671760176217, 54.146999202793538 ], [ -110.241128489448684, 54.147780894107562 ], [ -110.240759368295215, 54.148128765309785 ], [ -110.240014820376942, 54.148593387001661 ], [ -110.238546767232364, 54.149247541208432 ], [ -110.238134711002672, 54.149404329454264 ], [ -110.2360884097764, 54.150253253182854 ], [ -110.235587652530015, 54.150519835974499 ], [ -110.235315302456911, 54.150743108081159 ], [ -110.234706524660282, 54.151402760549885 ], [ -110.2347064406664, 54.151402850829818 ], [ -110.230499976912114, 54.151405445421332 ], [ -110.230192117407029, 54.15140546695671 ], [ -110.224223980388132, 54.151405676163556 ], [ -110.224223760810375, 54.151405599027427 ], [ -110.223494522760774, 54.15114851320854 ], [ -110.223333982490246, 54.151060152436301 ], [ -110.223197362953158, 54.150951011026322 ], [ -110.223087550466289, 54.150827450590292 ], [ -110.223017472038848, 54.150682393608164 ], [ -110.222937294076914, 54.150354827012308 ], [ -110.222907948046029, 54.150001872952458 ], [ -110.222800993566068, 54.149878899268977 ], [ -110.222271152118267, 54.149621850842308 ], [ -110.222082927160997, 54.149552845097453 ], [ -110.221107305991595, 54.149377314450781 ], [ -110.220296980386721, 54.149299866924345 ], [ -110.219723904141006, 54.149272624875884 ], [ -110.219258845189287, 54.149184755605106 ], [ -110.218755024544194, 54.149118900690603 ], [ -110.218566832330154, 54.149043862490409 ], [ -110.218411049780585, 54.148764767101 ], [ -110.218294818143207, 54.148650581203881 ], [ -110.218146263510278, 54.148547974977447 ], [ -110.217840252058707, 54.148402389439511 ], [ -110.217435474651751, 54.148209824569548 ], [ -110.217226055892127, 54.148147489514415 ], [ -110.216069796266964, 54.147903908599346 ], [ -110.215688452299005, 54.147875187946212 ], [ -110.215512603117645, 54.147881530521822 ], [ -110.212806544088536, 54.147618756955282 ], [ -110.211673932015557, 54.147530807005843 ], [ -110.211194117807779, 54.147445680449216 ], [ -110.210977299748137, 54.147389894570047 ], [ -110.210592579944844, 54.147246367738063 ], [ -110.210358859825391, 54.147181923776728 ], [ -110.210111429795262, 54.147137775901413 ], [ -110.209823033594759, 54.147153907029804 ], [ -110.20959653976513, 54.14720368214973 ], [ -110.209385292197325, 54.14728013400974 ], [ -110.209233134525903, 54.14738201266568 ], [ -110.208776162544581, 54.147859814088655 ], [ -110.20849980171468, 54.148071002599842 ], [ -110.207472902353956, 54.148601793442701 ], [ -110.207288544223729, 54.148678148761611 ], [ -110.207033955191264, 54.148717666825569 ], [ -110.206759855134081, 54.148692751310676 ], [ -110.206446875972944, 54.148618811673153 ], [ -110.206320452213177, 54.148564799296672 ], [ -110.206107221348248, 54.148502400419289 ], [ -110.205867352248859, 54.148463078542015 ], [ -110.205492551371989, 54.148455396368476 ], [ -110.205263747350955, 54.148450713994862 ], [ -110.20518455571866, 54.148462166185766 ], [ -110.205013847846374, 54.14848688285295 ], [ -110.204841754518341, 54.148569174202592 ], [ -110.204531352349449, 54.148941839871561 ], [ -110.202892402289692, 54.151402535632847 ], [ -110.202892361443205, 54.151402597010517 ], [ -110.192838949491204, 54.151395055751671 ], [ -110.180485675798565, 54.15138271581678 ], [ -110.180177816063079, 54.151382652959512 ], [ -110.167838381881822, 54.151379552175904 ], [ -110.155484655159228, 54.151378213488378 ], [ -110.155484906724141, 54.151558922475616 ], [ -110.155494922679168, 54.15878887651315 ], [ -110.155498970611035, 54.166012346674442 ], [ -110.155503132681616, 54.173240001601037 ], [ -110.155511780415324, 54.180474016565668 ], [ -110.155511739349222, 54.180654725745931 ], [ -110.155510237855523, 54.187869547581904 ], [ -110.15551644638596, 54.195099679360546 ], [ -110.155517590985056, 54.202328752053852 ], [ -110.155518696486794, 54.20955240631482 ], [ -110.155518849549736, 54.209733122164153 ], [ -110.155525045506224, 54.216960827040886 ], [ -110.15553302108323, 54.224189049326725 ], [ -110.155537817158887, 54.231417412777176 ], [ -110.155542682863796, 54.238645466830505 ], [ -110.155234166688885, 54.238645607883505 ], [ -110.142896033622378, 54.238650596498474 ], [ -110.130558062252717, 54.238654333427093 ], [ -110.130249544509454, 54.238654416459816 ], [ -110.117907566436543, 54.23865712110485 ], [ -110.105567485288063, 54.238658573636492 ], [ -110.105258967486947, 54.238658599590217 ], [ -110.092917731859075, 54.23865899444894 ], [ -110.080576762192607, 54.238657996309783 ], [ -110.080268242769591, 54.238657945331418 ], [ -110.067928218184974, 54.238655217866004 ], [ -110.055588221983314, 54.238651245289574 ], [ -110.055279708251973, 54.238651129363511 ], [ -110.042939710466584, 54.238645847151176 ], [ -110.030599758349638, 54.238639306955314 ], [ -110.03029123806661, 54.238639126473444 ], [ -110.017951284832307, 54.238631289173064 ], [ -110.00561137000355, 54.238622193509826 ], [ -110.005606736035276, 54.231393044686328 ], [ -110.005602088701579, 54.224163880536494 ], [ -110.005600382666245, 54.21693122662198 ], [ -110.005598627892454, 54.209517844547882 ], [ -110.00560257483302, 54.202287589762761 ], [ -110.005606501864335, 54.195057335641458 ], [ -110.00559638480955, 54.187836681489088 ], [ -110.005585991674067, 54.180435299360489 ], [ -110.005595543481135, 54.173199613013487 ], [ -110.005605087162849, 54.165963942229496 ], [ -110.005615146728346, 54.15873645623153 ], [ -110.00562542942609, 54.151328289053446 ], [ -110.005628217460583, 54.144092667496061 ], [ -110.005630961092592, 54.136857059974943 ], [ -110.00563788491516, 54.129623677528365 ], [ -110.005644947966573, 54.122209587671506 ], [ -110.005650336006852, 54.11498059848828 ], [ -110.005655699617279, 54.107751590884718 ], [ -110.00565567476724, 54.100518175590125 ], [ -110.005655653879089, 54.093104046997887 ], [ -110.005657384249218, 54.085872322560299 ], [ -110.005659362531233, 54.078640552916667 ], [ -110.005657627295008, 54.071410911144781 ], [ -110.005655885645183, 54.06418127505777 ], [ -110.00565563292102, 54.063998243066557 ] ] ] ] } },
{ "type": "Feature", "properties": { "OBJECTID": 10, "Shape__Area": 386140479.80724907, "Shape__Length": 88541.700027518847, "METIS_NAME": "Fishing Lake", "METIS_CODE": "0409", "GlobalID": "{D3402DE2-E02B-4503-AE25-B3A4BE30922E}" }, "geometry": { "type": "MultiPolygon", "coordinates": [ [ [ [ -110.242916320315175, 54.064079193638037 ], [ -110.240927583067034, 54.064078391885296 ], [ -110.230598016704292, 54.064073747750776 ], [ -110.228702041405001, 54.06407279694357 ], [ -110.228394826128763, 54.06407282920815 ], [ -110.217955611613519, 54.064073334038866 ], [ -110.216164172820157, 54.064073331491954 ], [ -110.205620526549751, 54.064069216730708 ], [ -110.203936901604436, 54.064068478074759 ], [ -110.203629678717661, 54.064068440184634 ], [ -110.192978045109683, 54.064066705990065 ], [ -110.191405432793204, 54.064066373887208 ], [ -110.180642850479018, 54.064063524743403 ], [ -110.179181207165271, 54.064063062855354 ], [ -110.178873984526604, 54.064062966844901 ], [ -110.167999871672762, 54.064058936723214 ], [ -110.166649758418416, 54.064058371674818 ], [ -110.155663937366384, 54.064050309991586 ], [ -110.154422666170134, 54.064049338490129 ], [ -110.154115438059051, 54.064049238362301 ], [ -110.143009150142092, 54.06404516426678 ], [ -110.141870112380545, 54.064044682340828 ], [ -110.130661635288121, 54.064039422389918 ], [ -110.129624819719282, 54.064038882178288 ], [ -110.129317593221472, 54.06403902632259 ], [ -110.118006872473657, 54.064043792852608 ], [ -110.117070416309602, 54.06404414176253 ], [ -110.105659370711464, 54.064048695857238 ], [ -110.104819006668393, 54.064048986499984 ], [ -110.104511785491013, 54.064049014988314 ], [ -110.093004486590971, 54.064049608060792 ], [ -110.092273524889251, 54.064049607642772 ], [ -110.080657158794395, 54.064050741804827 ], [ -110.08003099617649, 54.064050770910193 ], [ -110.079723780481416, 54.064050604322084 ], [ -110.068003432787819, 54.064043652825312 ], [ -110.067472857454518, 54.06404330717821 ], [ -110.055656947204298, 54.064046271903798 ], [ -110.055218607844083, 54.064046358266374 ], [ -110.054911390183889, 54.064046140508104 ], [ -110.043003001639548, 54.064036995995231 ], [ -110.042675836072192, 54.064036726764428 ], [ -110.030656278990847, 54.064026898961522 ], [ -110.03042926293206, 54.064026706674099 ], [ -110.030122046589057, 54.064026424431823 ], [ -110.018002436363787, 54.064014778506298 ], [ -110.017897312584125, 54.064014675054374 ], [ -110.00565563292102, 54.063998243066557 ], [ -110.005647439264067, 54.056773718568756 ], [ -110.005639245424049, 54.049549192781228 ], [ -110.00563525953666, 54.042316950568484 ], [ -110.005631160783153, 54.034903994228181 ], [ -110.005629218859397, 54.027677687662745 ], [ -110.005627270482151, 54.020451387680659 ], [ -110.005625302782946, 54.013225061338581 ], [ -110.005623276323007, 54.005818033720978 ], [ -110.005624323718351, 53.998590820254741 ], [ -110.005626239258945, 53.991363170551494 ], [ -110.005620986867541, 53.984132353762419 ], [ -110.005615616373817, 53.976720794170085 ], [ -110.00561606027459, 53.969497325825692 ], [ -110.005616503851996, 53.962273831924435 ], [ -110.005615477276663, 53.955047356910761 ], [ -110.00561444230182, 53.947640151595046 ], [ -110.005616208887474, 53.940417870383783 ], [ -110.005617943352064, 53.93319558300913 ], [ -110.005619657270984, 53.925973269247258 ], [ -110.00562140324709, 53.918570245590011 ], [ -110.005620873106679, 53.911343990134505 ], [ -110.005620391536638, 53.904117808762813 ], [ -110.005618877709537, 53.896888021875029 ], [ -110.005617313894774, 53.889477506950158 ], [ -110.017829968543552, 53.88949772065088 ], [ -110.030061931941404, 53.889502555124842 ], [ -110.030367862316226, 53.889502659104913 ], [ -110.042591135883654, 53.88950388727924 ], [ -110.054814447621339, 53.889503849874494 ], [ -110.055120386653485, 53.889503838597754 ], [ -110.067346187918915, 53.889502453177052 ], [ -110.079572016890523, 53.889499835513313 ], [ -110.079877960769934, 53.889499752920884 ], [ -110.092095095057601, 53.889498541834264 ], [ -110.104328492742283, 53.889490105672053 ], [ -110.104634432047675, 53.889489873215638 ], [ -110.116866771203291, 53.889475229997707 ], [ -110.129099149865695, 53.889459323344198 ], [ -110.12940508808137, 53.889458910388527 ], [ -110.141633788874302, 53.88945950649326 ], [ -110.153861831017238, 53.889442741098186 ], [ -110.154167764618165, 53.889442308653599 ], [ -110.154154626825928, 53.88244299608926 ], [ -110.154141281406481, 53.875208928524742 ], [ -110.166340252440335, 53.875177449901798 ], [ -110.178539380207184, 53.875144891003814 ], [ -110.178845210628481, 53.875144057484313 ], [ -110.19102677060549, 53.875144013546894 ], [ -110.203202361103223, 53.8751433308244 ], [ -110.203508203926759, 53.875143297898241 ], [ -110.215789874254895, 53.875165156446435 ], [ -110.228064847770213, 53.875186499755436 ], [ -110.228370684327103, 53.87518701500975 ], [ -110.240553727257776, 53.875173893746627 ], [ -110.252583814422593, 53.875159723659046 ], [ -110.252736732563292, 53.875159536471322 ], [ -110.253042562708401, 53.875159162165694 ], [ -110.25986206290159, 53.87515050231444 ], [ -110.259862046143354, 53.875158067145307 ], [ -110.259855496832969, 53.878383097976297 ], [ -110.259854485659233, 53.878902449511216 ], [ -110.253044599930504, 53.878895170452104 ], [ -110.247622931703759, 53.878889136582252 ], [ -110.247614005122472, 53.881807225209954 ], [ -110.247613330064979, 53.88202768077678 ], [ -110.24761203118058, 53.882451924564116 ], [ -110.247599720415977, 53.886474371902786 ], [ -110.247598968842027, 53.88671959215106 ], [ -110.247925870612008, 53.886595462429668 ], [ -110.248218485299503, 53.886399550676451 ], [ -110.248387463326097, 53.886310723639347 ], [ -110.248785924327279, 53.886151417998484 ], [ -110.249000211463184, 53.886080849570824 ], [ -110.249199449204426, 53.886001202960728 ], [ -110.24978144139321, 53.885789115800357 ], [ -110.249867895957479, 53.885743663940097 ], [ -110.249990769433225, 53.885679069482393 ], [ -110.250113643741827, 53.885614476157876 ], [ -110.250288344695832, 53.885522629893551 ], [ -110.250800225290277, 53.885330331636609 ], [ -110.251099573275468, 53.885253543743673 ], [ -110.251343943629237, 53.885201137215461 ], [ -110.251633322866738, 53.885184963015007 ], [ -110.252149941262346, 53.88522413664468 ], [ -110.252680796303409, 53.88531732414183 ], [ -110.252866836466154, 53.885371807993792 ], [ -110.252896114787688, 53.885380388950125 ], [ -110.253119754748283, 53.885445892121652 ], [ -110.25317409592698, 53.885470498260361 ], [ -110.253663097243631, 53.885691957696949 ], [ -110.254071461313174, 53.885829319066389 ], [ -110.254314081797673, 53.885875771125917 ], [ -110.254800113334497, 53.885923732370912 ], [ -110.255469035558349, 53.885954847989787 ], [ -110.256274412497447, 53.886013764360278 ], [ -110.256835714503652, 53.886107125299837 ], [ -110.257289904001098, 53.886235771222111 ], [ -110.257667376737103, 53.886399901330513 ], [ -110.258045332549585, 53.886537062862729 ], [ -110.258272411270852, 53.886601385283633 ], [ -110.258453870932769, 53.886665424446363 ], [ -110.258828171178365, 53.887009290348509 ], [ -110.25904004293217, 53.887073516990007 ], [ -110.259314376171702, 53.887048245774082 ], [ -110.259697435554685, 53.886897805597172 ], [ -110.259838206211924, 53.886872771509708 ], [ -110.259838629355656, 53.886665843088437 ], [ -110.25983973768254, 53.886124033168784 ], [ -110.260326022387119, 53.886125252179177 ], [ -110.261392240555978, 53.886127917330001 ], [ -110.265567580007328, 53.886138261787906 ], [ -110.268863006306333, 53.886146510911722 ], [ -110.277974509601407, 53.886168189486369 ], [ -110.278712632375601, 53.886170198861315 ], [ -110.279254170338135, 53.886171670694139 ], [ -110.290326870770272, 53.886201225982937 ], [ -110.294039930371625, 53.886210916448121 ], [ -110.293849657462559, 53.886411399398938 ], [ -110.293460514331144, 53.886930434512244 ], [ -110.293228197453587, 53.887171752246971 ], [ -110.293010635212241, 53.88744012232879 ], [ -110.292670012388541, 53.887788659341794 ], [ -110.29255787452179, 53.888120571262021 ], [ -110.292479374691496, 53.888263920762746 ], [ -110.292011388153952, 53.888944279924331 ], [ -110.2918876945688, 53.889060396999767 ], [ -110.291839303587764, 53.889221900998088 ], [ -110.291912805664495, 53.889375134388054 ], [ -110.291953875422578, 53.889410947128326 ], [ -110.292161204297685, 53.889591677101301 ], [ -110.292182727182379, 53.889610425149215 ], [ -110.292256667097519, 53.88973669755881 ], [ -110.292178011427737, 53.889889033745277 ], [ -110.29199116681032, 53.890139609217044 ], [ -110.291852252598815, 53.890255635771865 ], [ -110.291773900484714, 53.890389997769198 ], [ -110.291755490900314, 53.890578644556946 ], [ -110.29159724307091, 53.890937246218108 ], [ -110.291393666663581, 53.891277590491946 ], [ -110.291115969356213, 53.89150066345622 ], [ -110.291007177574485, 53.891634844699283 ], [ -110.290928651280538, 53.891778194133238 ], [ -110.290986940440476, 53.891931343086817 ], [ -110.290984045760894, 53.892102105242294 ], [ -110.290950571646576, 53.892281674497191 ], [ -110.290872039258048, 53.892425023675258 ], [ -110.290748337632365, 53.892541140381411 ], [ -110.290594501963895, 53.892639102644132 ], [ -110.290247015928117, 53.892899723440003 ], [ -110.290178317265358, 53.892951234047175 ], [ -110.289837305304772, 53.893317739251948 ], [ -110.289559911521977, 53.893522830502981 ], [ -110.289297407260605, 53.893745987611645 ], [ -110.289203972087577, 53.893871271562986 ], [ -110.289155729694173, 53.894023789413161 ], [ -110.288908437552905, 53.8942470290988 ], [ -110.288754583278376, 53.894344991147833 ], [ -110.288507149083543, 53.89457722464622 ], [ -110.288121054967519, 53.894907504427614 ], [ -110.287997185944903, 53.89503260222228 ], [ -110.287719598525911, 53.895246681204362 ], [ -110.287595722703031, 53.89537177835382 ], [ -110.287317986524343, 53.895594838188714 ], [ -110.287209479100753, 53.895711045227031 ], [ -110.287007207200574, 53.89597050487582 ], [ -110.286958952316581, 53.896123022423019 ], [ -110.287001692426173, 53.896294055303322 ], [ -110.287121600904186, 53.896402623251674 ], [ -110.287240579636816, 53.896565121266974 ], [ -110.287207699785199, 53.896708741320602 ], [ -110.287145992997281, 53.896807626178031 ], [ -110.287051240903807, 53.896959484710408 ], [ -110.286758575236973, 53.897164479674913 ], [ -110.286405651456946, 53.897333158273284 ], [ -110.285958801623408, 53.897654077188363 ], [ -110.285805242987678, 53.897734057879269 ], [ -110.285422028523868, 53.897893568623815 ], [ -110.285144415082243, 53.898107634860423 ], [ -110.284911988008119, 53.898348933074999 ], [ -110.284649431581414, 53.898572083380309 ], [ -110.284495718153295, 53.898661051172922 ], [ -110.284127555531654, 53.898829633075565 ], [ -110.283466384697292, 53.899221178306234 ], [ -110.282835794552355, 53.899603909604885 ], [ -110.281912016858215, 53.900218584568535 ], [ -110.281296768617025, 53.900592412714609 ], [ -110.281157939662094, 53.900699439235197 ], [ -110.28066552049377, 53.901011086513357 ], [ -110.27995584207622, 53.901564110277683 ], [ -110.279185570507693, 53.902098790820446 ], [ -110.278768597416828, 53.902446831949611 ], [ -110.278490607762805, 53.902678859529487 ], [ -110.278273026349268, 53.902938209340732 ], [ -110.278172210210101, 53.903039351697444 ], [ -110.277916762392394, 53.90329559913134 ], [ -110.277870044836959, 53.903334611967395 ], [ -110.277777772536325, 53.903411612291265 ], [ -110.277653825868285, 53.903536703585843 ], [ -110.277342433925767, 53.903939306123057 ], [ -110.277243043759782, 53.904032538914016 ], [ -110.276971085726274, 53.904287617943631 ], [ -110.27687728172188, 53.904430863863524 ], [ -110.276780506258788, 53.904744872176252 ], [ -110.276774294013677, 53.905104371565578 ], [ -110.276817155946674, 53.90526641770812 ], [ -110.276829267770907, 53.905446257413047 ], [ -110.276795870936837, 53.905616832140836 ], [ -110.27673235089452, 53.905769252244305 ], [ -110.276683888702095, 53.905930750390851 ], [ -110.276662604124766, 53.906281172032067 ], [ -110.276629213326117, 53.906451746968429 ], [ -110.276616309216806, 53.907197693205141 ], [ -110.276670973156584, 53.907557553743374 ], [ -110.276876625884341, 53.907990232898349 ], [ -110.277069835738061, 53.908261041340261 ], [ -110.277413568818687, 53.908631636982676 ], [ -110.277470900270814, 53.908838708589457 ], [ -110.277430656427271, 53.909404731474467 ], [ -110.277441861953761, 53.910519351270281 ], [ -110.277608358616362, 53.911261483959251 ], [ -110.277625615639764, 53.911338388079727 ], [ -110.277727217670929, 53.911626621821149 ], [ -110.277831758483174, 53.911744099913662 ], [ -110.277986725519227, 53.911877158650718 ], [ -110.278221815422739, 53.912079011516319 ], [ -110.278296730752871, 53.912150869788867 ], [ -110.278476427225897, 53.912323225385478 ], [ -110.278685219582769, 53.912576155484096 ], [ -110.278970902945929, 53.912784601639331 ], [ -110.279333633027662, 53.912939582746823 ], [ -110.279530151135006, 53.913021654175509 ], [ -110.279981441695398, 53.913338952583601 ], [ -110.280100762358416, 53.913483482882107 ], [ -110.280173785946175, 53.913663683392301 ], [ -110.280164187615441, 53.914220906187886 ], [ -110.280289750501112, 53.914886780856705 ], [ -110.280464409221537, 53.915355222320208 ], [ -110.280627244762854, 53.915625843695757 ], [ -110.280882205696756, 53.915852083127149 ], [ -110.281711691941581, 53.916315446374156 ], [ -110.282301449711284, 53.916552667168773 ], [ -110.282968882875963, 53.91670046780493 ], [ -110.283377503756185, 53.916846715006663 ], [ -110.283801797778466, 53.91696609712605 ], [ -110.284452957060566, 53.917176706044224 ], [ -110.284800533607608, 53.917331573155579 ], [ -110.285583960253433, 53.91782159924292 ], [ -110.286170558967612, 53.91824753441383 ], [ -110.286367425293264, 53.91831161861586 ], [ -110.286533529236408, 53.918393503730556 ], [ -110.286681922437353, 53.918491008321972 ], [ -110.286699180480639, 53.918502350797191 ], [ -110.286871909763178, 53.918671836721131 ], [ -110.287058630491131, 53.918855019717469 ], [ -110.287252279012336, 53.919107842979535 ], [ -110.287476691550097, 53.919342865350778 ], [ -110.287927967762158, 53.919669122000144 ], [ -110.288016888312356, 53.919813452968434 ], [ -110.288059363562951, 53.920002461877459 ], [ -110.288053239662389, 53.920361951173994 ], [ -110.288124175811333, 53.920667981291032 ], [ -110.288182799548792, 53.920803151168222 ], [ -110.288422294952142, 53.9210472516735 ], [ -110.288677481133661, 53.921264480003273 ], [ -110.288858682430387, 53.921355429666654 ], [ -110.289479628976395, 53.921556844633471 ], [ -110.289827095004753, 53.921720692738909 ], [ -110.290082306753831, 53.921937914332233 ], [ -110.290186756386646, 53.92206436817365 ], [ -110.290275379900876, 53.922226686839508 ], [ -110.290236240192939, 53.922738777535088 ], [ -110.290188120084451, 53.922882309252493 ], [ -110.289970370364998, 53.92315066762707 ], [ -110.289936862328048, 53.923330231691054 ], [ -110.289931533310522, 53.923644785051842 ], [ -110.289788834984321, 53.923976512129087 ], [ -110.289783202434052, 53.924309039601766 ], [ -110.28986923607026, 53.924624134381183 ], [ -110.2899581567615, 53.924768472519339 ], [ -110.290001257604587, 53.924921532925609 ], [ -110.290311902505621, 53.925462662742312 ], [ -110.290473088070215, 53.925643658519292 ], [ -110.290521132674314, 53.925697582054731 ], [ -110.290750072965096, 53.925899365593018 ], [ -110.290911285097081, 53.926041444533396 ], [ -110.291378499803699, 53.926331822701684 ], [ -110.291814976861573, 53.926640000756606 ], [ -110.292343720364997, 53.926894784972468 ], [ -110.292540333906729, 53.926976837628537 ], [ -110.292995376989694, 53.927087374022598 ], [ -110.2934196511153, 53.927215697960563 ], [ -110.29395160560172, 53.927281743356453 ], [ -110.294621543824405, 53.92729467179722 ], [ -110.295200694227248, 53.927271103621209 ], [ -110.295702500509208, 53.927318987822041 ], [ -110.295944953428091, 53.927392317205772 ], [ -110.296234002657897, 53.927411981467834 ], [ -110.296828392166844, 53.92738849676067 ], [ -110.297071905264119, 53.927398910026866 ], [ -110.297299727556378, 53.927436193686482 ], [ -110.297481121711542, 53.927518149303189 ], [ -110.297705628722227, 53.927753159367647 ], [ -110.297732631902406, 53.927960039435156 ], [ -110.29771467958939, 53.928121725360839 ], [ -110.297665836430951, 53.928310199782047 ], [ -110.297671870388214, 53.928858516914595 ], [ -110.297711528281297, 53.92921827010079 ], [ -110.297721167137254, 53.929550888105751 ], [ -110.297764299503839, 53.929703941725698 ], [ -110.297838182863046, 53.929839201462904 ], [ -110.298182592725922, 53.930191748552943 ], [ -110.298256487337298, 53.930327008424058 ], [ -110.298361132547669, 53.930444467924595 ], [ -110.298616440760185, 53.930661670278873 ], [ -110.298988157909193, 53.931203129395918 ], [ -110.299194319316399, 53.931626780125207 ], [ -110.299252826811255, 53.931770930956716 ], [ -110.29934196165074, 53.931906274710222 ], [ -110.299520513592043, 53.932158980806953 ], [ -110.29957888525766, 53.932312125380577 ], [ -110.299757295689858, 53.932573819373133 ], [ -110.299966467269115, 53.932817725318685 ], [ -110.300252395996964, 53.933026121595972 ], [ -110.300441210108957, 53.933124270627587 ], [ -110.300584629535294, 53.933198827122389 ], [ -110.30075037840875, 53.933307653806132 ], [ -110.300962262926589, 53.933389777323619 ], [ -110.301417835542978, 53.933473326111141 ], [ -110.301780844302868, 53.933628224379547 ], [ -110.302081869843818, 53.933845698468268 ], [ -110.302186396783128, 53.933972138919295 ], [ -110.302214607937771, 53.934107121050168 ], [ -110.301997174082786, 53.934357531743046 ], [ -110.301903382390037, 53.934500798469514 ], [ -110.301761497034676, 53.934787595618339 ], [ -110.301511040444183, 53.935190602213616 ], [ -110.30141739760991, 53.935324887799808 ], [ -110.301199951361582, 53.935575291366831 ], [ -110.300611220758043, 53.9361650882052 ], [ -110.300345512452736, 53.936568010486972 ], [ -110.300049940144177, 53.936934809175625 ], [ -110.299787363289923, 53.937148993690322 ], [ -110.299295260872853, 53.937424759793366 ], [ -110.298878551592807, 53.937745900482412 ], [ -110.298199118831008, 53.938290218293673 ], [ -110.297966554410209, 53.938531544583391 ], [ -110.297654955509287, 53.938943177345934 ], [ -110.297497791891345, 53.939229884834006 ], [ -110.297401261428178, 53.939534914659447 ], [ -110.297334583058458, 53.93987608124948 ], [ -110.297225668646192, 53.940351830106756 ], [ -110.297219500541445, 53.940378747053416 ], [ -110.297155999554874, 53.940531168627231 ], [ -110.296905006910691, 53.940961142964731 ], [ -110.29674451759513, 53.941445562930198 ], [ -110.296617502608058, 53.941750412357464 ], [ -110.296381735055547, 53.942180477390608 ], [ -110.296288060532717, 53.942314743920782 ], [ -110.296052435249521, 53.942735814727079 ], [ -110.29600339971627, 53.942933262550468 ], [ -110.295873664959188, 53.943399889100142 ], [ -110.295653111145413, 53.94383003069975 ], [ -110.295462570550796, 53.944287315361429 ], [ -110.295429069140766, 53.944466886279713 ], [ -110.295423017099182, 53.944826375262849 ], [ -110.295450316041666, 53.945015287599553 ], [ -110.295444400300468, 53.945365788937806 ], [ -110.295511963929798, 53.945878512189751 ], [ -110.295714366624239, 53.946526850214717 ], [ -110.295981671494914, 53.947579187328571 ], [ -110.296000180348543, 53.947652046503038 ], [ -110.296046662831216, 53.94775995816989 ], [ -110.296132163035679, 53.947958418866058 ], [ -110.296233376862077, 53.948282590366176 ], [ -110.296350430213408, 53.948570891090434 ], [ -110.296512890697443, 53.948877437172456 ], [ -110.296570972770866, 53.949048555608236 ], [ -110.296583485497081, 53.949210416058357 ], [ -110.296626631227781, 53.949363470115969 ], [ -110.297026255254181, 53.950066885918069 ], [ -110.2972926750722, 53.950535827224527 ], [ -110.297289800404641, 53.950706584514073 ], [ -110.297346680537089, 53.950949594556256 ], [ -110.297419386791887, 53.951156752141138 ], [ -110.297523636789109, 53.951301172825481 ], [ -110.297833971733041, 53.951878232407658 ], [ -110.298067671717902, 53.952481807840535 ], [ -110.298289014646215, 53.952914530321372 ], [ -110.298421785857556, 53.953175952880386 ], [ -110.298511093411278, 53.953302315421496 ], [ -110.298747378061364, 53.953753101996767 ], [ -110.298851647700872, 53.953897522945944 ], [ -110.298894793379205, 53.954050576773824 ], [ -110.299116149205616, 53.954483298745778 ], [ -110.299159314568257, 53.954636339711215 ], [ -110.299322123966917, 53.95492491772886 ], [ -110.299341967052712, 53.954984460109479 ], [ -110.299583317225157, 53.955708405774914 ], [ -110.299801224260989, 53.956347833422434 ], [ -110.29993386524805, 53.956618256088163 ], [ -110.300194801430507, 53.957419718105086 ], [ -110.300283824657583, 53.957564049259815 ], [ -110.300428714799637, 53.958014300113703 ], [ -110.300665347536849, 53.958447105949318 ], [ -110.300766620100987, 53.958771278084292 ], [ -110.300914817444323, 53.959023803824358 ], [ -110.301004150725916, 53.959150160559517 ], [ -110.301634962428608, 53.959711088979113 ], [ -110.301831574994594, 53.959802109277007 ], [ -110.302151198197279, 53.959830928469358 ], [ -110.302425531887366, 53.959832520924685 ], [ -110.302669077225957, 53.959851907676615 ], [ -110.302694379794914, 53.95985901073265 ], [ -110.30300129255302, 53.959945211746664 ], [ -110.30309387982517, 53.959971224592287 ], [ -110.303259583472197, 53.96008903199467 ], [ -110.303333097714244, 53.960251234801682 ], [ -110.303388510686133, 53.960584122678249 ], [ -110.303446934728044, 53.960737253468047 ], [ -110.303472180041069, 53.961051993452529 ], [ -110.303360694901698, 53.96133896562781 ], [ -110.30333902263196, 53.961725332409209 ], [ -110.303367103689652, 53.961869302342592 ], [ -110.303440469450464, 53.962040504718502 ], [ -110.303468252908957, 53.962202455134367 ], [ -110.303469936616679, 53.962208441972244 ], [ -110.303511425258364, 53.962355496046705 ], [ -110.303600487780997, 53.962499826681707 ], [ -110.303643679305637, 53.962652879979991 ], [ -110.303955072131785, 53.963175996472266 ], [ -110.304133043111364, 53.963473632053152 ], [ -110.3042223894562, 53.963599981969509 ], [ -110.304687135438769, 53.964070051785171 ], [ -110.305274574215602, 53.964495895136253 ], [ -110.305908342844987, 53.964886040995495 ], [ -110.30616388344167, 53.9651032362029 ], [ -110.306329916683723, 53.96520306307665 ], [ -110.307767271978904, 53.965858487235046 ], [ -110.308130137036827, 53.966040347231527 ], [ -110.308508545856157, 53.96620430276576 ], [ -110.308902775012797, 53.966332406595932 ], [ -110.30965929399801, 53.96667829981476 ], [ -110.309856425060289, 53.966742345612666 ], [ -110.31005325829247, 53.966824371538664 ], [ -110.310644353424806, 53.967034482743337 ], [ -110.31100781236708, 53.967180380646333 ], [ -110.31121989239314, 53.967262490449279 ], [ -110.312130971199352, 53.96748341960194 ], [ -110.312753143651037, 53.967657756196203 ], [ -110.313328869982058, 53.967876750664644 ], [ -110.314329509868898, 53.96821502295149 ], [ -110.315255125031271, 53.968460566014045 ], [ -110.31543760408627, 53.968508959456805 ], [ -110.315725618986022, 53.968609463369582 ], [ -110.315831749071833, 53.968646018343193 ], [ -110.316148929864653, 53.968827587466599 ], [ -110.316770715146404, 53.969028859601487 ], [ -110.316967574917925, 53.969110872876328 ], [ -110.317377100357149, 53.969239034707094 ], [ -110.317925749041237, 53.969453990933907 ], [ -110.318331486671511, 53.969612959399193 ], [ -110.318876346795633, 53.969858721969267 ], [ -110.319270058948675, 53.970022742422685 ], [ -110.319573778742381, 53.97009636796345 ], [ -110.319861534707044, 53.970214839798594 ], [ -110.320344690268328, 53.970505190868764 ], [ -110.320630974624791, 53.970713540903517 ], [ -110.321569741395606, 53.971114317825005 ], [ -110.322160802488114, 53.971333357562578 ], [ -110.322388754065656, 53.971379583167447 ], [ -110.322813718138235, 53.971498828213008 ], [ -110.323041378797981, 53.971563016087195 ], [ -110.323767484384447, 53.97191764386826 ], [ -110.324069187987647, 53.972117077816414 ], [ -110.324250686125239, 53.972207975475875 ], [ -110.32467536642784, 53.972345189136114 ], [ -110.32535895369071, 53.972501814169057 ], [ -110.3257531689312, 53.972638853336164 ], [ -110.325934815301238, 53.972720763960524 ], [ -110.326359656733118, 53.972848970464256 ], [ -110.326602718411507, 53.972904267263118 ], [ -110.32702772186552, 53.973023493798898 ], [ -110.327489822859491, 53.973137964456654 ], [ -110.327695939852745, 53.973189009314424 ], [ -110.327796851062928, 53.973219467759016 ], [ -110.328120788735205, 53.973317223143894 ], [ -110.328850137329553, 53.973474092917023 ], [ -110.329565837127134, 53.973532007797395 ], [ -110.329961939898212, 53.973552194111008 ], [ -110.330190199743882, 53.973580426294212 ], [ -110.330372149351746, 53.973644361495502 ], [ -110.330553505053643, 53.973744240035352 ], [ -110.330765945707284, 53.973808343003064 ], [ -110.331237278796991, 53.973891845896738 ], [ -110.331465107381661, 53.973947046229462 ], [ -110.331982184493441, 53.974030813049872 ], [ -110.332758309280834, 53.974125004912601 ], [ -110.333336516427451, 53.974200108048301 ], [ -110.333853743777524, 53.974274880219205 ], [ -110.334904296146846, 53.974370578629895 ], [ -110.33549777083681, 53.974445769548183 ], [ -110.336380920305132, 53.974522552953175 ], [ -110.336975525822851, 53.974525839936405 ], [ -110.337525240236261, 53.974474939538133 ], [ -110.338455838001366, 53.974444121323479 ], [ -110.340043861066803, 53.974468293257978 ], [ -110.341230250359231, 53.974486325776674 ], [ -110.341489293766244, 53.974496744104123 ], [ -110.34225006118254, 53.974599773060007 ], [ -110.342493018119043, 53.974664024148844 ], [ -110.343177261488748, 53.974784616029197 ], [ -110.343207616354917, 53.974793770386384 ], [ -110.343648215926621, 53.97489504704415 ], [ -110.344436663968239, 53.975177981799341 ], [ -110.345027625100002, 53.975414896862453 ], [ -110.345769793406461, 53.975733522758468 ], [ -110.346191917086443, 53.97604141445489 ], [ -110.346521593602702, 53.976411720658469 ], [ -110.346971180147236, 53.976699665189315 ], [ -110.340055447571601, 53.976689353483586 ], [ -110.327811645429449, 53.976692622013871 ], [ -110.32750506688582, 53.97669244847468 ], [ -110.315291358071065, 53.976685082636251 ], [ -110.303060145950369, 53.976659684835809 ], [ -110.303060013071544, 53.976840403292293 ], [ -110.303054717663656, 53.984083756727117 ], [ -110.303051389953865, 53.991310716059473 ], [ -110.303037403109585, 53.998533630412425 ], [ -110.303036244856756, 54.000002960633182 ], [ -110.303031615025205, 54.006030135788365 ], [ -110.303031407980782, 54.006210929226 ], [ -110.303023150939055, 54.013439967772022 ], [ -110.303017269154111, 54.020667071251665 ], [ -110.303010883091488, 54.027895439246656 ], [ -110.303004659617599, 54.034940910482021 ], [ -110.303004529993203, 54.035121626556197 ], [ -110.302999493944, 54.042344272105986 ], [ -110.302963765408705, 54.049564975524724 ], [ -110.302967283251974, 54.056793330880438 ], [ -110.302970827151753, 54.064085272634038 ], [ -110.302663612747992, 54.064084969923776 ], [ -110.292876614528268, 54.06407477248095 ], [ -110.290429932155817, 54.064072100752227 ], [ -110.280534783590909, 54.064075317185605 ], [ -110.278216063761889, 54.064075948200809 ], [ -110.277908843185571, 54.064075981371836 ], [ -110.267885784779352, 54.064076546204447 ], [ -110.2656874006028, 54.064076557093742 ], [ -110.255544426777874, 54.06408190278939 ], [ -110.253460198820875, 54.064082894433923 ], [ -110.253152976544328, 54.064082804611466 ], [ -110.242916320315175, 54.064079193638037 ] ] ] ] } }
]
}
