{
"type": "FeatureCollection",
"name": "WildlifeCorridor",
"crs": { "type": "name", "properties": { "name": "urn:ogc:def:crs:OGC:1.3:CRS84" } },
"features": [
{ "type": "Feature", "properties": { "PSCW_NAME": "Peace River Pulp Road B Corridor", "PSCW_CODE": "CW010", "GlobalID": "{6AAEFB88-A84A-4470-B862-F4378F9B9E0C}" }, "geometry": { "type": "MultiPolygon", "coordinates": [ [ [ [ -118.376603583046077, 56.773666356503668 ], [ -118.376161351464376, 56.773744431239038 ], [ -118.375127993351839, 56.773822396750717 ], [ -118.374679012934237, 56.77382529484526 ], [ -118.367934819583951, 56.773729652984088 ], [ -118.366504541113272, 56.773613381356363 ], [ -118.364706465350167, 56.773342147227922 ], [ -118.364368952742595, 56.7732853011873 ], [ -118.363330489445076, 56.773091811395368 ], [ -118.362172883832926, 56.772797240526977 ], [ -118.361217824578645, 56.772482323663887 ], [ -118.360412727586251, 56.772164189754662 ], [ -118.359609079886397, 56.771787362824391 ], [ -118.359095220134378, 56.771515709130519 ], [ -118.358399968559254, 56.771101547097715 ], [ -118.357648355359615, 56.770546332937712 ], [ -118.35685366287511, 56.769807904055526 ], [ -118.356607882159068, 56.769554924158847 ], [ -118.356236429119164, 56.769128786573589 ], [ -118.35611791114539, 56.768983929966133 ], [ -118.355798948889827, 56.768438661580632 ], [ -118.355657265060316, 56.767871263853934 ], [ -118.355650694170507, 56.767757315085696 ], [ -118.355432510476788, 56.759379394195037 ], [ -118.355321064555454, 56.759171254102782 ], [ -118.355275434942214, 56.759081335669087 ], [ -118.354915521296746, 56.758331007162695 ], [ -118.354339115317529, 56.757564784257411 ], [ -118.353528986128694, 56.756820564595152 ], [ -118.352426292706539, 56.756033547349013 ], [ -118.349837051741304, 56.75475757480757 ], [ -118.346765086968375, 56.753502081092265 ], [ -118.344670503513271, 56.752728209123291 ], [ -118.344068643178332, 56.752473921606693 ], [ -118.328326730945577, 56.744899876790413 ], [ -118.328205522491132, 56.744841526052674 ], [ -118.326815855861611, 56.744209325008292 ], [ -118.324512449860805, 56.743161353588263 ], [ -118.322375317311312, 56.74231550749117 ], [ -118.321099483980319, 56.741932628977942 ], [ -118.319687568220701, 56.741737005952778 ], [ -118.313126712795807, 56.741107573605376 ], [ -118.310627522372087, 56.740867706837406 ], [ -118.308318349965703, 56.740646038378834 ], [ -118.308100093719503, 56.740622779113522 ], [ -118.298617651573267, 56.739510910448288 ], [ -118.298430493415395, 56.739495523653687 ], [ -118.291186894053922, 56.738899836579755 ], [ -118.290299379363262, 56.738788298148044 ], [ -118.289334837852408, 56.738571451754453 ], [ -118.288886592623058, 56.738430807531834 ], [ -118.285567288894157, 56.737282081476337 ], [ -118.284780464882004, 56.737042815550808 ], [ -118.284654260488011, 56.737004433487783 ], [ -118.279886497328789, 56.735554415196589 ], [ -118.272913281736351, 56.733433115133245 ], [ -118.272871825559349, 56.73342038268634 ], [ -118.270771008078697, 56.732769136187081 ], [ -118.263992520921335, 56.730667429481876 ], [ -118.259475701916983, 56.729266621621676 ], [ -118.258935083858432, 56.729077243428613 ], [ -118.258214009998582, 56.728793650936169 ], [ -118.255636312620837, 56.727779785761399 ], [ -118.254710594939979, 56.72741565461439 ], [ -118.25404042464514, 56.727109044628619 ], [ -118.252408235094975, 56.726243985654548 ], [ -118.251657861001888, 56.725760981507392 ], [ -118.247459858238386, 56.722458788755389 ], [ -118.245778268724877, 56.721534908900587 ], [ -118.245369928387916, 56.721286425430563 ], [ -118.24331815111924, 56.719902052444617 ], [ -118.242699260965921, 56.719394494554116 ], [ -118.240384424526894, 56.71705049801367 ], [ -118.239756386597548, 56.716414490664455 ], [ -118.23901232472339, 56.715660956741431 ], [ -118.236664287081211, 56.713386663068199 ], [ -118.233427012121595, 56.711170334693321 ], [ -118.230911513791526, 56.709651948134827 ], [ -118.229603639804083, 56.709119663354031 ], [ -118.227291117732079, 56.708607161981661 ], [ -118.227076492336067, 56.708566755803425 ], [ -118.226732978142095, 56.708502085622229 ], [ -118.219754820702462, 56.707188046615933 ], [ -118.21966714046826, 56.707171111625172 ], [ -118.21378450818905, 56.706006438881673 ], [ -118.213554216977116, 56.705957860783698 ], [ -118.2128906186243, 56.705809162027634 ], [ -118.207762684750833, 56.704659955279119 ], [ -118.204369321631503, 56.70396034098524 ], [ -118.201001507269993, 56.703265874148222 ], [ -118.191191622149603, 56.701331318446513 ], [ -118.185165858975012, 56.700121423262125 ], [ -118.17826490152521, 56.698735344338232 ], [ -118.177237895918864, 56.698529026393246 ], [ -118.172477891879822, 56.697572636799762 ], [ -118.170532376036618, 56.697181667099841 ], [ -118.166349998745389, 56.696413348438419 ], [ -118.165495421211261, 56.696329266835406 ], [ -118.164000917023529, 56.696182206528739 ], [ -118.162939016060903, 56.696077702054694 ], [ -118.162413369991285, 56.69601237894841 ], [ -118.159357936709696, 56.695552002150038 ], [ -118.159230771469552, 56.695532003834082 ], [ -118.158600957248836, 56.695428793913955 ], [ -118.155140017904657, 56.694861583068118 ], [ -118.152792685295239, 56.694476810409967 ], [ -118.152138879763271, 56.694408664536518 ], [ -118.150113429921248, 56.694590334899893 ], [ -118.140038907194878, 56.695899060958041 ], [ -118.139652649466626, 56.695941871362074 ], [ -118.135787290467576, 56.696297654590204 ], [ -118.135270107226916, 56.696345249562235 ], [ -118.133757325158641, 56.696484453070624 ], [ -118.132870954391535, 56.696529007661319 ], [ -118.129249730086897, 56.696561863252917 ], [ -118.126721691948745, 56.696584742621177 ], [ -118.125931589288385, 56.696563051057304 ], [ -118.125054280925937, 56.696506734774964 ], [ -118.123877351891977, 56.696431179197127 ], [ -118.123801526737154, 56.696426040238187 ], [ -118.122784760308789, 56.696303152782896 ], [ -118.121822234938165, 56.69608498240347 ], [ -118.121716529964559, 56.696054104826651 ], [ -118.121463074162861, 56.695978266823175 ], [ -118.120130549121527, 56.695579538860017 ], [ -118.119448399864226, 56.695341169294622 ], [ -118.118263280100308, 56.69486217912462 ], [ -118.117719126511133, 56.694642238953378 ], [ -118.116607475556464, 56.694057766135344 ], [ -118.114375645665959, 56.692536056903116 ], [ -118.113850518294043, 56.692114750689775 ], [ -118.112451556206224, 56.690780601757695 ], [ -118.110375692242883, 56.689585129306835 ], [ -118.109489281369605, 56.688926724107041 ], [ -118.108839691976158, 56.688291535037251 ], [ -118.106194640288734, 56.6865388209754 ], [ -118.104763848283937, 56.685725579673282 ], [ -118.086780306981666, 56.682427482341559 ], [ -118.0864846315405, 56.682368423150521 ], [ -118.085565419988001, 56.682169574503853 ], [ -118.080469525114083, 56.681067049664613 ], [ -118.079904050276852, 56.680925576818368 ], [ -118.079025705012995, 56.680618453425247 ], [ -118.078257610626338, 56.680232039888573 ], [ -118.077907076132504, 56.6800017081856 ], [ -118.075950013609869, 56.678589184140776 ], [ -118.073423462164371, 56.676765425305348 ], [ -118.073284428758512, 56.676665058744824 ], [ -118.069259980254515, 56.67375957053504 ], [ -118.065143929010091, 56.670788452727315 ], [ -118.064747471969838, 56.670586062872253 ], [ -118.064499320474866, 56.670531997601181 ], [ -118.064148749925863, 56.670455612322556 ], [ -118.058658565229777, 56.669684632389313 ], [ -118.057169240632305, 56.669475442235758 ], [ -118.053420397021824, 56.668948790170973 ], [ -118.051926559301023, 56.668742229629544 ], [ -118.048896637967047, 56.668323204760263 ], [ -118.041830088736859, 56.668250625390002 ], [ -118.041167091583787, 56.668223400465543 ], [ -118.040151336671585, 56.668099829742211 ], [ -118.039586574974209, 56.66798447663426 ], [ -118.033733401861781, 56.666599948220345 ], [ -118.033617071585923, 56.666572429816654 ], [ -118.033349932476696, 56.666504898096925 ], [ -118.029049774385697, 56.665346269138915 ], [ -118.028961540383364, 56.665344174149944 ], [ -118.028149498073759, 56.665253606869918 ], [ -118.025322168748943, 56.664823825649592 ], [ -118.024132493621394, 56.664642962736799 ], [ -118.023235291929069, 56.664550178884795 ], [ -118.01814383236956, 56.664023512261906 ], [ -118.018000154970792, 56.664007638788625 ], [ -118.015698812579785, 56.663737132023115 ], [ -118.015152216715691, 56.663657799657607 ], [ -118.014191126656939, 56.66343878547157 ], [ -118.01334117710114, 56.663142716763353 ], [ -118.005077383929532, 56.659694161961859 ], [ -118.002234409813369, 56.658770091919202 ], [ -118.001811381937287, 56.658618956617346 ], [ -118.001087885648417, 56.658335845500041 ], [ -118.000564730063559, 56.65810574493711 ], [ -117.999627615352665, 56.657643825722893 ], [ -117.999476703331396, 56.657555138231892 ], [ -117.997816126786631, 56.657043002555589 ], [ -117.997625421927438, 56.656981603374803 ], [ -117.996895189009578, 56.656736394112649 ], [ -117.996784145427497, 56.656698178759285 ], [ -117.995585575424997, 56.656275537006429 ], [ -117.995536160746965, 56.65625811077669 ], [ -117.995390644447127, 56.656205123337692 ], [ -117.991567023480457, 56.654768032928253 ], [ -117.991102382023897, 56.654574410775602 ], [ -117.989827100176072, 56.653986892568838 ], [ -117.989288448247706, 56.653705563739841 ], [ -117.988302659256917, 56.653122364650855 ], [ -117.987948407100731, 56.652892477460597 ], [ -117.987321895114022, 56.652445881634328 ], [ -117.986978996892276, 56.65217420129192 ], [ -117.986275577540709, 56.651552226870749 ], [ -117.986090224219765, 56.651376435559534 ], [ -117.985570071340788, 56.650845977172764 ], [ -117.985370023981105, 56.650622014595875 ], [ -117.984716047788154, 56.649813698373748 ], [ -117.98438449298412, 56.649288178132323 ], [ -117.984180609120571, 56.648847814136936 ], [ -117.984166647514044, 56.648817041712668 ], [ -117.983941883106226, 56.648311225429381 ], [ -117.983788387747481, 56.647781902619172 ], [ -117.983683094765539, 56.647027666787253 ], [ -117.983665899070957, 56.646739322919352 ], [ -117.983686430659077, 56.645717605443771 ], [ -117.983800799833602, 56.640025995492792 ], [ -117.983802831805491, 56.639969214628138 ], [ -117.983903982672956, 56.638003996151134 ], [ -117.983872513077159, 56.627728527802347 ], [ -117.983867756444965, 56.626173645862131 ], [ -117.983873474025941, 56.626024113273139 ], [ -117.98389249653971, 56.625785062115703 ], [ -117.983933730340766, 56.624989583335783 ], [ -117.98392132637035, 56.623759624664444 ], [ -117.983906771816748, 56.62231743712001 ], [ -117.983860188780994, 56.617690010965156 ], [ -117.983861143880347, 56.616687903449169 ], [ -117.983863499427926, 56.614238564178578 ], [ -117.983865848053256, 56.611802625771602 ], [ -117.983858790828975, 56.610023963861089 ], [ -117.983858869426584, 56.609998408196077 ], [ -117.983868472626369, 56.60905110518204 ], [ -117.983858747080944, 56.606778577752266 ], [ -117.983847286895909, 56.604087341649077 ], [ -117.983806039472597, 56.603788061742726 ], [ -117.983789253582486, 56.603574727987507 ], [ -117.983761620500616, 56.602173039146678 ], [ -117.983761293413721, 56.602127810554826 ], [ -117.983774073716717, 56.599712388175796 ], [ -117.983844840131056, 56.59542557617808 ], [ -117.989584902362878, 56.595421655516546 ], [ -117.98991234155865, 56.595421423372443 ], [ -117.995750630581099, 56.595886455537176 ], [ -117.995687881302601, 56.599761444724756 ], [ -117.995676238895214, 56.60212362301251 ], [ -117.995701720145661, 56.603395874102176 ], [ -117.99574499383823, 56.603709135153807 ], [ -117.995762191659864, 56.603950485027141 ], [ -117.995775050049645, 56.606762525970218 ], [ -117.995785551579132, 56.609048073645916 ], [ -117.995785482229095, 56.60907420022005 ], [ -117.995776175519879, 56.610021785778123 ], [ -117.995783774523943, 56.611801073092117 ], [ -117.995782188502133, 56.614241471242607 ], [ -117.995780605005748, 56.616690786445041 ], [ -117.995779972914335, 56.617682877998732 ], [ -117.995827812234992, 56.622280287850401 ], [ -117.995842821376627, 56.623722491188786 ], [ -117.995855909773553, 56.624981003313628 ], [ -117.995856196576028, 56.62500735775992 ], [ -117.995853903124456, 56.625120427378114 ], [ -117.995808728453184, 56.625997257597838 ], [ -117.995805450715991, 56.626047398402505 ], [ -117.995790440342361, 56.626236783005872 ], [ -117.995795434064519, 56.62771686032967 ], [ -117.995830311945767, 56.638041660456246 ], [ -117.995827955749377, 56.638140374982882 ], [ -117.995726350917863, 56.640126557056533 ], [ -117.995614341326387, 56.645789764258971 ], [ -117.995596987457631, 56.64666710258922 ], [ -117.995644858404859, 56.647009247137397 ], [ -117.995746776509378, 56.647238446407108 ], [ -117.995818340543451, 56.647392914947439 ], [ -117.996173812468513, 56.647832122816197 ], [ -117.996498539731206, 56.648163191007114 ], [ -117.996945389591914, 56.648558210830942 ], [ -117.997220497462123, 56.64875428155122 ], [ -117.997766177913547, 56.64907706765964 ], [ -117.998532451998969, 56.649430056978034 ], [ -118.002042783349211, 56.65074932319817 ], [ -118.003161656875264, 56.65114384492783 ], [ -118.003741611531069, 56.651338585278928 ], [ -118.004687806137554, 56.651630394504849 ], [ -118.005216379865203, 56.651744983777924 ], [ -118.005642042803657, 56.651856697485776 ], [ -118.005829682037827, 56.651908190059238 ], [ -118.006706771400914, 56.652215842131419 ], [ -118.007473566256792, 56.652602710690992 ], [ -118.007769412586157, 56.652794756352961 ], [ -118.007975502730176, 56.6529394283016 ], [ -118.008271558615093, 56.653085344558257 ], [ -118.008516006929455, 56.653180993848814 ], [ -118.011379488734462, 56.654111677581071 ], [ -118.01143789218294, 56.654130657138253 ], [ -118.012009380061826, 56.654341748792127 ], [ -118.019488666120992, 56.657462779754539 ], [ -118.020419187299083, 56.657572151943022 ], [ -118.02543778582293, 56.658091286858316 ], [ -118.026580513380154, 56.65820946110437 ], [ -118.027067175087339, 56.658271504226313 ], [ -118.028497645318836, 56.658488975493263 ], [ -118.030381271910798, 56.658775313408036 ], [ -118.031087607155641, 56.658792078346117 ], [ -118.032103084414899, 56.658915725620353 ], [ -118.032610462075255, 56.659017766446588 ], [ -118.033162720511882, 56.659144712226649 ], [ -118.03348685941522, 56.65922555235354 ], [ -118.038462461654447, 56.66056615994755 ], [ -118.043222183751183, 56.661692042456373 ], [ -118.049800111039005, 56.661759566026006 ], [ -118.051142805204464, 56.66185798946065 ], [ -118.054833382097272, 56.662368392064771 ], [ -118.056360054448703, 56.662579516446705 ], [ -118.060119308785417, 56.663107632646337 ], [ -118.061608399923799, 56.663316790340822 ], [ -118.067465794391325, 56.664139328134993 ], [ -118.068187079470547, 56.664267966773821 ], [ -118.068890745946888, 56.664421284507689 ], [ -118.070179602709061, 56.664702083702188 ], [ -118.070733599869087, 56.664841171378093 ], [ -118.07161150639422, 56.665148356935632 ], [ -118.072041221749842, 56.665347838476663 ], [ -118.07363494654895, 56.666161351023717 ], [ -118.074322680529974, 56.666578192092473 ], [ -118.078750990188254, 56.669774170245695 ], [ -118.082776403241269, 56.672679840208154 ], [ -118.082915450018959, 56.672780199616298 ], [ -118.08544216126117, 56.674603757594198 ], [ -118.086388367911738, 56.675286587520269 ], [ -118.089932211288058, 56.676053283422803 ], [ -118.090704886727565, 56.676220430441177 ], [ -118.108618725307522, 56.679505702532559 ], [ -118.109922654067276, 56.679744715617595 ], [ -118.110783882217248, 56.679945050997148 ], [ -118.111662462369083, 56.680251949424594 ], [ -118.112324998320759, 56.680576393896388 ], [ -118.112687043966019, 56.680782160443322 ], [ -118.114930594933327, 56.682057218579679 ], [ -118.115234469370122, 56.682243625211839 ], [ -118.118370345397494, 56.684321243340463 ], [ -118.11898060527237, 56.684809047389869 ], [ -118.119527263350605, 56.685343455121071 ], [ -118.121580832950045, 56.686525911613124 ], [ -118.122435844716534, 56.687153773102906 ], [ -118.123961212974649, 56.688608124675561 ], [ -118.125413837030024, 56.689598396855118 ], [ -118.126191849033944, 56.689912826066241 ], [ -118.126438150442283, 56.689979410123577 ], [ -118.126921669917763, 56.690010450228236 ], [ -118.129052998148154, 56.689991162558911 ], [ -118.132227481897914, 56.689962372701437 ], [ -118.133299929699305, 56.689863688398752 ], [ -118.133817043236419, 56.689816100341424 ], [ -118.13748739633688, 56.689478278526394 ], [ -118.147572989269349, 56.688168128313215 ], [ -118.147984839487336, 56.688122959610695 ], [ -118.151255673959625, 56.687829582541809 ], [ -118.153327696179858, 56.687844186194035 ], [ -118.155315567573751, 56.688051388377524 ], [ -118.15590916813359, 56.68813075747488 ], [ -118.158549223855417, 56.688563516493801 ], [ -118.162009652469635, 56.689130642068527 ], [ -118.162576044487395, 56.689223459739289 ], [ -118.165307121568105, 56.689634967036099 ], [ -118.166103372520141, 56.689713328786091 ], [ -118.167597604763515, 56.689860364076452 ], [ -118.168879914831166, 56.689986529009403 ], [ -118.169720096942783, 56.690104375728467 ], [ -118.174393439292814, 56.690962888546125 ], [ -118.174551250864454, 56.690993232927923 ], [ -118.176574977678158, 56.691399915726308 ], [ -118.181334270067822, 56.692356151659631 ], [ -118.182361140767071, 56.692562439842014 ], [ -118.189261112329717, 56.693948304517953 ], [ -118.195270191076048, 56.695154837096716 ], [ -118.205072025170125, 56.697087724907462 ], [ -118.205153570349253, 56.697104169391302 ], [ -118.208561559620392, 56.697806913602783 ], [ -118.212033713754025, 56.698522761300303 ], [ -118.212191405749067, 56.698556678964223 ], [ -118.217397103734157, 56.699723296789301 ], [ -118.217946393980824, 56.699846379546486 ], [ -118.223668417266694, 56.700979239692217 ], [ -118.230601493804585, 56.702284778414523 ], [ -118.230944917263898, 56.702349430541972 ], [ -118.231310108129023, 56.702418182487619 ], [ -118.231608238111917, 56.702479232913106 ], [ -118.234775583882993, 56.703181158257316 ], [ -118.236096368630768, 56.703587521392159 ], [ -118.238486659435466, 56.704560267900661 ], [ -118.239349127717105, 56.704988555777206 ], [ -118.242383138731242, 56.706819685777738 ], [ -118.242624883624032, 56.706975021411054 ], [ -118.246279597717489, 56.709476718762282 ], [ -118.246817526826192, 56.709912247198218 ], [ -118.249431080637279, 56.712443067986541 ], [ -118.249486064144492, 56.712497501110441 ], [ -118.25025729580878, 56.713278333910935 ], [ -118.250885460684174, 56.713914291586754 ], [ -118.252934362495935, 56.715988435614307 ], [ -118.254441020974568, 56.717004834744451 ], [ -118.256279461797703, 56.718014752396364 ], [ -118.256953754314054, 56.718456730704808 ], [ -118.261121356260034, 56.721734400718155 ], [ -118.262020993683009, 56.722211152670162 ], [ -118.262591186550736, 56.722435422427345 ], [ -118.265168674142359, 56.723449137989732 ], [ -118.265628635152069, 56.723630025687463 ], [ -118.269865432130558, 56.724943928584203 ], [ -118.276643189046553, 56.72704532462626 ], [ -118.278723103855327, 56.727690065830927 ], [ -118.285674780078324, 56.729804731680623 ], [ -118.29044217579029, 56.731254583488266 ], [ -118.29056836122858, 56.731292957309726 ], [ -118.291503076484616, 56.731577184029362 ], [ -118.291794483766679, 56.731671811691442 ], [ -118.294196176736421, 56.732502954762445 ], [ -118.300199175554454, 56.732996598558024 ], [ -118.30056908569756, 56.733027010244655 ], [ -118.300932451754761, 56.733063222362894 ], [ -118.310485280071475, 56.734183368388187 ], [ -118.312684598794277, 56.734394493847972 ], [ -118.315183388997895, 56.734634326609964 ], [ -118.321961710154724, 56.735284626165033 ], [ -118.3223954539109, 56.73533540304004 ], [ -118.324759205146393, 56.735662901264647 ], [ -118.326163110703646, 56.735965162652789 ], [ -118.328432480186962, 56.736646183316878 ], [ -118.329061183071374, 56.73686374877154 ], [ -118.331663771536483, 56.737893749143112 ], [ -118.331982622923661, 56.738029125094521 ], [ -118.334441194892918, 56.739147601047897 ], [ -118.335895140138206, 56.739808988175596 ], [ -118.336022316069929, 56.739868502743889 ], [ -118.336205846994716, 56.739956848394627 ], [ -118.351660493768975, 56.747392032693433 ], [ -118.353557434715555, 56.748092837224434 ], [ -118.353789844659687, 56.748183181617428 ], [ -118.357195822820429, 56.749575086913595 ], [ -118.35761988260532, 56.749765545020097 ], [ -118.360823134770698, 56.751343938772479 ], [ -118.361569105632896, 56.75178570794634 ], [ -118.363221625509468, 56.752964946411545 ], [ -118.363615306734076, 56.753282722608127 ], [ -118.364831634450695, 56.754399816629309 ], [ -118.365226135476377, 56.754831209348566 ], [ -118.36532162025, 56.754958092411108 ], [ -118.366124671200168, 56.756025179264078 ], [ -118.366380766432513, 56.756442822661512 ], [ -118.366821722599369, 56.757361529666085 ], [ -118.367140092686583, 56.757955778431437 ], [ -118.367382787542681, 56.758835802600927 ], [ -118.367594640514724, 56.766872881012233 ], [ -118.367651295631021, 56.766917592364251 ], [ -118.367793811549589, 56.7669844116514 ], [ -118.368046791660547, 56.767031546682496 ], [ -118.368972188085607, 56.76717114303127 ], [ -118.37488157960955, 56.767254943614638 ], [ -118.374683058834293, 56.76847442479761 ], [ -118.374663143718408, 56.769295733621952 ], [ -118.374731662542047, 56.770141468326031 ], [ -118.374833166321807, 56.770540868232587 ], [ -118.375177844289766, 56.77125039760881 ], [ -118.37591948382655, 56.772610546659266 ], [ -118.376603583046077, 56.773666356503668 ] ] ] ] } },
{ "type": "Feature", "properties": { "PSCW_NAME": "Peace River Pulp Road A Corridor", "PSCW_CODE": "CW009", "GlobalID": "{AF8EFD04-E380-4E45-9CA5-AFE5F0B2C5F7}" }, "geometry": { "type": "MultiPolygon", "coordinates": [ [ [ [ -117.656069171190239, 56.406449777722166 ], [ -117.656131807924027, 56.406243096130012 ], [ -117.657388261863275, 56.403244412782669 ], [ -117.657566597790264, 56.402818748784625 ], [ -117.657958244381433, 56.401883904013239 ], [ -117.658727741307928, 56.400047035861569 ], [ -117.658874630656527, 56.400063096777409 ], [ -117.664770669335937, 56.400909956585188 ], [ -117.667434261963649, 56.401292434325434 ], [ -117.667564972276935, 56.401312088301708 ], [ -117.671946526987426, 56.402000717972619 ], [ -117.672047762630058, 56.402017167612442 ], [ -117.672391341572464, 56.402074841539111 ], [ -117.672483829925341, 56.402082930059841 ], [ -117.673156900008735, 56.402066835032294 ], [ -117.676475882228331, 56.401907533999569 ], [ -117.678521957859445, 56.401813271043295 ], [ -117.683306404684743, 56.401569437558308 ], [ -117.689118182273162, 56.401279429496498 ], [ -117.690270672059142, 56.401221892927886 ], [ -117.690360081808777, 56.40121780700489 ], [ -117.692078226643204, 56.401146530525878 ], [ -117.692733126447934, 56.40113948504586 ], [ -117.693613412215242, 56.401157006611179 ], [ -117.694394942282912, 56.401201450851467 ], [ -117.695124436718089, 56.401270271665545 ], [ -117.695840977329155, 56.40136357407782 ], [ -117.696652599361059, 56.401499234310762 ], [ -117.697727278948463, 56.401744873078712 ], [ -117.69839848085519, 56.401943006614282 ], [ -117.699443538992227, 56.402335986043504 ], [ -117.700464767671974, 56.402815494457471 ], [ -117.701564244842743, 56.4032524531153 ], [ -117.701672890743723, 56.403296676418343 ], [ -117.705440582335385, 56.404867002828937 ], [ -117.709416454808803, 56.406523857423842 ], [ -117.71585024162782, 56.409223905499694 ], [ -117.715886400723448, 56.409239199793106 ], [ -117.717314165208279, 56.409847893671966 ], [ -117.717817763931421, 56.410088670705719 ], [ -117.718533146517572, 56.410471523942739 ], [ -117.718717624967894, 56.410574713704726 ], [ -117.718820786259371, 56.410635027556026 ], [ -117.720988490451646, 56.410992816254151 ], [ -117.721072151733622, 56.411006997263883 ], [ -117.729554323316989, 56.412482458241378 ], [ -117.733065929601466, 56.413055803289225 ], [ -117.733258891098458, 56.412995478549448 ], [ -117.733373109951117, 56.412960682159685 ], [ -117.739560301564751, 56.411124322532558 ], [ -117.743804655795088, 56.409864316787122 ], [ -117.744007736559851, 56.409806782076338 ], [ -117.744772571091303, 56.409600282604103 ], [ -117.74492652213155, 56.409560220110613 ], [ -117.745752039206977, 56.409353352746798 ], [ -117.746435501886907, 56.409209505200067 ], [ -117.747211863353058, 56.409075826935513 ], [ -117.747942623939849, 56.408977679146922 ], [ -117.748861478326248, 56.408888016183809 ], [ -117.748986919918366, 56.408876542093871 ], [ -117.749905973020816, 56.408798078987836 ], [ -117.750511343938683, 56.408763911697768 ], [ -117.757190028552557, 56.408578043028619 ], [ -117.760335045942043, 56.408475723056235 ], [ -117.76106115718143, 56.408450069836633 ], [ -117.761328374434299, 56.408419641715227 ], [ -117.76221457485974, 56.408261211468812 ], [ -117.766929334702255, 56.407431187231971 ], [ -117.768370502410917, 56.407177427528346 ], [ -117.770821133914112, 56.406745906203248 ], [ -117.778693801723023, 56.405378718664039 ], [ -117.778807351099942, 56.405359685461974 ], [ -117.780632708729954, 56.405063822845833 ], [ -117.780852775829104, 56.404998386701884 ], [ -117.781390813581126, 56.404823940442682 ], [ -117.781627324627706, 56.404735712223776 ], [ -117.787971317013231, 56.402368728733279 ], [ -117.789416503326095, 56.401829438459387 ], [ -117.789458067967814, 56.401814068096648 ], [ -117.79081325484735, 56.401317485403759 ], [ -117.790932390821368, 56.401274954524737 ], [ -117.791655424691768, 56.401023559782509 ], [ -117.791696437814153, 56.401009428486759 ], [ -117.791964744502792, 56.40091781830111 ], [ -117.793332161961501, 56.400450891562286 ], [ -117.802210037185574, 56.39722284163868 ], [ -117.802355956281858, 56.397153565477055 ], [ -117.802488839429543, 56.397079670596312 ], [ -117.80266171920195, 56.396964042398061 ], [ -117.803252105626839, 56.396522637671218 ], [ -117.808344923839201, 56.392376396477168 ], [ -117.808467514094673, 56.392280322284506 ], [ -117.810363978715898, 56.390849043923424 ], [ -117.815416284907215, 56.387035354780522 ], [ -117.816548001833823, 56.386108610227588 ], [ -117.825644436899495, 56.378657664520276 ], [ -117.826363598467253, 56.378068450099079 ], [ -117.830028923724001, 56.375052149721775 ], [ -117.831805448939534, 56.373589986397135 ], [ -117.831908366642011, 56.373507994321002 ], [ -117.832365822556028, 56.373155105834762 ], [ -117.832624236521099, 56.372955747998041 ], [ -117.833032920342333, 56.372624760180194 ], [ -117.833266427486024, 56.372448524768203 ], [ -117.833359029066344, 56.372383299574473 ], [ -117.833893565107829, 56.372006797132208 ], [ -117.834150833051851, 56.371837634073003 ], [ -117.83525320220194, 56.37116041662874 ], [ -117.842450526747655, 56.366672187018111 ], [ -117.843302405941046, 56.366126485664104 ], [ -117.850375710554005, 56.361594595484526 ], [ -117.850860462828933, 56.36131850138878 ], [ -117.851680520890582, 56.360970786853493 ], [ -117.85259687981349, 56.360707395720084 ], [ -117.853581702506276, 56.360536328259101 ], [ -117.854605068894841, 56.360462782938384 ], [ -117.854792052192025, 56.360460116046077 ], [ -117.855729611909638, 56.360454963271415 ], [ -117.855814487450999, 56.360454834780867 ], [ -117.858783254667003, 56.36046209903364 ], [ -117.871911886257891, 56.360435900656775 ], [ -117.871996832807937, 56.360436065163803 ], [ -117.874870964527631, 56.360453036521164 ], [ -117.874967563618512, 56.360454043620429 ], [ -117.877094476293266, 56.360485835203313 ], [ -117.888486662940352, 56.360489795636006 ], [ -117.89762017156589, 56.360463707899314 ], [ -117.897748223900734, 56.360464106269873 ], [ -117.89932222465778, 56.360478442824551 ], [ -117.900474848077593, 56.360475421501434 ], [ -117.907520582935277, 56.360456712984075 ], [ -117.908473082174012, 56.36044306294135 ], [ -117.908622801406395, 56.360441968353946 ], [ -117.910738545560122, 56.360441334033503 ], [ -117.910928331352125, 56.360442964126818 ], [ -117.91228605971871, 56.360466710528492 ], [ -117.913419552497061, 56.360468512859633 ], [ -117.914749583127971, 56.360449190000118 ], [ -117.914936932022329, 56.360448113287596 ], [ -117.921305712563466, 56.360467297863195 ], [ -117.923288767111842, 56.360453039948432 ], [ -117.923398120812621, 56.360452814412149 ], [ -117.926321273489108, 56.360461714292093 ], [ -117.932267821654875, 56.360436472109278 ], [ -117.932351682927631, 56.360436443734166 ], [ -117.937672216600532, 56.360455453819441 ], [ -117.941454643069164, 56.360440799850473 ], [ -117.945008301925455, 56.360400862110829 ], [ -117.945181769269027, 56.360400320521279 ], [ -117.94873103794751, 56.360418068690223 ], [ -117.952911385647425, 56.360398506817837 ], [ -117.95319746938307, 56.360398333119115 ], [ -117.960855288674821, 56.360393389747877 ], [ -117.964263431360948, 56.360364090012432 ], [ -117.964446708056045, 56.360364087022489 ], [ -117.972792729360734, 56.360435384177734 ], [ -117.97972389150415, 56.360400967423523 ], [ -117.979823342784442, 56.360400934731381 ], [ -117.988571406836314, 56.360438523252533 ], [ -117.99070734957948, 56.360427633524296 ], [ -117.990857827277352, 56.36042792649932 ], [ -117.993331741096043, 56.360450177417121 ], [ -117.996066599659414, 56.360430709844699 ], [ -117.997725347882067, 56.360422378754862 ], [ -117.997827512327945, 56.360422354064205 ], [ -117.999921093492048, 56.360431862806287 ], [ -118.000049935774882, 56.36043245367248 ], [ -118.000801129990393, 56.360435852182455 ], [ -118.00137321890584, 56.360435920580187 ], [ -118.022810693982805, 56.360405627571495 ], [ -118.022857773903922, 56.360405661201156 ], [ -118.035818637442262, 56.360442764699968 ], [ -118.049557785583588, 56.360480615228276 ], [ -118.053394617564607, 56.360448820594478 ], [ -118.053479814278006, 56.360448453321574 ], [ -118.070068861269959, 56.360442156020994 ], [ -118.079844135368077, 56.360437408929634 ], [ -118.085951269685665, 56.360430638123816 ], [ -118.092410147126728, 56.360423158414832 ], [ -118.096984745591115, 56.360418539221421 ], [ -118.106047366347028, 56.360408891609822 ], [ -118.114384620144108, 56.360369024106674 ], [ -118.11449069767022, 56.360369040419371 ], [ -118.118699988418797, 56.360390570287279 ], [ -118.133280105585072, 56.360386284776929 ], [ -118.147361166970597, 56.360380512521353 ], [ -118.158883959292098, 56.36037460625429 ], [ -118.162931937974108, 56.360377979431966 ], [ -118.164928107678946, 56.360379591585243 ], [ -118.185482597629232, 56.360394332463315 ], [ -118.186487522360849, 56.360383248327331 ], [ -118.189204278479806, 56.360353233905101 ], [ -118.18931802457989, 56.360352583047963 ], [ -118.18938291224066, 56.360352557979851 ], [ -118.195768517135988, 56.360349520243176 ], [ -118.203613963229344, 56.36034534628935 ], [ -118.21041193881598, 56.360341323773945 ], [ -118.210530265614665, 56.360341907081825 ], [ -118.21160173824083, 56.360353129446715 ], [ -118.211601393320748, 56.363671209630397 ], [ -118.211601374611632, 56.363851854898634 ], [ -118.211601025172996, 56.366926031786925 ], [ -118.210366021611662, 56.366913100363377 ], [ -118.203626047243517, 56.366917099082372 ], [ -118.195779255049217, 56.366921289031772 ], [ -118.189383293532615, 56.366924341788099 ], [ -118.186722917226263, 56.366953738145156 ], [ -118.1856556269463, 56.366965511760306 ], [ -118.18553129434234, 56.366966157802871 ], [ -118.164911097101253, 56.366951412439001 ], [ -118.162914573950587, 56.366949804146138 ], [ -118.158873401, 56.366946444791161 ], [ -118.147371173362586, 56.366952372292396 ], [ -118.133287682494057, 56.366958171991541 ], [ -118.118676613682723, 56.366962493683147 ], [ -118.11861973832734, 56.366962355366447 ], [ -118.114434332837476, 56.366940957642505 ], [ -118.106090351349479, 56.366980798115286 ], [ -118.09700672327574, 56.366990487362401 ], [ -118.09243339637473, 56.366995113222217 ], [ -118.085975475860138, 56.367002604312709 ], [ -118.079861338579349, 56.367009392763926 ], [ -118.070078417607448, 56.367014163352955 ], [ -118.05352912321942, 56.367020479246577 ], [ -118.049675737804179, 56.367052416505956 ], [ -118.049558737707798, 56.367052742826843 ], [ -118.035758719409003, 56.367014753430865 ], [ -118.02281916693417, 56.366977735982211 ], [ -118.001378439430184, 56.367008058782979 ], [ -118.000775090572375, 56.367007987292268 ], [ -118.000728171945568, 56.367007878295446 ], [ -117.999952765614964, 56.367004371487063 ], [ -117.999823842684634, 56.36700378038789 ], [ -117.99778155899169, 56.366994508510622 ], [ -117.996184931308122, 56.367002530991293 ], [ -117.993397691980874, 56.367022399937582 ], [ -117.993225987553899, 56.367022239496762 ], [ -117.99074104514763, 56.366999895390606 ], [ -117.988630123810154, 56.367010660016575 ], [ -117.98853039160214, 56.367010701834623 ], [ -117.979780691123878, 56.366973125996999 ], [ -117.972826363776591, 56.367007666778981 ], [ -117.972682960834561, 56.367007411083861 ], [ -117.964355457225992, 56.366936293569616 ], [ -117.960996224372693, 56.366965177065403 ], [ -117.960911901290174, 56.366965567523778 ], [ -117.953210528900001, 56.366970554022707 ], [ -117.952946253615735, 56.366970715344848 ], [ -117.948779405690999, 56.366990309900039 ], [ -117.948676266340669, 56.366990294594757 ], [ -117.945161573701469, 56.366972727347672 ], [ -117.941654945873339, 56.367012140817941 ], [ -117.941576738775666, 56.36701273257917 ], [ -117.937715035003293, 56.367027700504295 ], [ -117.937635995915386, 56.367027713296388 ], [ -117.932316965525601, 56.367008719644112 ], [ -117.92637264595885, 56.367033960988195 ], [ -117.926295278556921, 56.367034007084669 ], [ -117.923387625925784, 56.367025160464308 ], [ -117.921404693099959, 56.367039418890386 ], [ -117.921296249168165, 56.367039647042809 ], [ -117.914965852865038, 56.367020592953551 ], [ -117.913643404161022, 56.367039807823481 ], [ -117.913471647741034, 56.367040918322587 ], [ -117.912167352058844, 56.367038847696342 ], [ -117.911997963852315, 56.367037232409075 ], [ -117.910650212980627, 56.367013663520559 ], [ -117.908703922718942, 56.367014250895359 ], [ -117.907764061693868, 56.367027720813851 ], [ -117.907639927765715, 56.367028776463577 ], [ -117.900530891175706, 56.367047667451011 ], [ -117.899315565596552, 56.367050854695755 ], [ -117.899190590019813, 56.367050449501292 ], [ -117.897617866543868, 56.367036128208596 ], [ -117.888496893731087, 56.367062140260515 ], [ -117.877008543944058, 56.36705816450533 ], [ -117.876853460474422, 56.367056975573959 ], [ -117.874696955772521, 56.367024746699684 ], [ -117.87191312503117, 56.367008312679488 ], [ -117.858801368000471, 56.367034497085868 ], [ -117.858754677947672, 56.367034485487522 ], [ -117.857556582237791, 56.367031564187947 ], [ -117.852253066699816, 56.370429929888893 ], [ -117.851375559061125, 56.370992134394392 ], [ -117.851323852418176, 56.37102482168067 ], [ -117.844057208924639, 56.375556814508521 ], [ -117.843074051182924, 56.37616088651064 ], [ -117.842692571989033, 56.376429628791286 ], [ -117.842357157996986, 56.37670133088546 ], [ -117.842279422933089, 56.376762782206676 ], [ -117.841981461972864, 56.376992693990744 ], [ -117.841576555802973, 56.377305105801788 ], [ -117.839850570777344, 56.378725972807004 ], [ -117.836179100983912, 56.38174795846281 ], [ -117.835453431394029, 56.382342642781929 ], [ -117.826358055926235, 56.389794309083008 ], [ -117.82516287279212, 56.390773232674341 ], [ -117.825032140778674, 56.390876012751697 ], [ -117.819913152842375, 56.394740785389281 ], [ -117.818079696526652, 56.396124779260127 ], [ -117.812980234556719, 56.400277296480489 ], [ -117.812842388013536, 56.400384825496666 ], [ -117.812085742813991, 56.400950641278925 ], [ -117.811888044084611, 56.401090415964632 ], [ -117.811439281416128, 56.401390613093689 ], [ -117.811073547230833, 56.401613603715205 ], [ -117.810583721815163, 56.401886026791189 ], [ -117.810241537689777, 56.402061909615639 ], [ -117.809630695909703, 56.402351940889147 ], [ -117.80902653631891, 56.402603624380333 ], [ -117.799761147003295, 56.40597281955376 ], [ -117.79961940003632, 56.406022775447681 ], [ -117.798180247472573, 56.406514228088703 ], [ -117.797932376302811, 56.406598865448949 ], [ -117.797289767042969, 56.406822310423365 ], [ -117.796014432575632, 56.407289665138684 ], [ -117.794589878469026, 56.407821293579126 ], [ -117.788245320093779, 56.410188653345884 ], [ -117.787853505268629, 56.410334824534196 ], [ -117.787536868204157, 56.410445069432129 ], [ -117.786742945704347, 56.410702495395995 ], [ -117.78655222081963, 56.410761746614313 ], [ -117.785858404692434, 56.41096805906448 ], [ -117.785078465645014, 56.41116125236848 ], [ -117.784473933383907, 56.411282856454797 ], [ -117.784111099352685, 56.411348591508116 ], [ -117.782181564094884, 56.411660410571749 ], [ -117.774375882860198, 56.413015996666466 ], [ -117.771959454568091, 56.413441535033975 ], [ -117.770518066994356, 56.41369533947357 ], [ -117.765815524235322, 56.414523234860461 ], [ -117.764658924720678, 56.414730056246029 ], [ -117.764031918215622, 56.414821521583271 ], [ -117.763042600890188, 56.414934177301987 ], [ -117.762226928124122, 56.414994730556977 ], [ -117.76104470937662, 56.415036461603819 ], [ -117.75785954735835, 56.415140093218582 ], [ -117.757809893676594, 56.415141591582284 ], [ -117.751409551438059, 56.415319733564914 ], [ -117.750854340991594, 56.415367134991634 ], [ -117.750369020081735, 56.415414495052303 ], [ -117.750302149189537, 56.415426009919585 ], [ -117.749887791602973, 56.415529846750296 ], [ -117.749301887592338, 56.415688044354091 ], [ -117.74515763560558, 56.416918390122305 ], [ -117.739027246166401, 56.418737981730843 ], [ -117.738078203990156, 56.419034689249635 ], [ -117.737278491896959, 56.419242815233297 ], [ -117.736623414954408, 56.419381310641782 ], [ -117.735814691643256, 56.419516586430682 ], [ -117.73510802892956, 56.419604910412765 ], [ -117.734058080961546, 56.419682379592643 ], [ -117.733430975768286, 56.419697297578985 ], [ -117.732703025837793, 56.419689811590729 ], [ -117.732145992225242, 56.41966506206856 ], [ -117.731175590210697, 56.419576590767633 ], [ -117.730363873169523, 56.419463594637449 ], [ -117.730133000731797, 56.419428695067239 ], [ -117.726153852470063, 56.418779017768898 ], [ -117.726054391519966, 56.418762250592451 ], [ -117.71756309219343, 56.417285196747741 ], [ -117.714945679113484, 56.416853173429715 ], [ -117.714018323880836, 56.416651702337745 ], [ -117.713401760502862, 56.41648337490151 ], [ -117.713092871375565, 56.416399046210294 ], [ -117.712493742018154, 56.416210759423237 ], [ -117.7118621596845, 56.415984433812717 ], [ -117.710778421748216, 56.415485603147644 ], [ -117.710203675675274, 56.415149538408741 ], [ -117.709822187807589, 56.414945353123571 ], [ -117.708676378986894, 56.414456825305685 ], [ -117.70226857455593, 56.411767482521491 ], [ -117.698317245104548, 56.410120761450955 ], [ -117.694603191554492, 56.408572680308545 ], [ -117.693363835391509, 56.408080095174604 ], [ -117.692986558383453, 56.40791696789924 ], [ -117.692561732248166, 56.40771748079699 ], [ -117.691289111582648, 56.407770275411821 ], [ -117.690181154412329, 56.407825590145315 ], [ -117.684391838342123, 56.40811447377336 ], [ -117.679580879543366, 56.408359666220555 ], [ -117.679529457183435, 56.408362160592013 ], [ -117.677467649848481, 56.408457152258208 ], [ -117.674051446015383, 56.408621144039046 ], [ -117.673795759773071, 56.408630331897342 ], [ -117.672582320428504, 56.40865934877506 ], [ -117.671759366186663, 56.408647297303716 ], [ -117.671091044748238, 56.408611649576244 ], [ -117.670623234636437, 56.408576221679979 ], [ -117.66997467624148, 56.408512423448521 ], [ -117.669292656160422, 56.408421972423064 ], [ -117.668663343598212, 56.408316336251978 ], [ -117.664397030218922, 56.407645820726124 ], [ -117.661798602536692, 56.407272700750816 ], [ -117.656069171190239, 56.406449777722166 ] ] ] ] } },
{ "type": "Feature", "properties": { "PSCW_NAME": "Highway 734 and North Saskatchewan River Corridor", "PSCW_CODE": "CW019", "GlobalID": "{2520956E-F9A6-4A29-BBC5-292910F35220}" }, "geometry": { "type": "MultiPolygon", "coordinates": [ [ [ [ -116.147126180261054, 52.500385294710753 ], [ -116.146900371152242, 52.500385129402439 ], [ -116.146575539960679, 52.50034863955846 ], [ -116.146321372116489, 52.500270414358681 ], [ -116.146145655854198, 52.500191710987721 ], [ -116.145527869975339, 52.500064983659158 ], [ -116.145410462694571, 52.500040905994041 ], [ -116.145293198850155, 52.500010718827568 ], [ -116.145252385164639, 52.500000222807429 ], [ -116.145124985392442, 52.499993358573036 ], [ -116.144843405370636, 52.49999061717773 ], [ -116.144769277244421, 52.499994313410006 ], [ -116.144651219583352, 52.500000204720571 ], [ -116.144533342672744, 52.500006075291594 ], [ -116.144011885444044, 52.500032063149369 ], [ -116.143619421599652, 52.500028051666199 ], [ -116.143564132410845, 52.500027477146716 ], [ -116.14353232508897, 52.500023838833393 ], [ -116.143442995983619, 52.500013613272905 ], [ -116.143325454243808, 52.50000014895641 ], [ -116.143207816718032, 52.499986678289737 ], [ -116.14258016019744, 52.499914807959421 ], [ -116.142195928289496, 52.499884737839025 ], [ -116.141888625981906, 52.499917209108034 ], [ -116.141635775305986, 52.499989970807285 ], [ -116.141579937154134, 52.500000061514747 ], [ -116.141461697796927, 52.500021423318401 ], [ -116.141353937888837, 52.500040887747424 ], [ -116.141261601913357, 52.50004758434978 ], [ -116.141039564137643, 52.500063675352571 ], [ -116.140843403892077, 52.500049069054839 ], [ -116.140734280740062, 52.500040940015069 ], [ -116.140617655646381, 52.500000004727355 ], [ -116.140500584949777, 52.499958915439542 ], [ -116.140234721329961, 52.499865580037216 ], [ -116.139941915481259, 52.499816523187938 ], [ -116.139611148514547, 52.499836930328385 ], [ -116.139338709747875, 52.499884788211759 ], [ -116.139022937209603, 52.499906943476581 ], [ -116.138695105647855, 52.499885454381761 ], [ -116.138472099543435, 52.499795151791112 ], [ -116.138312493727014, 52.499670010337113 ], [ -116.138122693811525, 52.499556378552221 ], [ -116.137903017340491, 52.499472031217074 ], [ -116.137713217366681, 52.499358379893195 ], [ -116.137552012444402, 52.499227322910073 ], [ -116.137442528090531, 52.498838324106316 ], [ -116.137327696455003, 52.498687254000963 ], [ -116.137182496590995, 52.498549899588781 ], [ -116.136916563101551, 52.498483299974353 ], [ -116.136502878804265, 52.498679707262191 ], [ -116.136174305662763, 52.498685642631457 ], [ -116.135918758880649, 52.498626669756199 ], [ -116.135491134075508, 52.498416702720526 ], [ -116.135232728481299, 52.498333039692909 ], [ -116.134953303117115, 52.498277091990779 ], [ -116.134724709594806, 52.498366169061391 ], [ -116.134596200571607, 52.498484096267312 ], [ -116.13395136154918, 52.497064707715737 ], [ -116.131938316229807, 52.493332813232868 ], [ -116.131500337685736, 52.49267993300267 ], [ -116.13111193598759, 52.492288309076031 ], [ -116.127489882366149, 52.488947996786415 ], [ -116.127221237721272, 52.488716898829331 ], [ -116.125936368933267, 52.488201654444993 ], [ -116.125543264478935, 52.488094352056144 ], [ -116.124699852614768, 52.487808051970518 ], [ -116.123681741497748, 52.48736039699282 ], [ -116.122934147913497, 52.486942925117262 ], [ -116.121944740744979, 52.486202209938128 ], [ -116.121458852433321, 52.48570541929206 ], [ -116.121352541571326, 52.485591633886834 ], [ -116.120826426550693, 52.48500151296065 ], [ -116.120721650491802, 52.484883987937472 ], [ -116.120610518621646, 52.484736639717745 ], [ -116.119741137642805, 52.483863130414569 ], [ -116.119443478653622, 52.483509747747391 ], [ -116.118873516824465, 52.482718952777255 ], [ -116.118761845944249, 52.482551696497417 ], [ -116.118634900777579, 52.482345546020866 ], [ -116.118253369735726, 52.482119517662582 ], [ -116.118043708812365, 52.481988184559022 ], [ -116.116718373457203, 52.481110269392175 ], [ -116.116171612986676, 52.480766190835219 ], [ -116.116039448746591, 52.480704364172574 ], [ -116.115899924084815, 52.480670732660521 ], [ -116.114959188922327, 52.480535197700483 ], [ -116.109723896703784, 52.480257376126964 ], [ -116.108902777044278, 52.480174379755724 ], [ -116.107625060484537, 52.479982314752647 ], [ -116.107148292158698, 52.479896216743938 ], [ -116.10687444049266, 52.479821347756385 ], [ -116.106291212492877, 52.479661891834688 ], [ -116.105593530361034, 52.479379082337843 ], [ -116.104604244196949, 52.478900171677033 ], [ -116.104533720147714, 52.478856504991668 ], [ -116.10387453714452, 52.478448342190411 ], [ -116.103594189081392, 52.478274748158945 ], [ -116.103298055249155, 52.477993521177794 ], [ -116.10318771713105, 52.477937409228964 ], [ -116.103132233709772, 52.477854496346772 ], [ -116.102966128734536, 52.477714285791514 ], [ -116.102576597366379, 52.477385475208827 ], [ -116.102498495894054, 52.477303025621609 ], [ -116.10235441113565, 52.477114740796999 ], [ -116.102273757391046, 52.477009346307028 ], [ -116.102162628859944, 52.476936307355786 ], [ -116.101969688718924, 52.476684173149387 ], [ -116.101818634866135, 52.476506786146466 ], [ -116.1016079445439, 52.476259363291206 ], [ -116.101351111271867, 52.475707857774026 ], [ -116.101255022152131, 52.475137497964575 ], [ -116.101254528805001, 52.475110482112548 ], [ -116.101248681340635, 52.47460259946704 ], [ -116.101343923927288, 52.474160347089573 ], [ -116.101441617071941, 52.473706711165718 ], [ -116.102324190370169, 52.471748192469491 ], [ -116.102390790114626, 52.471611973777314 ], [ -116.102796072114103, 52.47084395908108 ], [ -116.101355199626127, 52.470239442339903 ], [ -116.100463766829975, 52.469897235633773 ], [ -116.100222976727721, 52.469804798265741 ], [ -116.099955955444997, 52.469702289809177 ], [ -116.099856291232115, 52.469653234917601 ], [ -116.099673457205867, 52.469590408775147 ], [ -116.099622769238664, 52.469558152792672 ], [ -116.099063482661421, 52.469344773211866 ], [ -116.096963218752549, 52.46854343327103 ], [ -116.096712518581228, 52.468438073272935 ], [ -116.096189586680964, 52.468218299816137 ], [ -116.096083566298276, 52.468155486449326 ], [ -116.094552063751124, 52.467359525188051 ], [ -116.093991846097012, 52.467018333208387 ], [ -116.093441785934729, 52.466553687930244 ], [ -116.093240193163936, 52.4663281326796 ], [ -116.09239950048682, 52.465293299587195 ], [ -116.092191530263563, 52.465002940475962 ], [ -116.091934881607486, 52.464451411719594 ], [ -116.091858998575361, 52.464119270086343 ], [ -116.091699202085891, 52.463008543919223 ], [ -116.091726066420762, 52.462284530878577 ], [ -116.09232793891961, 52.459535846716946 ], [ -116.093230360649031, 52.455413988652282 ], [ -116.09326199282151, 52.455288093351847 ], [ -116.093724245490833, 52.453659265906502 ], [ -116.093739826647365, 52.453620131713265 ], [ -116.093931387776408, 52.453157431318708 ], [ -116.093959462046385, 52.453104406813821 ], [ -116.094470470622213, 52.452139235779121 ], [ -116.094693245100601, 52.451792045133573 ], [ -116.094879148030728, 52.451544599048439 ], [ -116.095095332258808, 52.451256845069523 ], [ -116.095270626854528, 52.451023519520561 ], [ -116.095498805218327, 52.450719799477191 ], [ -116.095710749830459, 52.45046706853163 ], [ -116.097275980412519, 52.448783790750156 ], [ -116.097561292443132, 52.448318420283364 ], [ -116.097995221460849, 52.447338674116715 ], [ -116.098411894278684, 52.445575914518535 ], [ -116.098424124218127, 52.445524175616583 ], [ -116.098498797749286, 52.445343459822176 ], [ -116.098486261717028, 52.445266922676396 ], [ -116.099024973757238, 52.443296448513649 ], [ -116.09903646223033, 52.443250513221479 ], [ -116.099220818696651, 52.442513338809007 ], [ -116.099188071712831, 52.442349800063297 ], [ -116.099245418444511, 52.441864305717317 ], [ -116.099263856311879, 52.441778575382266 ], [ -116.099857311878424, 52.439019111017529 ], [ -116.099878001913865, 52.438933193188895 ], [ -116.100107008497474, 52.438377161573158 ], [ -116.100490518598605, 52.437853878522859 ], [ -116.100648952248321, 52.43769129446494 ], [ -116.100952813355008, 52.437398939213715 ], [ -116.100861102442309, 52.43729793216712 ], [ -116.100574438157011, 52.436956735608639 ], [ -116.100318060011304, 52.436601388189288 ], [ -116.099956136027473, 52.436006938013328 ], [ -116.099705878939403, 52.435644566234345 ], [ -116.099616806011085, 52.435546225671033 ], [ -116.099269774625171, 52.435201819751214 ], [ -116.098748909156996, 52.434721577156061 ], [ -116.09839413484049, 52.434341859844075 ], [ -116.09793442014265, 52.43376364460665 ], [ -116.097428877461923, 52.432704162464589 ], [ -116.097349269537162, 52.432283715420404 ], [ -116.097313595951178, 52.431910875562572 ], [ -116.097309446266507, 52.430339669233057 ], [ -116.097298081909187, 52.43006660656993 ], [ -116.097284317066752, 52.430019648357273 ], [ -116.097071189750181, 52.429725617393792 ], [ -116.096788672308477, 52.4292235831361 ], [ -116.096592584777085, 52.428773917948398 ], [ -116.096496666294286, 52.428203549044561 ], [ -116.096509512885888, 52.427921101863944 ], [ -116.096594278387457, 52.427190004426897 ], [ -116.096757009421594, 52.426587694040762 ], [ -116.09764022281982, 52.4245299599595 ], [ -116.098199616468094, 52.423095144895399 ], [ -116.098236940339063, 52.423005069200904 ], [ -116.09848160529917, 52.422460004168272 ], [ -116.09840357842387, 52.422397002885916 ], [ -116.098273272680061, 52.42227615300709 ], [ -116.097649231981507, 52.42169738249094 ], [ -116.097518940912664, 52.42157654154289 ], [ -116.095326782308746, 52.419543253328008 ], [ -116.095196501000729, 52.419422408845108 ], [ -116.095040310409786, 52.419222668816715 ], [ -116.094943302167124, 52.419098611524355 ], [ -116.094704813674852, 52.418907211127902 ], [ -116.094573584099962, 52.418784640643764 ], [ -116.094491521366123, 52.418707992041739 ], [ -116.094246708237975, 52.418410166671102 ], [ -116.094118639395717, 52.418254362162237 ], [ -116.093898583489676, 52.417948943254324 ], [ -116.093642195027087, 52.417397413576886 ], [ -116.093546342757094, 52.416827039986373 ], [ -116.093587386786737, 52.416368706852978 ], [ -116.093689360979994, 52.415870589951304 ], [ -116.093715901360781, 52.415757050164473 ], [ -116.093944867029151, 52.415201026986679 ], [ -116.094255619615211, 52.414760185526262 ], [ -116.094362744893687, 52.414634363320985 ], [ -116.094066520549561, 52.413535413469191 ], [ -116.094018391410856, 52.413519492935322 ], [ -116.093958995674782, 52.413499549175938 ], [ -116.093182847291317, 52.413177817618951 ], [ -116.092509867216222, 52.412778555126543 ], [ -116.091960503765705, 52.412313894936815 ], [ -116.091551446719677, 52.411797957689906 ], [ -116.091444549093112, 52.411594494192656 ], [ -116.090467436204108, 52.411504877744356 ], [ -116.090308370751231, 52.411488794703729 ], [ -116.089757406804708, 52.411427882355383 ], [ -116.089288965748239, 52.411362761143245 ], [ -116.089037664242426, 52.411320526453714 ], [ -116.088527771849073, 52.411217842567169 ], [ -116.088298389293016, 52.411163749589655 ], [ -116.087687585636345, 52.410992181912661 ], [ -116.087550298880203, 52.410947065249587 ], [ -116.087109956925318, 52.410843719043235 ], [ -116.08672281455722, 52.410742047861817 ], [ -116.086253290687708, 52.410595098835735 ], [ -116.086179466992405, 52.410572958771787 ], [ -116.085834340320162, 52.410474674348016 ], [ -116.08572989213954, 52.410444929156583 ], [ -116.084465050605957, 52.410084715619028 ], [ -116.084115390176137, 52.40997463128744 ], [ -116.083222272594824, 52.409667680374291 ], [ -116.082462262068645, 52.409351350385109 ], [ -116.081789436476384, 52.408952024111514 ], [ -116.081487247546548, 52.408717661197883 ], [ -116.081112293393986, 52.40839803853153 ], [ -116.080865294520521, 52.408167698831711 ], [ -116.080456403742588, 52.407651720120818 ], [ -116.080200240955676, 52.407100158004141 ], [ -116.080104582988781, 52.40652977164406 ], [ -116.080113071449958, 52.406289481095932 ], [ -116.080147946337632, 52.405923039797429 ], [ -116.080207204122843, 52.405591461583775 ], [ -116.080436289082172, 52.405035463700962 ], [ -116.080691109941185, 52.404662303077146 ], [ -116.080742564066583, 52.404598325568941 ], [ -116.080210528766884, 52.404339319613406 ], [ -116.079484508458535, 52.403866946942479 ], [ -116.079335318837778, 52.403765756955082 ], [ -116.07878620597711, 52.403301032321515 ], [ -116.078377386583753, 52.402785046622164 ], [ -116.078159346934456, 52.402315468825243 ], [ -116.076402120056827, 52.401441185622232 ], [ -116.073951874259194, 52.400263950538992 ], [ -116.073853534182092, 52.400224029581807 ], [ -116.073825331567477, 52.400210555073038 ], [ -116.074587679578258, 52.399618237892312 ], [ -116.074744440648402, 52.399473335236891 ], [ -116.074860181767164, 52.399335993652507 ], [ -116.074871723642431, 52.399322283885397 ], [ -116.075381105681316, 52.398459840566325 ], [ -116.075539718635852, 52.398315963285832 ], [ -116.075668079140627, 52.398156260365027 ], [ -116.075863386410973, 52.397827332261329 ], [ -116.075958011024539, 52.397721829159195 ], [ -116.076136810496266, 52.397518797784471 ], [ -116.076218978137604, 52.397425488154447 ], [ -116.076432479531263, 52.397239411234288 ], [ -116.076760149786594, 52.397005914651871 ], [ -116.076961968528565, 52.396886573137941 ], [ -116.077200510251785, 52.396799018032752 ], [ -116.077472355762353, 52.396721244184981 ], [ -116.077776918016468, 52.396702765994135 ], [ -116.077762537937247, 52.396858107729827 ], [ -116.077895629519048, 52.397010268029533 ], [ -116.07816024292363, 52.397077913184113 ], [ -116.078520727895139, 52.397077712109834 ], [ -116.078813173316234, 52.397016008950409 ], [ -116.079284378136478, 52.396741403293916 ], [ -116.079877417232694, 52.396496835410851 ], [ -116.080077474535173, 52.396388886928648 ], [ -116.08030695184317, 52.396297783615985 ], [ -116.080558016559493, 52.396225319324614 ], [ -116.080787221881181, 52.396129538702539 ], [ -116.080952248146545, 52.396001022399552 ], [ -116.081463290772703, 52.39551190285566 ], [ -116.083062881155954, 52.396275771256008 ], [ -116.08314694033254, 52.396316745460886 ], [ -116.086005859015643, 52.397739018477978 ], [ -116.086899127932369, 52.398304526202473 ], [ -116.087462000644777, 52.398758924746105 ], [ -116.08779201512985, 52.399058124753154 ], [ -116.087874026791766, 52.399161610497956 ], [ -116.088193665077483, 52.399166447507056 ], [ -116.089173820303799, 52.399207331337891 ], [ -116.090502960798801, 52.399367367506755 ], [ -116.09109998811239, 52.399488644135907 ], [ -116.091167914276312, 52.399502750544443 ], [ -116.092023359156514, 52.399737196144436 ], [ -116.092799262284188, 52.400058938095746 ], [ -116.093472049988009, 52.40045820069701 ], [ -116.093606554685394, 52.400571993561258 ], [ -116.094210142602037, 52.400737396523212 ], [ -116.094730818800116, 52.400939666018445 ], [ -116.095000917709513, 52.401058412570166 ], [ -116.095256164469205, 52.401177862809753 ], [ -116.095928991258418, 52.40157711116624 ], [ -116.096478261235006, 52.402041754185788 ], [ -116.096887285112288, 52.40255767536906 ], [ -116.097143628128748, 52.403109201133979 ], [ -116.097159959532931, 52.403163698197773 ], [ -116.097236266301252, 52.40343098945749 ], [ -116.09731580227438, 52.403946852315265 ], [ -116.0972482798242, 52.404518741881006 ], [ -116.097019408962382, 52.405074771087172 ], [ -116.096636137064493, 52.405598045209864 ], [ -116.096539721791657, 52.405687614996495 ], [ -116.096657993914164, 52.405723621825558 ], [ -116.097243707566321, 52.405883820167276 ], [ -116.0973607985066, 52.40591455849011 ], [ -116.097504443969896, 52.405968592754597 ], [ -116.097695041969175, 52.406040287328992 ], [ -116.098269108867157, 52.406228611542474 ], [ -116.09869174871794, 52.406404593059627 ], [ -116.099587719076425, 52.406873256324531 ], [ -116.099759133142726, 52.40698501775568 ], [ -116.10015854667725, 52.407277721900535 ], [ -116.100310804142651, 52.407403450982571 ], [ -116.100772992428844, 52.407858360611158 ], [ -116.10093000228045, 52.408045314929325 ], [ -116.101156749918729, 52.408428311828487 ], [ -116.101818830051386, 52.408707370128937 ], [ -116.102491830860629, 52.409106579795917 ], [ -116.103041263810468, 52.40957119095625 ], [ -116.103119160701311, 52.409653549028626 ], [ -116.103686346352376, 52.410273729263771 ], [ -116.10423968399887, 52.411157776056996 ], [ -116.104541162530566, 52.411977668474719 ], [ -116.104600464074053, 52.412163879701311 ], [ -116.105049030380655, 52.41382652357111 ], [ -116.105120094404711, 52.414309593834894 ], [ -116.105139039718992, 52.415037055031313 ], [ -116.104946983592171, 52.415962019299911 ], [ -116.104772066894185, 52.416350745890661 ], [ -116.106632840903941, 52.418076316594707 ], [ -116.106763156795466, 52.418197157294749 ], [ -116.107387259870933, 52.41877587436872 ], [ -116.107517575393388, 52.418896710647779 ], [ -116.107857846195486, 52.419212227951412 ], [ -116.107959490129119, 52.419310191921923 ], [ -116.108512975972431, 52.419865028552927 ], [ -116.108537289990196, 52.419889642805416 ], [ -116.108946617545456, 52.420405518663756 ], [ -116.10920321411902, 52.42095701476736 ], [ -116.109246923643482, 52.421117333798705 ], [ -116.109391727130912, 52.421743452908601 ], [ -116.109347009863356, 52.422827994417901 ], [ -116.109102061445483, 52.423603015619918 ], [ -116.109016052313464, 52.423831204994976 ], [ -116.108650144511188, 52.424665109645396 ], [ -116.108094585169638, 52.426090955785185 ], [ -116.108065052820521, 52.42616311869044 ], [ -116.107374359780124, 52.427743408607476 ], [ -116.10750288880142, 52.427905373621911 ], [ -116.10775951227599, 52.428456871146359 ], [ -116.107770200996924, 52.428520330084567 ], [ -116.107961380562642, 52.429170307381469 ], [ -116.108035766658503, 52.42960851653897 ], [ -116.108068465046912, 52.4301577777278 ], [ -116.108072017328951, 52.430271601421509 ], [ -116.108075310921961, 52.431414048375117 ], [ -116.108290458427959, 52.431612378438601 ], [ -116.108387264187499, 52.431704934996127 ], [ -116.108846977414856, 52.432161075747175 ], [ -116.108972972994081, 52.432292840268218 ], [ -116.109261112029401, 52.43261088501098 ], [ -116.109510925525186, 52.432924870777406 ], [ -116.109878863692344, 52.433457474899527 ], [ -116.110512480902173, 52.433719871722644 ], [ -116.111185940942022, 52.434119027550935 ], [ -116.111735777957634, 52.43458359386922 ], [ -116.112050159279377, 52.434957142478233 ], [ -116.112436040872836, 52.435498005634308 ], [ -116.112531157455791, 52.435640308651834 ], [ -116.112787889709622, 52.436191794031146 ], [ -116.112884035311922, 52.436762147868464 ], [ -116.112816667383498, 52.43733404179288 ], [ -116.112682277133658, 52.437706356280643 ], [ -116.112337319599291, 52.438453220614541 ], [ -116.112012521258535, 52.438880121207589 ], [ -116.111698616481874, 52.439292693948666 ], [ -116.111620258883661, 52.4394014035677 ], [ -116.11147918525657, 52.439538442061178 ], [ -116.111456191649452, 52.439561884180996 ], [ -116.111109678089491, 52.439883471645174 ], [ -116.111080218671276, 52.439924759755741 ], [ -116.11091302892099, 52.440085652086452 ], [ -116.110576216163281, 52.440409789286058 ], [ -116.110370721856057, 52.440607548439338 ], [ -116.11001932646964, 52.442215436155067 ], [ -116.110055926823932, 52.442432602974279 ], [ -116.109991610998392, 52.442978588454459 ], [ -116.109988559039536, 52.443004499045273 ], [ -116.109662178297711, 52.444287945975631 ], [ -116.109656501175209, 52.444334104821166 ], [ -116.10908920910849, 52.446313592055233 ], [ -116.109068007753763, 52.446515817598524 ], [ -116.109055788866272, 52.446567570136693 ], [ -116.108613463451363, 52.448440760400466 ], [ -116.108510691997267, 52.448761953257545 ], [ -116.10815401330531, 52.449641666798286 ], [ -116.108044499292333, 52.449911764762895 ], [ -116.10789366929086, 52.450192317039317 ], [ -116.107852244541149, 52.450269368720043 ], [ -116.107209840954212, 52.451335329753711 ], [ -116.106849360745116, 52.451806320215951 ], [ -116.105188461859342, 52.453592905615146 ], [ -116.105098258704828, 52.45371300718439 ], [ -116.104882132181004, 52.45400076734375 ], [ -116.104706872810425, 52.454234118566845 ], [ -116.104607635396732, 52.454366246717477 ], [ -116.104279089439743, 52.454978573879465 ], [ -116.103890592873952, 52.456348665290534 ], [ -116.103002958854148, 52.460407461363815 ], [ -116.10248072606197, 52.462795089442515 ], [ -116.10248887576158, 52.462851638514543 ], [ -116.102803054444621, 52.46301670430217 ], [ -116.105098267706708, 52.463905226638403 ], [ -116.105338430560565, 52.463998193291523 ], [ -116.105714541768691, 52.464142585643458 ], [ -116.105892000126829, 52.464210699054412 ], [ -116.105941882550226, 52.464242781818818 ], [ -116.106508885900467, 52.46444750407484 ], [ -116.107180419691687, 52.46470528060749 ], [ -116.107363962927295, 52.464778966149396 ], [ -116.109319574700649, 52.465599390995024 ], [ -116.109734529887433, 52.465773465923036 ], [ -116.110093390860214, 52.465924006381194 ], [ -116.110820105420032, 52.466228853617174 ], [ -116.111618326519093, 52.46663845212364 ], [ -116.112544134355218, 52.46721564544309 ], [ -116.112768762975733, 52.467364595719125 ], [ -116.11331903512442, 52.467829149124654 ], [ -116.113728870350357, 52.468345002785433 ], [ -116.113985813507739, 52.468896481565132 ], [ -116.114082051979892, 52.469466830897439 ], [ -116.114081385059762, 52.469590014245107 ], [ -116.114047731994376, 52.47052274732723 ], [ -116.11378970467122, 52.471458643223841 ], [ -116.113500397711107, 52.472007208155162 ], [ -116.113463980462399, 52.472076250830469 ], [ -116.112680471559102, 52.473561695727291 ], [ -116.112567586459377, 52.473804829496757 ], [ -116.116281668021415, 52.474001891122199 ], [ -116.11705259686066, 52.474077465185353 ], [ -116.118753065091866, 52.474322456730995 ], [ -116.119494061250862, 52.474464324794006 ], [ -116.120696077844968, 52.474754056165857 ], [ -116.121994247957872, 52.475202498439401 ], [ -116.123038497399492, 52.475690968981688 ], [ -116.123628570057079, 52.476011511835786 ], [ -116.124499125356934, 52.476559299733488 ], [ -116.124593932615369, 52.476620504424552 ], [ -116.125864219264244, 52.477461859213633 ], [ -116.126719796324053, 52.477968666191103 ], [ -116.127369279017756, 52.478432186155004 ], [ -116.1277558547513, 52.47876643419238 ], [ -116.128397680299145, 52.479505938843872 ], [ -116.128795420644465, 52.480151621341513 ], [ -116.129174562162888, 52.480677501370359 ], [ -116.1299124224536, 52.481436681345407 ], [ -116.129995349511546, 52.481549530435913 ], [ -116.130081148964862, 52.481621190780103 ], [ -116.13018592694381, 52.481738697743104 ], [ -116.130699831654283, 52.482322977171783 ], [ -116.130782422722092, 52.482345536643592 ], [ -116.131274377462077, 52.482512522490723 ], [ -116.131504330268413, 52.482595192526396 ], [ -116.13320168733641, 52.483240464583567 ], [ -116.1334257900604, 52.483325656775307 ], [ -116.133679070466684, 52.483441373264874 ], [ -116.133965792654692, 52.483572367320996 ], [ -116.13467216328678, 52.483949062603827 ], [ -116.134996610261865, 52.484122081237629 ], [ -116.135549200668251, 52.484529349546612 ], [ -116.13579359994651, 52.484723785261174 ], [ -116.13632875636182, 52.48518407292638 ], [ -116.136427717709864, 52.485272185840842 ], [ -116.140158507052774, 52.488712136003628 ], [ -116.140274901525217, 52.488824300070107 ], [ -116.140937452615105, 52.489492205817832 ], [ -116.141314565983151, 52.489949192458745 ], [ -116.141984159056392, 52.490947005058899 ], [ -116.14211583369628, 52.491164836118656 ], [ -116.144229318269964, 52.495081256109103 ], [ -116.144303746805349, 52.49523107266112 ], [ -116.145281330060982, 52.497381741051157 ], [ -116.145354734625741, 52.497486645142132 ], [ -116.145868181229503, 52.497790220883594 ], [ -116.146419183085513, 52.498254615210016 ], [ -116.14682969083934, 52.49877034731572 ], [ -116.1470872290015, 52.499321749330271 ], [ -116.147183966801833, 52.499892066353063 ], [ -116.147126180261054, 52.500385294710753 ] ] ] ] } },
{ "type": "Feature", "properties": { "PSCW_NAME": "Highway 11 and 734 Corridor", "PSCW_CODE": "CW020", "GlobalID": "{5F9F95F4-72BF-4323-8E3A-A598DD5E86E0}" }, "geometry": { "type": "MultiPolygon", "coordinates": [ [ [ [ -116.081027024218599, 52.487287927807607 ], [ -116.080996878098176, 52.487167459015311 ], [ -116.080967471199088, 52.487143291420246 ], [ -116.080704722574382, 52.487205794783968 ], [ -116.080492561088846, 52.487310329464542 ], [ -116.079873592591142, 52.487345704342239 ], [ -116.07966409566437, 52.487450736664073 ], [ -116.079508095508928, 52.487586452499336 ], [ -116.079202133996418, 52.487577743214722 ], [ -116.078733069759394, 52.487409770159239 ], [ -116.078499836521573, 52.487463653756137 ], [ -116.078330385170375, 52.487335164145613 ], [ -116.078302094877387, 52.487280874081726 ], [ -116.078343752723327, 52.487165048591876 ], [ -116.078695868761784, 52.487146015802296 ], [ -116.078872011190839, 52.487025500094035 ], [ -116.078809449090613, 52.486834236337707 ], [ -116.078619004308365, 52.486725501833519 ], [ -116.078353990489134, 52.48665687640073 ], [ -116.078219835480297, 52.486788966431774 ], [ -116.077964474316929, 52.486840579066573 ], [ -116.077819132111529, 52.48670087633846 ], [ -116.077699292305098, 52.486543496882661 ], [ -116.077539576541668, 52.486415361760628 ], [ -116.077739505647912, 52.486312671595897 ], [ -116.07802266613254, 52.486253549596519 ], [ -116.078131588499332, 52.486092917335853 ], [ -116.077848962645277, 52.485816067667358 ], [ -116.078035788928005, 52.485680828575369 ], [ -116.077782852697794, 52.485641538782467 ], [ -116.077550633042861, 52.485559391322383 ], [ -116.077421232337215, 52.485404346305394 ], [ -116.077152058742413, 52.485426650443408 ], [ -116.077013304035304, 52.485572243514888 ], [ -116.076877277410802, 52.485598482108628 ], [ -116.076809386605817, 52.485509998298348 ], [ -116.076830722792266, 52.485323599223996 ], [ -116.077051934444114, 52.485223734908296 ], [ -116.077189658234829, 52.485196399552322 ], [ -116.07724056056793, 52.485106747867526 ], [ -116.077005812886867, 52.485026799857522 ], [ -116.076697799080492, 52.485047142372402 ], [ -116.076432186230676, 52.485122045555876 ], [ -116.076167321355243, 52.485111497456749 ], [ -116.076050991879498, 52.485040723597223 ], [ -116.076005804534674, 52.484968446300378 ], [ -116.075919158616855, 52.484829846969639 ], [ -116.075775217233044, 52.484599622277649 ], [ -116.075624248705182, 52.484453048786904 ], [ -116.075373499663769, 52.484370165233827 ], [ -116.074757511719227, 52.484289902089557 ], [ -116.074404137843175, 52.484300883064627 ], [ -116.074078756261372, 52.484343579564204 ], [ -116.07387805976073, 52.484448438141605 ], [ -116.07361260796668, 52.484526553453897 ], [ -116.073266537371651, 52.484785720457744 ], [ -116.073045878256366, 52.484879127434866 ], [ -116.072776187187714, 52.484821869149414 ], [ -116.072448097384253, 52.48479366385434 ], [ -116.072107064551659, 52.48482268262962 ], [ -116.071831199909354, 52.484886483205514 ], [ -116.07134961243267, 52.485060585717825 ], [ -116.070629405541212, 52.485078483704555 ], [ -116.070076269840627, 52.485195883410306 ], [ -116.069768661999873, 52.485154922331951 ], [ -116.069484868883492, 52.485097381140086 ], [ -116.069236383961993, 52.484780627986879 ], [ -116.068192731474994, 52.484496590796454 ], [ -116.067632833063485, 52.484376527190953 ], [ -116.067264368797098, 52.484367888885188 ], [ -116.067008702981298, 52.484448495873039 ], [ -116.066830207173439, 52.484574953074279 ], [ -116.066789000714977, 52.484769771683922 ], [ -116.066940859422814, 52.485386685506683 ], [ -116.066953924306105, 52.485610046066718 ], [ -116.066911150655855, 52.485808670765451 ], [ -116.066741912715983, 52.486170392279334 ], [ -116.066592712327548, 52.486301669296729 ], [ -116.066246918658464, 52.486306566471683 ], [ -116.065980408665112, 52.486242237782442 ], [ -116.065733575197569, 52.486166799707902 ], [ -116.065386653006328, 52.485922840121617 ], [ -116.06519004523544, 52.485800298469343 ], [ -116.06499572259402, 52.485679176786604 ], [ -116.06482449638041, 52.485549086560809 ], [ -116.064722586937251, 52.485379538961475 ], [ -116.064645424269358, 52.48519446226527 ], [ -116.064531049411755, 52.485021921891033 ], [ -116.064220578243521, 52.484732664468837 ], [ -116.063943481102029, 52.484423956565408 ], [ -116.064061584454024, 52.484269615481196 ], [ -116.064322325343383, 52.484185157480717 ], [ -116.064651448527982, 52.484181647212225 ], [ -116.064899604702674, 52.484266214605597 ], [ -116.065172804714678, 52.484323420537415 ], [ -116.065510553778225, 52.484299323478922 ], [ -116.065649644160928, 52.484159633049067 ], [ -116.06567519236296, 52.483951130935154 ], [ -116.065542415606203, 52.483814235724147 ], [ -116.070937341688634, 52.482606768189349 ], [ -116.074042456919997, 52.481890911492727 ], [ -116.075318374032946, 52.481598321599385 ], [ -116.07568587621013, 52.481514044286122 ], [ -116.075759511611764, 52.481489322397039 ], [ -116.07585427723383, 52.481457507043814 ], [ -116.076016386608416, 52.481419892108903 ], [ -116.076193787256514, 52.4813986421794 ], [ -116.076310212528753, 52.481352113675484 ], [ -116.076632652014368, 52.481282642211674 ], [ -116.079859543280904, 52.480587336343795 ], [ -116.079965434000982, 52.480562998224038 ], [ -116.084270599159652, 52.479573371247817 ], [ -116.084336269978508, 52.479562059800735 ], [ -116.091256019752606, 52.478027299122303 ], [ -116.092910905550113, 52.477616591545448 ], [ -116.093644456407034, 52.477366015411469 ], [ -116.094814181066994, 52.476892112641679 ], [ -116.101343923927288, 52.474160347089573 ], [ -116.101248681340635, 52.47460259946704 ], [ -116.101254528805001, 52.475110482112548 ], [ -116.101255022152131, 52.475137497964575 ], [ -116.101351111271867, 52.475707857774026 ], [ -116.1016079445439, 52.476259363291206 ], [ -116.101818634866135, 52.476506786146466 ], [ -116.101969688718924, 52.476684173149387 ], [ -116.102162628859944, 52.476936307355786 ], [ -116.102273757391046, 52.477009346307028 ], [ -116.10235441113565, 52.477114740796999 ], [ -116.102498495894054, 52.477303025621609 ], [ -116.102576597366379, 52.477385475208827 ], [ -116.102966128734536, 52.477714285791514 ], [ -116.103132233709772, 52.477854496346772 ], [ -116.10318771713105, 52.477937409228964 ], [ -116.103298055249155, 52.477993521177794 ], [ -116.103594189081392, 52.478274748158945 ], [ -116.10387453714452, 52.478448342190411 ], [ -116.104533720147714, 52.478856504991668 ], [ -116.104604244196949, 52.478900171677033 ], [ -116.105593530361034, 52.479379082337843 ], [ -116.106291212492877, 52.479661891834688 ], [ -116.10687444049266, 52.479821347756385 ], [ -116.100871145959815, 52.48233298948287 ], [ -116.100804990314245, 52.48236022717802 ], [ -116.099431861322643, 52.482916565768555 ], [ -116.099083648775661, 52.483046327137124 ], [ -116.097880036213439, 52.483457490406266 ], [ -116.097278350397161, 52.483634088745511 ], [ -116.095217855508878, 52.484145474817623 ], [ -116.095025244392545, 52.484190672273208 ], [ -116.088070699497663, 52.485729949044767 ], [ -116.088006311379743, 52.485744198115761 ], [ -116.083659230041221, 52.486744249516484 ], [ -116.083550633532525, 52.486762950339291 ], [ -116.081027024218599, 52.487287927807607 ] ] ] ] } },
{ "type": "Feature", "properties": { "PSCW_NAME": "Secondary Road 734 C Corridor", "PSCW_CODE": "CW006", "GlobalID": "{81798C67-9C69-4537-80FE-566AE3CD3DF4}" }, "geometry": { "type": "MultiPolygon", "coordinates": [ [ [ [ -116.040297470918617, 52.319020593676093 ], [ -116.036575414136664, 52.31901931467884 ], [ -116.034212970993721, 52.319018437943221 ], [ -116.033226544259762, 52.317764304837887 ], [ -116.033195665049604, 52.317724359944215 ], [ -116.032554325746517, 52.316880102186907 ], [ -116.032396043368479, 52.31664913072072 ], [ -116.03208567628748, 52.316143060157827 ], [ -116.031747019848893, 52.3151202681236 ], [ -116.031721954130134, 52.314744821234015 ], [ -116.031724120164384, 52.314446605611394 ], [ -116.031748477829382, 52.314147070868216 ], [ -116.031811087442776, 52.313784048198826 ], [ -116.031889573533746, 52.313408841357528 ], [ -116.030971235176352, 52.31242131443117 ], [ -116.03091855639768, 52.312364664965656 ], [ -116.030573067292579, 52.311993125578319 ], [ -116.030440051129702, 52.311840927358162 ], [ -116.030060040527104, 52.31137726696484 ], [ -116.029746025426491, 52.310906544810734 ], [ -116.029477061837497, 52.310393229724561 ], [ -116.029284888833743, 52.30989730101647 ], [ -116.02915426140946, 52.309387004776184 ], [ -116.029114189100099, 52.30919292799566 ], [ -116.029015364525591, 52.308564877716634 ], [ -116.028995474546264, 52.308389581712582 ], [ -116.028959099903119, 52.307868040050707 ], [ -116.028616747899576, 52.307634701527746 ], [ -116.028335219687648, 52.307364349871669 ], [ -116.028142611551772, 52.307164120359232 ], [ -116.027555142687177, 52.306500897097877 ], [ -116.027451770539813, 52.30638419224271 ], [ -116.026108248117751, 52.304867340055239 ], [ -116.025398746424969, 52.304066244172617 ], [ -116.024523273427732, 52.303101543854019 ], [ -116.022797642785136, 52.301517890871366 ], [ -116.022704964119725, 52.301429829210647 ], [ -116.020871719050234, 52.299625333039486 ], [ -116.018795809842473, 52.29770354208538 ], [ -116.018217426218911, 52.297210714331797 ], [ -116.017729171935102, 52.297112888871041 ], [ -116.017264281106748, 52.296985313258794 ], [ -116.01601706241641, 52.296507667013152 ], [ -116.01554772714529, 52.296267340304183 ], [ -116.014599408712144, 52.295781733592797 ], [ -116.012927077150167, 52.294925339454451 ], [ -116.012845594726102, 52.294882757970456 ], [ -116.010333356899835, 52.293543061506647 ], [ -116.009596282454041, 52.293062260885357 ], [ -116.009277182031411, 52.29280700506736 ], [ -116.008661934973958, 52.292181540515038 ], [ -116.00840158140025, 52.291834801287351 ], [ -116.008202611544107, 52.291530808842673 ], [ -116.008056917597543, 52.291271555738831 ], [ -116.007187443949405, 52.291196450085224 ], [ -116.006664009829336, 52.291100511570626 ], [ -116.006435853200273, 52.291055262669886 ], [ -116.00558295714093, 52.290820178343175 ], [ -116.00496636515885, 52.290573325773927 ], [ -116.004586367556811, 52.290397252099403 ], [ -116.00362889027663, 52.289825669645637 ], [ -116.001349433912054, 52.288075459125203 ], [ -116.001222061091056, 52.287977654061528 ], [ -116.00117309816217, 52.28793429494489 ], [ -115.999679454953636, 52.286823935431627 ], [ -115.999633285717309, 52.286746628364178 ], [ -115.999606192823038, 52.286725572276083 ], [ -115.999412805290135, 52.286575272619821 ], [ -115.999298939936537, 52.28649942970516 ], [ -115.999115490358434, 52.28636519595085 ], [ -115.998807828318732, 52.286140071044045 ], [ -115.997994106795971, 52.285544632095039 ], [ -115.997788140347012, 52.285404388489205 ], [ -115.997513173424039, 52.285217161018238 ], [ -115.99741900365045, 52.285151993661067 ], [ -115.996872229030174, 52.284686865111553 ], [ -115.996465471267911, 52.284170572906675 ], [ -115.996211085741081, 52.283618805844206 ], [ -115.996116796775325, 52.283048329298595 ], [ -115.996185462695706, 52.282476478868155 ], [ -115.996323932057294, 52.282141149290368 ], [ -115.996689511266396, 52.282112646546025 ], [ -115.996948544868488, 52.28211922762501 ], [ -115.997355495223161, 52.282220917675701 ], [ -115.997536277317792, 52.282284601485891 ], [ -115.99809017745909, 52.282528195627165 ], [ -115.998749103702806, 52.282817957140956 ], [ -115.999883947742276, 52.283024950034594 ], [ -116.000000717068716, 52.283046246832548 ], [ -116.000066445437596, 52.283058233786157 ], [ -116.000497878709638, 52.283124201112649 ], [ -116.000586845970361, 52.283118458784315 ], [ -116.001029181721663, 52.283089954423716 ], [ -116.001097304364322, 52.283085567627239 ], [ -116.001286073238433, 52.283077193048506 ], [ -116.00139745405221, 52.283072244010334 ], [ -116.001467769653374, 52.283069115616108 ], [ -116.001575167481803, 52.283067168377265 ], [ -116.001788788879523, 52.283063295263389 ], [ -116.002172035272423, 52.283056352191423 ], [ -116.002497958068119, 52.283019325985229 ], [ -116.002772743997824, 52.282951170678473 ], [ -116.003216841738407, 52.282761879273806 ], [ -116.003268008971588, 52.282577014289942 ], [ -116.003258570412939, 52.282527678780447 ], [ -116.003257524950868, 52.28252223340705 ], [ -116.003227104718206, 52.282363310155795 ], [ -116.003035465557744, 52.282018394329405 ], [ -116.003027626192974, 52.281858742194522 ], [ -116.003026619500972, 52.281838322463742 ], [ -116.003174471092322, 52.281698721987887 ], [ -116.0033502386013, 52.281572444167715 ], [ -116.003807638239749, 52.281384159026615 ], [ -116.003902871111961, 52.281360777586713 ], [ -116.004085844439061, 52.281315842018188 ], [ -116.004436348270247, 52.281308480154934 ], [ -116.005060619715124, 52.281359550102749 ], [ -116.005663349686728, 52.281428303531037 ], [ -116.006350876574814, 52.281436926978145 ], [ -116.006598530909713, 52.281631859789755 ], [ -116.00718315737241, 52.282099186082405 ], [ -116.007456772117436, 52.282317897410024 ], [ -116.007578660521006, 52.282390109243451 ], [ -116.00780436528315, 52.282523824158787 ], [ -116.007887482176926, 52.282586467300618 ], [ -116.008090773872269, 52.28273968327921 ], [ -116.009473949870909, 52.283775495871545 ], [ -116.009525698850084, 52.283813712594061 ], [ -116.009604350930971, 52.283871795619099 ], [ -116.010753216210787, 52.284753818430694 ], [ -116.01116507040777, 52.284767794988134 ], [ -116.01278562051462, 52.284979994201159 ], [ -116.013330363063389, 52.285107816795204 ], [ -116.014814897967739, 52.28563653020192 ], [ -116.015193956551272, 52.285827157438057 ], [ -116.016172127508526, 52.286471378729324 ], [ -116.016503750146185, 52.286758928085433 ], [ -116.016904630475054, 52.287166068826714 ], [ -116.017332532312153, 52.287681535213743 ], [ -116.017623426690463, 52.288101782611236 ], [ -116.018113150030629, 52.2889728921716 ], [ -116.019845799274549, 52.289896770779556 ], [ -116.021476996924903, 52.290732035428988 ], [ -116.022054951353738, 52.291027969306768 ], [ -116.022595984092874, 52.291118759162948 ], [ -116.022852621447683, 52.291171509465684 ], [ -116.023692543637381, 52.291394655054589 ], [ -116.023931139128891, 52.291473494143034 ], [ -116.0249101262051, 52.291889005134948 ], [ -116.025195097283458, 52.292041228929975 ], [ -116.026025561410378, 52.292600053033645 ], [ -116.027566055433283, 52.293912484762465 ], [ -116.02768433355628, 52.294017486751436 ], [ -116.029859320865583, 52.29603062771622 ], [ -116.02994033061978, 52.29610792750195 ], [ -116.031768222443674, 52.297906798697873 ], [ -116.033567721231677, 52.299557931709828 ], [ -116.033794967093783, 52.299785967865262 ], [ -116.034790084706074, 52.300882256243334 ], [ -116.034816717989528, 52.300911956436799 ], [ -116.035539517014641, 52.301727870882615 ], [ -116.036779901025838, 52.303127949695131 ], [ -116.036883282314761, 52.303244634711845 ], [ -116.037294084037981, 52.30370830548965 ], [ -116.037750244109546, 52.303941566860686 ], [ -116.037963261328386, 52.304085629769752 ], [ -116.038763148884058, 52.304794836883211 ], [ -116.038943337307572, 52.305010414038236 ], [ -116.039183242351385, 52.305341092873554 ], [ -116.039438289389764, 52.305892761550943 ], [ -116.039499618044587, 52.306140060650229 ], [ -116.039609652430357, 52.306735300139586 ], [ -116.039638846832659, 52.306964695246023 ], [ -116.039712720925891, 52.308020275840242 ], [ -116.039782559187586, 52.308463429832351 ], [ -116.039823830958326, 52.308624508950935 ], [ -116.039838038282809, 52.308651612781773 ], [ -116.039968043891889, 52.308810193345067 ], [ -116.040191102723313, 52.309050015961638 ], [ -116.040243778782738, 52.309106650570158 ], [ -116.041358091019546, 52.310310513606758 ], [ -116.041410501173246, 52.310367132045926 ], [ -116.041467180636175, 52.310433639995388 ], [ -116.041858375659814, 52.310867083336937 ], [ -116.042077241534585, 52.311146052672441 ], [ -116.042249026619402, 52.311394283951209 ], [ -116.042607057597181, 52.31215655550794 ], [ -116.042688792653792, 52.312468093600479 ], [ -116.042748833901811, 52.313170199867308 ], [ -116.042713701251571, 52.313563381816948 ], [ -116.042652598519823, 52.313909776311711 ], [ -116.042520051211767, 52.314410994441864 ], [ -116.042912379001223, 52.314927299040939 ], [ -116.043778397649064, 52.316028046645926 ], [ -116.044024888417638, 52.316279851220486 ], [ -116.044545907211202, 52.316765716588272 ], [ -116.044864002040086, 52.317020141075027 ], [ -116.045212524213682, 52.317335090700901 ], [ -116.045620156505464, 52.317851205745129 ], [ -116.045875357823448, 52.318402857459134 ], [ -116.04597036849141, 52.318973286022825 ], [ -116.0459645311375, 52.319022323317959 ], [ -116.040297470918617, 52.319020593676093 ] ] ] ] } },
{ "type": "Feature", "properties": { "PSCW_NAME": "Highway 11 Corridor", "PSCW_CODE": "CW007", "GlobalID": "{92E0C011-7EDA-46C1-9746-ED3761CCE3F9}" }, "geometry": { "type": "MultiPolygon", "coordinates": [ [ [ [ -116.374812691001139, 52.290152977407523 ], [ -116.374659148925218, 52.290171067172501 ], [ -116.374504640288364, 52.290287428829849 ], [ -116.374374943778776, 52.290450784372368 ], [ -116.374143563847653, 52.29059798479387 ], [ -116.373875511741289, 52.290635624114564 ], [ -116.373251550409663, 52.290616688645756 ], [ -116.372816870441028, 52.290564938362053 ], [ -116.371878020877219, 52.290453160141723 ], [ -116.370106844792701, 52.290144314343884 ], [ -116.370151095982266, 52.289747895535491 ], [ -116.370218308619897, 52.289532389448176 ], [ -116.3702644672952, 52.289407179810659 ], [ -116.370298981236004, 52.289319200675095 ], [ -116.371208995795058, 52.287132144745001 ], [ -116.371695005931471, 52.28565332691317 ], [ -116.37177458880322, 52.285137301290504 ], [ -116.371857912304534, 52.283842386541529 ], [ -116.371857673002452, 52.283095687459863 ], [ -116.37186017695285, 52.282994531698279 ], [ -116.371937422381876, 52.28144478800958 ], [ -116.371971098161524, 52.281163867887543 ], [ -116.372086038699734, 52.280560013024399 ], [ -116.372172404172062, 52.280242281806039 ], [ -116.372470418627216, 52.279401949932129 ], [ -116.372542176789239, 52.27922371042073 ], [ -116.372869137030008, 52.278499083666446 ], [ -116.373008113904206, 52.278234964173251 ], [ -116.373489454043963, 52.277437033203974 ], [ -116.373555434708521, 52.277333100609503 ], [ -116.374097863299511, 52.276519721841787 ], [ -116.374442383290145, 52.275939033900762 ], [ -116.374878516900068, 52.274954848506276 ], [ -116.375472916152006, 52.273309494244423 ], [ -116.375586875076664, 52.273046180017751 ], [ -116.376106520462599, 52.272019012309002 ], [ -116.376186628996507, 52.271872854557806 ], [ -116.376513571410868, 52.271319614528018 ], [ -116.376734385958841, 52.270999766472471 ], [ -116.377546442121456, 52.269977434242051 ], [ -116.377840390481325, 52.269654769722521 ], [ -116.379893493863861, 52.267671544087456 ], [ -116.379959626628505, 52.267609225782124 ], [ -116.382953949965, 52.264855999564475 ], [ -116.384902419524636, 52.262970950559058 ], [ -116.38536831567086, 52.262386104031712 ], [ -116.385615672994376, 52.261958885621553 ], [ -116.385812864816955, 52.261259356663608 ], [ -116.386048252661467, 52.259982759149167 ], [ -116.38621920779741, 52.258706753799302 ], [ -116.386244089776767, 52.258560914248235 ], [ -116.386515394227686, 52.257252970846878 ], [ -116.386667720297325, 52.256229346331693 ], [ -116.386857384049506, 52.255612797939804 ], [ -116.387252998825147, 52.25477511465639 ], [ -116.387992953475987, 52.253819510120941 ], [ -116.388255538715867, 52.253586532610271 ], [ -116.388418865365892, 52.253441626729511 ], [ -116.388562131338915, 52.253314519053838 ], [ -116.388666916588818, 52.25322851615271 ], [ -116.388815038226483, 52.25312913433725 ], [ -116.389445397043687, 52.252706194152459 ], [ -116.389676280371489, 52.252551279599693 ], [ -116.390541411322673, 52.25211697459077 ], [ -116.391267344485357, 52.251810020535743 ], [ -116.392186898890813, 52.251486169874447 ], [ -116.393090592817728, 52.251233035054 ], [ -116.393912651690243, 52.251057188627151 ], [ -116.394842045690581, 52.250914048880084 ], [ -116.395607339260508, 52.250840002312827 ], [ -116.396329224323807, 52.250800598001398 ], [ -116.397504362907384, 52.250785411439026 ], [ -116.39789162060346, 52.250788995806097 ], [ -116.398762704669707, 52.25081639808672 ], [ -116.399569506837068, 52.250800049563345 ], [ -116.402947145956276, 52.250275051702637 ], [ -116.407269343193249, 52.249560988914432 ], [ -116.409130482841917, 52.249207682984398 ], [ -116.410445227484459, 52.248900937612063 ], [ -116.411746629216836, 52.24852201638916 ], [ -116.412916719934373, 52.248118290401791 ], [ -116.415118423956159, 52.247272629631233 ], [ -116.41524013287443, 52.247218114877079 ], [ -116.415316678875925, 52.247183829577899 ], [ -116.415363151017573, 52.247169843839728 ], [ -116.415466752277027, 52.247138663754669 ], [ -116.415568402578828, 52.247108071855259 ], [ -116.41783711804284, 52.246262014541635 ], [ -116.42187009899385, 52.244752271218864 ], [ -116.423166987475199, 52.244247514607636 ], [ -116.423448849469722, 52.244145085050874 ], [ -116.424722666224994, 52.243713877198111 ], [ -116.425179564106841, 52.24357615257609 ], [ -116.426576013910463, 52.243204633200818 ], [ -116.426947566894356, 52.243115707034903 ], [ -116.428328975849325, 52.242820931274359 ], [ -116.428757581783557, 52.242741620625324 ], [ -116.430360780366755, 52.242489268531251 ], [ -116.430570199213889, 52.242459040248136 ], [ -116.431911581243014, 52.242282773841474 ], [ -116.432065272261895, 52.242264014733166 ], [ -116.43348465630369, 52.242103969528422 ], [ -116.43467226324681, 52.24190144285852 ], [ -116.435000727367296, 52.241800175668857 ], [ -116.43530616343206, 52.241656088487446 ], [ -116.435660360057128, 52.241434252543442 ], [ -116.435978661357012, 52.241169549854391 ], [ -116.436150287443297, 52.240967233657983 ], [ -116.43650013929134, 52.240448151552975 ], [ -116.437278443528669, 52.239075746935228 ], [ -116.437505557408485, 52.23873722365407 ], [ -116.438033905816269, 52.238059474893525 ], [ -116.438336891591689, 52.237722880336143 ], [ -116.438918940359699, 52.237157126224659 ], [ -116.439236232369382, 52.236881184804112 ], [ -116.439888439477642, 52.236371657283875 ], [ -116.440260274616776, 52.236110730167411 ], [ -116.441041788008917, 52.235617384693143 ], [ -116.441452178666339, 52.235384026410159 ], [ -116.442376060836821, 52.234911212387949 ], [ -116.442862681097139, 52.234689555244401 ], [ -116.443945343065963, 52.234252405894161 ], [ -116.444140069955523, 52.234177402458634 ], [ -116.4464869785877, 52.233315913540736 ], [ -116.446595002163832, 52.233271266162681 ], [ -116.447463619936798, 52.232715803236609 ], [ -116.447796578653197, 52.232332063893217 ], [ -116.448078179780111, 52.23168761657773 ], [ -116.448487850429231, 52.230122894417768 ], [ -116.448565353173919, 52.2299319374563 ], [ -116.448690214573119, 52.229579682766285 ], [ -116.449312035063613, 52.227825342871938 ], [ -116.449617492249402, 52.227244297728006 ], [ -116.450407796562203, 52.226112848622009 ], [ -116.450895927933757, 52.225564554657119 ], [ -116.451881191570834, 52.224671426135203 ], [ -116.452467572292392, 52.224228237749422 ], [ -116.453740263411106, 52.223420965656459 ], [ -116.454241336657375, 52.223140950618621 ], [ -116.455171560764327, 52.222683670753391 ], [ -116.456557698970173, 52.221875236596638 ], [ -116.457218020888604, 52.221374705663173 ], [ -116.457854432700699, 52.220628161709307 ], [ -116.459376256407367, 52.218439631733489 ], [ -116.459439862845073, 52.218351736821397 ], [ -116.460108126643959, 52.217463476816597 ], [ -116.460472152994214, 52.217057453977105 ], [ -116.461304440208025, 52.21626665708245 ], [ -116.46171483034442, 52.215926837418166 ], [ -116.463232301074427, 52.214825975976595 ], [ -116.464012132122065, 52.214364325389504 ], [ -116.464319236876221, 52.214216204358543 ], [ -116.465481664376071, 52.21365553119437 ], [ -116.465712903272916, 52.213550044991123 ], [ -116.466867700850685, 52.213052266516144 ], [ -116.467333545559782, 52.212851457375237 ], [ -116.467631598513933, 52.21272296737768 ], [ -116.468208707802333, 52.212474172153229 ], [ -116.468260759244629, 52.21245201291449 ], [ -116.471296256760908, 52.21117594638217 ], [ -116.47253113888641, 52.210510506896199 ], [ -116.473296985733427, 52.209756012233434 ], [ -116.473715012320994, 52.208894438255228 ], [ -116.473751009341669, 52.208484100123073 ], [ -116.473779598657885, 52.208158175386835 ], [ -116.473765774351421, 52.207736960324382 ], [ -116.473531908489619, 52.200608211515608 ], [ -116.473531007355049, 52.200514546960086 ], [ -116.473553541154601, 52.198851562356666 ], [ -116.473567573546134, 52.198639365692536 ], [ -116.473981290848158, 52.195158089712933 ], [ -116.473990185361842, 52.195092327556402 ], [ -116.474474962819187, 52.191896571956093 ], [ -116.47487133330975, 52.189003380682934 ], [ -116.474918101260954, 52.188661995110564 ], [ -116.474949595011026, 52.188432115730116 ], [ -116.474991731375823, 52.188124557132902 ], [ -116.475038505500464, 52.187783144394785 ], [ -116.475069991706462, 52.187553292923539 ], [ -116.475614308834835, 52.183579427383648 ], [ -116.475625727549755, 52.183505927339972 ], [ -116.475905834401374, 52.181894348114653 ], [ -116.475931784637112, 52.18176818285562 ], [ -116.476431809265307, 52.179664598900132 ], [ -116.476460513804639, 52.179543831097845 ], [ -116.476470428300885, 52.179503841877207 ], [ -116.477196498581037, 52.176691168166492 ], [ -116.477359977310869, 52.175928623766808 ], [ -116.477287891391939, 52.175051150383567 ], [ -116.476812244161962, 52.174158302586505 ], [ -116.47668238237874, 52.173914527337971 ], [ -116.476333393703825, 52.173489132331305 ], [ -116.475481920913964, 52.172542993286136 ], [ -116.475395594986082, 52.172443046140557 ], [ -116.474618773977369, 52.171505022367533 ], [ -116.47334359537011, 52.170236375785322 ], [ -116.472032286013189, 52.169448626285295 ], [ -116.471410555035661, 52.169134966684794 ], [ -116.470620442009917, 52.168736348426677 ], [ -116.463837264951309, 52.165371432573515 ], [ -116.459968725759836, 52.163433003727818 ], [ -116.459394763556048, 52.163099087152872 ], [ -116.45712199429795, 52.161565827448548 ], [ -116.456781367344959, 52.161336019094314 ], [ -116.45670677146866, 52.161284620040057 ], [ -116.456156792277213, 52.160821637805434 ], [ -116.455774541758984, 52.160351511390928 ], [ -116.45446932239463, 52.158363044179694 ], [ -116.454109717605732, 52.157475222649758 ], [ -116.453764845175442, 52.155454948897791 ], [ -116.453758794085985, 52.155417439573064 ], [ -116.453559384740359, 52.154104485515802 ], [ -116.452343625220124, 52.15168843089107 ], [ -116.450847186268092, 52.150251877724124 ], [ -116.450064974989246, 52.149718237478538 ], [ -116.449897082134683, 52.149603684857944 ], [ -116.448372736332743, 52.148692211952749 ], [ -116.448309140419312, 52.148653542624608 ], [ -116.445998206445367, 52.147224613669138 ], [ -116.445631536333721, 52.146959184609798 ], [ -116.445455701093849, 52.146831897077512 ], [ -116.443565268174453, 52.145223205567291 ], [ -116.443481036503258, 52.145151523553132 ], [ -116.442785665253908, 52.144342400615507 ], [ -116.441971495531931, 52.142956315275221 ], [ -116.441713513022307, 52.142330862708683 ], [ -116.441330153029824, 52.140773182084509 ], [ -116.440439300890304, 52.13886807148431 ], [ -116.438884450518415, 52.136879021349344 ], [ -116.437304776324936, 52.135000519952278 ], [ -116.437144711597568, 52.134807593490514 ], [ -116.437072218353535, 52.134709416487688 ], [ -116.436896641696521, 52.134484856098609 ], [ -116.436152100618131, 52.133532566055017 ], [ -116.435066625441465, 52.132186324269448 ], [ -116.434891479634985, 52.131945245263303 ], [ -116.433664517714419, 52.13005623353579 ], [ -116.433640695182646, 52.130018896042941 ], [ -116.431996956525751, 52.127395563872462 ], [ -116.431248441316654, 52.12625353619714 ], [ -116.431226070826568, 52.126219059900841 ], [ -116.431179353077411, 52.126147020804567 ], [ -116.42935304324368, 52.123322954721843 ], [ -116.429327212483216, 52.123290539402888 ], [ -116.429068446876826, 52.12273972794825 ], [ -116.429055111036718, 52.12266327157699 ], [ -116.428849255694374, 52.121962699254219 ], [ -116.428583222390344, 52.121013092895311 ], [ -116.428403734362647, 52.120372413944501 ], [ -116.428336522699226, 52.119607150347377 ], [ -116.428446975380268, 52.118524961213879 ], [ -116.428474562454412, 52.118254661111273 ], [ -116.428510327723998, 52.11805310194088 ], [ -116.428527004613699, 52.117953528803554 ], [ -116.428578929389431, 52.117643502117438 ], [ -116.429136542094838, 52.11583964754891 ], [ -116.429474593442521, 52.114010390254336 ], [ -116.429019702138632, 52.112220207637137 ], [ -116.428257410384191, 52.110166893852863 ], [ -116.427440883424197, 52.107967269259227 ], [ -116.426695220711451, 52.106080747587463 ], [ -116.424972910094013, 52.102845166110356 ], [ -116.424827627876653, 52.102515153456729 ], [ -116.424277821178052, 52.100947664711505 ], [ -116.424202257871499, 52.100678512311205 ], [ -116.424175423449441, 52.100551784703114 ], [ -116.423519730328664, 52.09745490613021 ], [ -116.422652486954519, 52.094776211292569 ], [ -116.422557958161562, 52.094654116004072 ], [ -116.421658887524828, 52.093492813688854 ], [ -116.420400112269576, 52.092129472054218 ], [ -116.420331263154566, 52.092054900464873 ], [ -116.419663414434311, 52.091331532983084 ], [ -116.419574008913926, 52.091230628083139 ], [ -116.418065207251672, 52.089454595567418 ], [ -116.417671885516796, 52.088854127143236 ], [ -116.416842182065096, 52.087109091086504 ], [ -116.416698737909272, 52.086807383257351 ], [ -116.416552550883708, 52.086410209452019 ], [ -116.415827801806657, 52.083661387243183 ], [ -116.415799793473781, 52.083554180273715 ], [ -116.415794362944411, 52.083517348560527 ], [ -116.414642040046616, 52.078828519037899 ], [ -116.413311422876276, 52.073543948647774 ], [ -116.41326943172659, 52.073376911452257 ], [ -116.413074276022158, 52.072576564007392 ], [ -116.41269880919188, 52.07103676159818 ], [ -116.412663253866569, 52.070890940286858 ], [ -116.411402180927283, 52.065717851937485 ], [ -116.411366625542101, 52.06557198067258 ], [ -116.409537787093768, 52.058067700835913 ], [ -116.409502246152414, 52.057921839500573 ], [ -116.409487469851854, 52.05781397446134 ], [ -116.409410199466095, 52.05750024894111 ], [ -116.408450654542676, 52.053604050349414 ], [ -116.408414744203057, 52.05345822451018 ], [ -116.40814066461185, 52.052333105339088 ], [ -116.407883685010887, 52.05127812956912 ], [ -116.407847308755905, 52.051093319505519 ], [ -116.407703141576988, 52.050134709473532 ], [ -116.407576541132414, 52.049292856213711 ], [ -116.407496697277381, 52.048761913764992 ], [ -116.407556621736759, 52.047881256202658 ], [ -116.407558703323105, 52.047874052278139 ], [ -116.408192273381559, 52.045681317786674 ], [ -116.408537434458935, 52.044967502598332 ], [ -116.408690446067425, 52.044746337896143 ], [ -116.408901455714798, 52.044441344906467 ], [ -116.409370656167354, 52.043763153014361 ], [ -116.409503087110593, 52.043586413277488 ], [ -116.412114502998179, 52.040355679363003 ], [ -116.4121790405121, 52.040275830703848 ], [ -116.412249252204063, 52.040187660887064 ], [ -116.412315115478307, 52.040104953772861 ], [ -116.412347434518679, 52.040064367640291 ], [ -116.412495831684296, 52.039930251819591 ], [ -116.412619905938854, 52.039769514784858 ], [ -116.412943507307062, 52.039350289363789 ], [ -116.413173552966953, 52.039052258740533 ], [ -116.414851676702, 52.036878076507691 ], [ -116.414877422973547, 52.036845746128897 ], [ -116.419328591251215, 52.031332147676665 ], [ -116.421303335161582, 52.028848912725714 ], [ -116.424583378191585, 52.024723592553272 ], [ -116.424602197397448, 52.024700158164663 ], [ -116.425722654147876, 52.023318654093202 ], [ -116.425970854893151, 52.023045858381352 ], [ -116.427481306103857, 52.021556346815828 ], [ -116.428173670714642, 52.021011054465056 ], [ -116.42958332660298, 52.020114101862092 ], [ -116.429660728590235, 52.020065856444297 ], [ -116.434971476885906, 52.016822932885589 ], [ -116.435106871076371, 52.016740247779985 ], [ -116.442089924184941, 52.01252279680449 ], [ -116.442537539095838, 52.012252416533734 ], [ -116.442709628828638, 52.012148465200688 ], [ -116.442753639929464, 52.0121218793998 ], [ -116.444413098870541, 52.011119431250442 ], [ -116.444474960081976, 52.011082060037829 ], [ -116.445925989170163, 52.010205462298764 ], [ -116.446132307464126, 52.010080817486653 ], [ -116.446329648196894, 52.009961594259892 ], [ -116.446373046709567, 52.00993476722919 ], [ -116.446586615672359, 52.009802749089815 ], [ -116.447041521148279, 52.009521543906892 ], [ -116.450077393452233, 52.00764474728399 ], [ -116.450108594202675, 52.007625613367267 ], [ -116.455177734405567, 52.004542209408214 ], [ -116.456696377142507, 52.003618340873885 ], [ -116.457169158553071, 52.00332447185864 ], [ -116.457558143696289, 52.003082683610934 ], [ -116.457823656325345, 52.002917642975007 ], [ -116.459584393858123, 52.001823137191906 ], [ -116.459707096085566, 52.001749274417833 ], [ -116.46048562444463, 52.00129546404748 ], [ -116.461761330900003, 52.000551815144597 ], [ -116.463060567953633, 51.99999393928843 ], [ -116.466214629899468, 51.999032300330903 ], [ -116.466651563914965, 51.998913788360483 ], [ -116.467543817209929, 51.998754239454236 ], [ -116.468467394479333, 51.998692741657472 ], [ -116.468516434993646, 51.99869226955844 ], [ -116.470786716956198, 51.99867683821806 ], [ -116.471664504022783, 51.998715716483638 ], [ -116.472566472442239, 51.998852874682292 ], [ -116.473416157936526, 51.999084619342653 ], [ -116.473465480266853, 51.999101594242639 ], [ -116.475003843209777, 51.999637622022099 ], [ -116.475863977111629, 52.000010821533472 ], [ -116.47655002979829, 52.000375895014528 ], [ -116.476863682314473, 52.000461199057874 ], [ -116.477153696498519, 52.000463789132532 ], [ -116.479087220809618, 52.00024181783747 ], [ -116.479144729231933, 52.000235215294296 ], [ -116.481287777456046, 51.999989151814624 ], [ -116.48261893523663, 51.999836284256808 ], [ -116.486803863618931, 51.999355595872558 ], [ -116.486927768427293, 51.999342293558513 ], [ -116.488897812957504, 51.999145520257649 ], [ -116.489584797755896, 51.999104836490694 ], [ -116.490617180341857, 51.999085160103157 ], [ -116.490736211802513, 51.999083711846559 ], [ -116.496426035512798, 51.999054689740177 ], [ -116.497564149352229, 51.999048851323032 ], [ -116.498999340011309, 51.99904147412726 ], [ -116.499120245082793, 51.999036049118978 ], [ -116.499292594472976, 51.999015161927922 ], [ -116.499752607569832, 51.999030282280778 ], [ -116.499891253754001, 51.999021012643247 ], [ -116.499944464267131, 51.999020857541034 ], [ -116.500060976478906, 51.999020519548168 ], [ -116.500177208903153, 51.999026455679079 ], [ -116.501145166973373, 51.999028070272018 ], [ -116.503148672390111, 51.999043024341262 ], [ -116.510059549350729, 51.998960902936936 ], [ -116.510880302297423, 51.998951123331842 ], [ -116.511251217153784, 51.998954672483862 ], [ -116.513691833381372, 51.999030501466919 ], [ -116.514250193267586, 51.999066113505535 ], [ -116.515328784943947, 51.999170577435251 ], [ -116.515787285512019, 51.999227808002395 ], [ -116.517108567574709, 51.999430348630369 ], [ -116.517281968689161, 51.999458849926839 ], [ -116.521066127791528, 52.000123066497551 ], [ -116.521833016536874, 52.000210150170389 ], [ -116.525390006434918, 52.000310664333803 ], [ -116.528209001102198, 52.000359181454947 ], [ -116.528351036269925, 52.000362794943257 ], [ -116.52873111927299, 52.000375599063986 ], [ -116.529479434016864, 52.000400806118712 ], [ -116.530045979989964, 52.000438720040286 ], [ -116.53404804406857, 52.000841057021269 ], [ -116.534090384847701, 52.000845421478395 ], [ -116.537442792939643, 52.00119946709961 ], [ -116.537457316056418, 52.001201000124972 ], [ -116.537791395238258, 52.001236276585225 ], [ -116.540938175904344, 52.001568504069596 ], [ -116.546996068791429, 52.0021503523961 ], [ -116.547111205651291, 52.002162206221705 ], [ -116.548856975502261, 52.002354078209763 ], [ -116.551693284382637, 52.002665749148441 ], [ -116.552219708145515, 52.00274075570249 ], [ -116.553874746571253, 52.003031801509835 ], [ -116.554623885502821, 52.003201893051433 ], [ -116.557844477736921, 52.00410733449835 ], [ -116.558003111578259, 52.004153892121082 ], [ -116.560100366511492, 52.004795761289152 ], [ -116.560982800377602, 52.005002361736942 ], [ -116.562248339108052, 52.005169029151617 ], [ -116.562321440460025, 52.005178987968321 ], [ -116.564113881891558, 52.00543131522317 ], [ -116.566766698545337, 52.00580470471769 ], [ -116.577363752993378, 52.007295600930945 ], [ -116.584354611750953, 52.008281827627449 ], [ -116.586182779744419, 52.008539657342517 ], [ -116.58784526955229, 52.008774094382645 ], [ -116.589166170243828, 52.00896036239245 ], [ -116.591263117379981, 52.009256047902369 ], [ -116.596148752454951, 52.009917837925968 ], [ -116.596217169995924, 52.009927395717227 ], [ -116.59765829518652, 52.010134865894678 ], [ -116.600849780669279, 52.01059425361759 ], [ -116.600937324562054, 52.010607335768029 ], [ -116.602129910246376, 52.010792138251745 ], [ -116.602691197269181, 52.010850335388739 ], [ -116.605849387764493, 52.010904001687194 ], [ -116.606769799248738, 52.010908520816237 ], [ -116.607774537884666, 52.010913446816836 ], [ -116.608226710906266, 52.010915661469681 ], [ -116.608292991383053, 52.010916239732552 ], [ -116.612093942682094, 52.010963953224504 ], [ -116.613327359859895, 52.010979410523298 ], [ -116.61337287474619, 52.010980100366631 ], [ -116.616951598532808, 52.011043747191209 ], [ -116.619183422191284, 52.011060816543107 ], [ -116.620131638073545, 52.011050022715303 ], [ -116.620900290391376, 52.011012272210955 ], [ -116.621307307459432, 52.010969431475736 ], [ -116.624258928767347, 52.010591572666677 ], [ -116.624299076358014, 52.010586432201748 ], [ -116.635100133818156, 52.009203013181597 ], [ -116.637422497351352, 52.008887210153567 ], [ -116.637525779415157, 52.008873163423964 ], [ -116.637729360086951, 52.008859457124231 ], [ -116.638363763742078, 52.00867412380039 ], [ -116.638810035430183, 52.008517315559203 ], [ -116.63922634343227, 52.00829685345041 ], [ -116.639835604478336, 52.007974203720195 ], [ -116.641387327593606, 52.00692171169144 ], [ -116.64143528029345, 52.006889616823734 ], [ -116.642995315224624, 52.005859226645875 ], [ -116.643388361465185, 52.005624934941395 ], [ -116.644824906475023, 52.004852400549296 ], [ -116.645664917870832, 52.004482433565741 ], [ -116.647152128408948, 52.003953394570907 ], [ -116.647505368444158, 52.003838392969904 ], [ -116.64939141324156, 52.003279048104936 ], [ -116.649545534811139, 52.003235188220508 ], [ -116.65203680636057, 52.002555664406195 ], [ -116.652094351089431, 52.002540217004842 ], [ -116.65314559351053, 52.00226254042348 ], [ -116.655183475296724, 52.001724215555029 ], [ -116.657560183927544, 52.001096326543596 ], [ -116.659710104248887, 52.000491113930153 ], [ -116.660283409387944, 52.000329716164259 ], [ -116.660554867200858, 52.000253292397502 ], [ -116.661509480462684, 51.999984533158631 ], [ -116.661592961486591, 51.999961561350894 ], [ -116.662497991114961, 51.999718239923901 ], [ -116.666392699652874, 51.998671021497131 ], [ -116.667685914118621, 52.000380470487265 ], [ -116.670904077740218, 52.004633796829417 ], [ -116.670678796452492, 52.004694378013795 ], [ -116.665891710688811, 52.00598154783944 ], [ -116.665280361884541, 52.006153672643549 ], [ -116.664707020156911, 52.006315092106306 ], [ -116.664435514380571, 52.006391529488859 ], [ -116.66192669737913, 52.007097799840565 ], [ -116.661812441002695, 52.007128969483304 ], [ -116.656317438705656, 52.008580609881285 ], [ -116.653932238555115, 52.009231221761908 ], [ -116.652302639923704, 52.009714530490278 ], [ -116.651437639158758, 52.010022249395064 ], [ -116.650598194039404, 52.010473716409692 ], [ -116.649249111207254, 52.011364875328233 ], [ -116.647499720762625, 52.012551577394611 ], [ -116.647028426113664, 52.01283412632165 ], [ -116.645364357311053, 52.013715442049495 ], [ -116.644530560608004, 52.014077701279817 ], [ -116.643394040222645, 52.014477063575086 ], [ -116.642890473705776, 52.014632871852839 ], [ -116.64151745643052, 52.015003033745813 ], [ -116.640530732080336, 52.015201046419975 ], [ -116.639717035564374, 52.015311716021408 ], [ -116.639613720535948, 52.01532576594122 ], [ -116.637362749912199, 52.015631864213248 ], [ -116.637299412538425, 52.015640227118318 ], [ -116.626424989142606, 52.017033064483478 ], [ -116.626384817177779, 52.017038207774164 ], [ -116.623380084967835, 52.017422869995677 ], [ -116.623193661375765, 52.017444605867922 ], [ -116.622457692308942, 52.01752207068229 ], [ -116.621984309019211, 52.017558534606046 ], [ -116.620815486962428, 52.017615939839281 ], [ -116.620490912145044, 52.01762574920027 ], [ -116.619297888191824, 52.017639331807551 ], [ -116.619133598275212, 52.01763963928974 ], [ -116.616775640737742, 52.017621608226477 ], [ -116.616688339417195, 52.017620498342808 ], [ -116.613088205372833, 52.017556476455447 ], [ -116.608109003733688, 52.01749400464773 ], [ -116.605712382462599, 52.017482252925696 ], [ -116.605608204983966, 52.017481112128465 ], [ -116.602026722835419, 52.017420253490094 ], [ -116.601290212184864, 52.01737602574476 ], [ -116.600153864157008, 52.017258206068867 ], [ -116.599738881254936, 52.0172046282648 ], [ -116.598384060076953, 52.01699468724108 ], [ -116.593828850550167, 52.016338972747199 ], [ -116.588954640320736, 52.015678730390832 ], [ -116.588910341310353, 52.015672606655215 ], [ -116.586791045077447, 52.015373770800622 ], [ -116.585470144410721, 52.015187503283698 ], [ -116.574991048203529, 52.013709353325211 ], [ -116.55998692219363, 52.011598123652369 ], [ -116.558359982626513, 52.011383858705479 ], [ -116.55758180045369, 52.011242415553838 ], [ -116.556075131867402, 52.010889662273527 ], [ -116.555597750399656, 52.010761092580054 ], [ -116.553345393788845, 52.010071740121617 ], [ -116.550568664378872, 52.009291074725397 ], [ -116.549558537624989, 52.009113437441435 ], [ -116.545299617741847, 52.008645407605904 ], [ -116.539259118118935, 52.008065233291482 ], [ -116.539180358160493, 52.008057293299018 ], [ -116.532313430843857, 52.007332198903221 ], [ -116.528613656369558, 52.006960260179433 ], [ -116.527841039428054, 52.006934233533677 ], [ -116.525045197484971, 52.006886117702507 ], [ -116.524950227802535, 52.006883958808054 ], [ -116.520982196136856, 52.006771829588246 ], [ -116.520261713265896, 52.006720978758835 ], [ -116.518887864529546, 52.006564974138293 ], [ -116.51839450667805, 52.006493836969334 ], [ -116.514452236926459, 52.005801869432858 ], [ -116.513445121904056, 52.005647487289266 ], [ -116.512875396523498, 52.005592308072387 ], [ -116.510900551190403, 52.005530952329849 ], [ -116.503270024097802, 52.005621653017727 ], [ -116.503103315242086, 52.005622019385775 ], [ -116.501018374782916, 52.005606461285034 ], [ -116.500111142018781, 52.005600146096342 ], [ -116.500057544439841, 52.005599772681933 ], [ -116.4999366487652, 52.005581684631537 ], [ -116.499819957438746, 52.005592776895746 ], [ -116.499726064188266, 52.005587979927114 ], [ -116.499631687664262, 52.005583157553914 ], [ -116.49953992754736, 52.005578469103867 ], [ -116.499288840830332, 52.005617207333955 ], [ -116.499225499000062, 52.005614196089589 ], [ -116.490886748404392, 52.005662026936477 ], [ -116.490259406682625, 52.00567398523124 ], [ -116.488692578292699, 52.005830485360988 ], [ -116.484568918783481, 52.006304145833781 ], [ -116.483237554347838, 52.006457039839326 ], [ -116.481151673556582, 52.006696543359524 ], [ -116.481094176070272, 52.006703144900165 ], [ -116.47858149821856, 52.006991602039953 ], [ -116.477529828387915, 52.007046721561032 ], [ -116.475627532650634, 52.007029735979046 ], [ -116.474885904687994, 52.00699103152472 ], [ -116.4739837661607, 52.006853891687491 ], [ -116.473555441386054, 52.006750777357801 ], [ -116.471523294431833, 52.006198082586657 ], [ -116.470192249814858, 52.005679237763523 ], [ -116.469568831874611, 52.005347476700649 ], [ -116.468498966707585, 52.005673676595329 ], [ -116.467088808070343, 52.00649576117133 ], [ -116.465511930261087, 52.007476082155101 ], [ -116.465122963706222, 52.007717887306036 ], [ -116.464857437381994, 52.007882953433196 ], [ -116.464241062737315, 52.008266118546736 ], [ -116.464200542514433, 52.00829103822953 ], [ -116.457608051601866, 52.012301591388287 ], [ -116.454273207367081, 52.014360945738218 ], [ -116.453873479105127, 52.014607770665883 ], [ -116.453832261440141, 52.014635765394253 ], [ -116.453616360928663, 52.014766467954281 ], [ -116.450444025622247, 52.016683090695437 ], [ -116.449996431045079, 52.016953492499255 ], [ -116.449780312812337, 52.01708405202276 ], [ -116.442576503058831, 52.021435296099348 ], [ -116.437201567426072, 52.024717836754277 ], [ -116.436223184824541, 52.025340447885419 ], [ -116.435146890850675, 52.026402029135447 ], [ -116.43414969563517, 52.027631875205756 ], [ -116.428884434727649, 52.034255253537665 ], [ -116.424440161258531, 52.039761776445289 ], [ -116.422318689132737, 52.042417332826098 ], [ -116.422076073588798, 52.04272100443707 ], [ -116.422033278965614, 52.042776246884721 ], [ -116.421924476534102, 52.042936778737811 ], [ -116.421890961981916, 52.042986228655771 ], [ -116.42186966395893, 52.043017651367194 ], [ -116.421766688785937, 52.043108437733267 ], [ -116.421699395855683, 52.043245238312437 ], [ -116.419122760369532, 52.046433800042536 ], [ -116.418658487876911, 52.047105080454806 ], [ -116.418606446303187, 52.047180325783899 ], [ -116.418590232246117, 52.047203768180552 ], [ -116.41818803755929, 52.048596868047518 ], [ -116.418458533884092, 52.050392699986212 ], [ -116.418932078632636, 52.052334810249356 ], [ -116.418967640470171, 52.05248065081156 ], [ -116.420016735707179, 52.056798687331558 ], [ -116.420026145774173, 52.056837417790561 ], [ -116.420056169343269, 52.056944174996055 ], [ -116.421886720615163, 52.064448306085154 ], [ -116.421922307326994, 52.06459416145514 ], [ -116.423184546985738, 52.069767096137305 ], [ -116.423220129262873, 52.069912902511064 ], [ -116.423631542495372, 52.071598507418848 ], [ -116.423824996597915, 52.072391116313575 ], [ -116.423861229750401, 52.072534900572478 ], [ -116.425198174289307, 52.077839853144951 ], [ -116.42631414363926, 52.082391617201743 ], [ -116.426340460708929, 52.082498947194381 ], [ -116.426349454549964, 52.082535624888649 ], [ -116.427040304948818, 52.08515356072985 ], [ -116.427772231099155, 52.086692229136929 ], [ -116.428993106121851, 52.088128977096744 ], [ -116.429546076370158, 52.088727783451269 ], [ -116.429614926425415, 52.088802338941854 ], [ -116.43103803809133, 52.090343325907533 ], [ -116.431216313691863, 52.090553664958925 ], [ -116.432579851157243, 52.092314399984588 ], [ -116.432996936982377, 52.093086973699258 ], [ -116.434030229861193, 52.096276270952124 ], [ -116.434088570991108, 52.096494230891615 ], [ -116.434766341745174, 52.099691813403432 ], [ -116.435210870980441, 52.100958316716145 ], [ -116.436912188403682, 52.104153079376012 ], [ -116.437026499443903, 52.104399834107546 ], [ -116.437830784833494, 52.106433485827694 ], [ -116.437848027176798, 52.106478453302238 ], [ -116.43947758125897, 52.110865301934759 ], [ -116.439547765111186, 52.111089875878342 ], [ -116.440143447204576, 52.113431929107421 ], [ -116.440173620114223, 52.114312188819632 ], [ -116.439731979526556, 52.116705088675559 ], [ -116.439672090509518, 52.116948170545641 ], [ -116.439140530290288, 52.118666700453524 ], [ -116.439109783960163, 52.118968658670269 ], [ -116.439042022619915, 52.119634127401369 ], [ -116.439115062201665, 52.119894617952227 ], [ -116.439381313777574, 52.120844207231187 ], [ -116.43948259501397, 52.121205404128169 ], [ -116.44110597478597, 52.12370772908789 ], [ -116.441152369084705, 52.123779245686499 ], [ -116.441170892130472, 52.123807781863604 ], [ -116.441924643906461, 52.124957357686604 ], [ -116.441954872583423, 52.125004502574569 ], [ -116.443602193023509, 52.127632625302986 ], [ -116.444737678915743, 52.1293802104679 ], [ -116.445746843214138, 52.130631474570308 ], [ -116.445784105670811, 52.130678613181075 ], [ -116.44649073640548, 52.131587825730207 ], [ -116.446642374689148, 52.131782930885784 ], [ -116.446718036427328, 52.131880278885561 ], [ -116.446903786789463, 52.132101122758506 ], [ -116.448415039440505, 52.133897799849827 ], [ -116.448484777390178, 52.133983757095258 ], [ -116.450269185876934, 52.136265835742158 ], [ -116.450589227949919, 52.136782164493184 ], [ -116.45170131195826, 52.139159221737245 ], [ -116.451849585287704, 52.139576278433523 ], [ -116.452206436889668, 52.141024876376655 ], [ -116.452586347472604, 52.1416714112368 ], [ -116.453874861660665, 52.142767710265773 ], [ -116.455857919852861, 52.143993771615833 ], [ -116.457476591463845, 52.144961549065108 ], [ -116.457721024837468, 52.145117643719161 ], [ -116.458006799628549, 52.145312604331416 ], [ -116.459082987305592, 52.146046708601361 ], [ -116.45961410362591, 52.146474816815299 ], [ -116.459666932229212, 52.146525524611263 ], [ -116.461739140955657, 52.148514417216852 ], [ -116.462345256289851, 52.149316487998348 ], [ -116.463940468793311, 52.152485194617462 ], [ -116.464156570751896, 52.153151864226388 ], [ -116.464405189447191, 52.154786271920734 ], [ -116.464668794432612, 52.15632833309904 ], [ -116.465333392996584, 52.157340492129869 ], [ -116.467032725344168, 52.158486765786904 ], [ -116.470584039774778, 52.160266102369299 ], [ -116.477354245421068, 52.1636242861941 ], [ -116.477388849898347, 52.163641596339581 ], [ -116.47899722906422, 52.164452961977275 ], [ -116.47934251506905, 52.164643111518657 ], [ -116.481287914432784, 52.165811655369637 ], [ -116.482100196310768, 52.166435161335599 ], [ -116.483835920272924, 52.168161657761772 ], [ -116.484052536691607, 52.168398447522989 ], [ -116.484888081768091, 52.169407128619348 ], [ -116.485744657651765, 52.170358716176516 ], [ -116.485840274675496, 52.170469900480377 ], [ -116.48642953299057, 52.171187981536619 ], [ -116.486753698280651, 52.171677155297623 ], [ -116.487612629671517, 52.173345622958571 ], [ -116.487675584649224, 52.173521056538867 ], [ -116.487813208457027, 52.173904565520822 ], [ -116.487940582148866, 52.174344467721866 ], [ -116.487946009455413, 52.174371498667988 ], [ -116.487954154071801, 52.174470351455291 ], [ -116.488071554489167, 52.175895248947441 ], [ -116.488032633614949, 52.176491001247562 ], [ -116.487796582028551, 52.17759328425366 ], [ -116.487776355326574, 52.177678996881035 ], [ -116.487045059359531, 52.180514528183757 ], [ -116.486536544575813, 52.182655978605361 ], [ -116.486274168754022, 52.184167631290656 ], [ -116.485751074046163, 52.187993261933613 ], [ -116.485704387379542, 52.188334667368302 ], [ -116.485672951609232, 52.188564532943822 ], [ -116.485630888682067, 52.188872094728623 ], [ -116.485584199379275, 52.189213472208557 ], [ -116.485552761925845, 52.18944336562032 ], [ -116.485139827100568, 52.192462734530366 ], [ -116.485135602499113, 52.19249205214453 ], [ -116.484654342089968, 52.195669643034542 ], [ -116.484257927322943, 52.199012082056129 ], [ -116.484237830723501, 52.200521992214036 ], [ -116.484471860814992, 52.207603863972928 ], [ -116.484489810076084, 52.208146792632888 ], [ -116.484483200222243, 52.208390100773251 ], [ -116.484444052428458, 52.20883762083799 ], [ -116.484374110033585, 52.209637096247192 ], [ -116.484158961827632, 52.210399679179126 ], [ -116.483354008300807, 52.212059516834145 ], [ -116.482766317840444, 52.212860405884371 ], [ -116.481200653110633, 52.21440317344868 ], [ -116.480188166421058, 52.215135539347877 ], [ -116.478117351534365, 52.216251540542387 ], [ -116.477610446446619, 52.216493286729708 ], [ -116.474335627068953, 52.217870049696891 ], [ -116.47395190773851, 52.218035484233837 ], [ -116.473486066032635, 52.21823632100044 ], [ -116.473187971776156, 52.218364827905084 ], [ -116.471983280921378, 52.218884147536464 ], [ -116.471055124034308, 52.219331857851238 ], [ -116.470112436327383, 52.220015828462934 ], [ -116.469672924270654, 52.220433511892153 ], [ -116.469196287350712, 52.221067240242114 ], [ -116.467622845292198, 52.223330715814726 ], [ -116.467442330661711, 52.223564468908378 ], [ -116.466460814306984, 52.224716124015153 ], [ -116.465877425296, 52.225261160238304 ], [ -116.464661325243213, 52.226183109294603 ], [ -116.464188131956604, 52.226497562989884 ], [ -116.462384386080373, 52.227549662924318 ], [ -116.462043195629576, 52.22773245780985 ], [ -116.461201034486479, 52.228146483967009 ], [ -116.460489066543317, 52.228598137713334 ], [ -116.46005225989822, 52.228994169796358 ], [ -116.459660356367195, 52.229555422684292 ], [ -116.459083780690264, 52.231169000571754 ], [ -116.459015120036256, 52.231361142442609 ], [ -116.458613027033337, 52.232898306659642 ], [ -116.45849802342812, 52.233228592399939 ], [ -116.457986802155261, 52.234399146334063 ], [ -116.457540825185703, 52.2350933930678 ], [ -116.456571168582968, 52.2362112091092 ], [ -116.455707502708222, 52.236942802413481 ], [ -116.45392732975796, 52.238081316772337 ], [ -116.453054551904728, 52.238531894435553 ], [ -116.452351662779847, 52.238822423825916 ], [ -116.452109159294068, 52.238916958456805 ], [ -116.449737428439221, 52.23978760474381 ], [ -116.449004302373766, 52.240083639495772 ], [ -116.448528618914224, 52.240327098164379 ], [ -116.448139500081666, 52.240572764144027 ], [ -116.447832213494948, 52.24081286267235 ], [ -116.447564834995362, 52.241072808402137 ], [ -116.447300908238503, 52.241411459954286 ], [ -116.446570591942603, 52.242699756875346 ], [ -116.446461486855384, 52.242875805274906 ], [ -116.445963098504322, 52.243615517914051 ], [ -116.445764415671661, 52.243877237861433 ], [ -116.445290994987559, 52.244435458698703 ], [ -116.444849535257177, 52.244869727545378 ], [ -116.444060647601759, 52.245525881910872 ], [ -116.443576392602324, 52.245874855243663 ], [ -116.442696845080505, 52.246425783820236 ], [ -116.442135134856571, 52.246731500490647 ], [ -116.441126954243657, 52.247207131854658 ], [ -116.44026680725149, 52.247538429065607 ], [ -116.439015473106323, 52.247924238426883 ], [ -116.43804478294723, 52.248154132608427 ], [ -116.436122724447785, 52.248481916052775 ], [ -116.435656564723956, 52.248547807498674 ], [ -116.434078583642673, 52.248725740414557 ], [ -116.432918869372301, 52.248878137373751 ], [ -116.431636716396824, 52.249079959094672 ], [ -116.430655265255055, 52.249289392752722 ], [ -116.429675571942255, 52.249550044451176 ], [ -116.428768272121232, 52.249857192224347 ], [ -116.427570291362002, 52.250323477116126 ], [ -116.42749107820687, 52.250353718101664 ], [ -116.423394613919896, 52.251887303543278 ], [ -116.42334776298857, 52.25190464132838 ], [ -116.421032399584917, 52.25273575206063 ], [ -116.420940850074501, 52.252776573891843 ], [ -116.420836822588313, 52.252822959886537 ], [ -116.420800188146188, 52.252836403902855 ], [ -116.41855007544406, 52.253715878278413 ], [ -116.418297834422077, 52.253808595812053 ], [ -116.416837816415409, 52.254312381039661 ], [ -116.416508655089913, 52.254416932272711 ], [ -116.41484660374644, 52.25490087736376 ], [ -116.41445394968774, 52.255003656097209 ], [ -116.412780820666171, 52.25539402746503 ], [ -116.412460190998274, 52.255461790215591 ], [ -116.410342078168682, 52.255863885548997 ], [ -116.410151708178262, 52.255897669863224 ], [ -116.405694810457064, 52.256633999332259 ], [ -116.40561778482828, 52.256646347242039 ], [ -116.401640360190044, 52.257264570888381 ], [ -116.400501472246191, 52.257363439958723 ], [ -116.398890733995586, 52.257396082998625 ], [ -116.398439549095841, 52.257393563021537 ], [ -116.397536380252504, 52.257365153321352 ], [ -116.39726245705377, 52.257372952854517 ], [ -116.397182813920466, 52.257908999487988 ], [ -116.397162151942155, 52.258025195816899 ], [ -116.396894218184215, 52.259318396054418 ], [ -116.396726626500055, 52.260571542279379 ], [ -116.396710690967424, 52.260671827321779 ], [ -116.39644874183287, 52.262094318954162 ], [ -116.396404339148901, 52.262285136509931 ], [ -116.39610272541907, 52.263356003665919 ], [ -116.395871970028978, 52.263896556743113 ], [ -116.395370046655884, 52.264763786507842 ], [ -116.395134878914888, 52.265107105325733 ], [ -116.394405410565312, 52.266023065976746 ], [ -116.39411636168667, 52.266340271992483 ], [ -116.391976014798374, 52.268411372574562 ], [ -116.391908235718432, 52.268475303779084 ], [ -116.388913370908213, 52.271229545068344 ], [ -116.387054756348036, 52.273025263964918 ], [ -116.386499182748778, 52.273724890455888 ], [ -116.386311774416754, 52.274042137529705 ], [ -116.385895436479899, 52.274865477725548 ], [ -116.3853220198082, 52.27645377887012 ], [ -116.385261304161503, 52.276604913383636 ], [ -116.384733302583726, 52.277797035873284 ], [ -116.384597814117271, 52.278059108383644 ], [ -116.384140737541955, 52.278829806709744 ], [ -116.384064901394979, 52.27895026197681 ], [ -116.383517198323844, 52.279771829700145 ], [ -116.383146112350616, 52.28038722187781 ], [ -116.382919594400477, 52.280889502683181 ], [ -116.382709417598676, 52.281482550701391 ], [ -116.38265168760347, 52.281786229406876 ], [ -116.382584312813378, 52.283144508959701 ], [ -116.382584740049509, 52.283905817830238 ], [ -116.382580599901885, 52.284036167722817 ], [ -116.38248763181474, 52.285486413297889 ], [ -116.38246801675723, 52.285666433732544 ], [ -116.382352857523628, 52.286414305416365 ], [ -116.382293245204764, 52.286682754185641 ], [ -116.382253460953734, 52.286819510916004 ], [ -116.382231260238058, 52.28689121559183 ], [ -116.381698445822678, 52.288513622373294 ], [ -116.381637702213723, 52.288676967153336 ], [ -116.381275447117204, 52.289548102969206 ], [ -116.381125100785297, 52.289536275884807 ], [ -116.380705451167813, 52.289711831066427 ], [ -116.380433836694721, 52.289649083042114 ], [ -116.380226823859701, 52.289544778900719 ], [ -116.379923074458986, 52.289283579041594 ], [ -116.379668816453218, 52.289294005049221 ], [ -116.379286166494268, 52.289514354062028 ], [ -116.379070075699261, 52.289611496057198 ], [ -116.378878327764255, 52.289721116094896 ], [ -116.378621999285784, 52.289752484096518 ], [ -116.378445135859394, 52.289698191168057 ], [ -116.378374256405735, 52.289676431773451 ], [ -116.378072314816393, 52.289651122366472 ], [ -116.377869276123022, 52.28975423886618 ], [ -116.377698528815245, 52.289865059169792 ], [ -116.377444322353824, 52.28993135539703 ], [ -116.377306412922678, 52.290073523865068 ], [ -116.377090303411975, 52.290170666010226 ], [ -116.376826503886221, 52.290233692527949 ], [ -116.376637310715836, 52.290347628066435 ], [ -116.376363905220529, 52.290407363703565 ], [ -116.376230085162774, 52.290385435381815 ], [ -116.374812691001139, 52.290152977407523 ] ] ] ] } },
{ "type": "Feature", "properties": { "PSCW_NAME": "Secondary Road 734 A Corridor", "PSCW_CODE": "CW004", "GlobalID": "{9881939F-250C-4EB4-8C37-3470C7592CBB}" }, "geometry": { "type": "MultiPolygon", "coordinates": [ [ [ [ -115.881853857619262, 52.126653542491177 ], [ -115.881368699961527, 52.126295980887278 ], [ -115.881247652789042, 52.126186344575601 ], [ -115.880776256184063, 52.125662367630902 ], [ -115.880687704724821, 52.125538505728215 ], [ -115.880366136151366, 52.124937693283094 ], [ -115.880266770794805, 52.124666656048397 ], [ -115.880151734541428, 52.12419726536141 ], [ -115.880125879078037, 52.123992338308035 ], [ -115.880111170401705, 52.123875724660941 ], [ -115.880099751673924, 52.12348440262295 ], [ -115.880157439582732, 52.122630570772969 ], [ -115.880217671067939, 52.122256353871414 ], [ -115.880319839827081, 52.121856331056293 ], [ -115.880569300956765, 52.121255714563866 ], [ -115.8807220170997, 52.120993855514513 ], [ -115.881037594230222, 52.120555967929789 ], [ -115.881308239041658, 52.120243932184984 ], [ -115.881619413739386, 52.119929007562533 ], [ -115.881868795192176, 52.119705822184891 ], [ -115.882228314004706, 52.11941922890248 ], [ -115.886543417517203, 52.116344918037854 ], [ -115.886579919359491, 52.116314046330324 ], [ -115.886699329682656, 52.116115507490086 ], [ -115.88706925664161, 52.115627301819643 ], [ -115.88787494894224, 52.114757844649915 ], [ -115.888588768253399, 52.11415734659073 ], [ -115.889336748423943, 52.113658156759278 ], [ -115.889443879051754, 52.113575156866645 ], [ -115.88938110224737, 52.113380880890062 ], [ -115.889369111615508, 52.11329431859378 ], [ -115.889228991604298, 52.113157461642565 ], [ -115.888748586458433, 52.11264021436461 ], [ -115.888388827762441, 52.112170181672504 ], [ -115.888136781736279, 52.111618155739599 ], [ -115.888053134993484, 52.111201024352297 ], [ -115.887995622673628, 52.110600685987841 ], [ -115.887986753614541, 52.110447243540676 ], [ -115.888078043942926, 52.109876063497808 ], [ -115.888083035378017, 52.109811498139514 ], [ -115.888308798980091, 52.109323672620242 ], [ -115.888349006223251, 52.109262462150568 ], [ -115.888620478932481, 52.108865344453108 ], [ -115.888662737406563, 52.108803525654487 ], [ -115.888720334361636, 52.108736777224699 ], [ -115.889132848125641, 52.108258713839732 ], [ -115.888975994431703, 52.108170218475337 ], [ -115.888153445077648, 52.107581902303352 ], [ -115.8874821081709, 52.106967853010744 ], [ -115.887034940125062, 52.10647100436055 ], [ -115.886774739566548, 52.106111840880146 ], [ -115.886656196367497, 52.105934483598972 ], [ -115.886404207950562, 52.105382453074327 ], [ -115.886323564258447, 52.104994219871791 ], [ -115.886255196456744, 52.104373261401918 ], [ -115.88624707048892, 52.104182067836604 ], [ -115.886166309510173, 52.104151942152818 ], [ -115.885550564997047, 52.103883934932568 ], [ -115.884884130463263, 52.103483439382252 ], [ -115.884713293687327, 52.103354681515754 ], [ -115.882388942707806, 52.101509400868018 ], [ -115.88113907051887, 52.100507189006791 ], [ -115.877989723201495, 52.097988120669747 ], [ -115.877798489776552, 52.09782506767867 ], [ -115.877507108810136, 52.097559902388369 ], [ -115.877309934400472, 52.097366303726652 ], [ -115.877027075697086, 52.097065866810055 ], [ -115.876574040704142, 52.096443846371983 ], [ -115.876437201538323, 52.096187685519787 ], [ -115.876295149088961, 52.095868491648851 ], [ -115.875902437681603, 52.0947724399092 ], [ -115.875339458908627, 52.093236437053342 ], [ -115.875222265120541, 52.092942525564204 ], [ -115.875145223085028, 52.09271483507294 ], [ -115.875056175823588, 52.092395524734542 ], [ -115.87451086632116, 52.090850709042506 ], [ -115.874479653472889, 52.090762279119623 ], [ -115.873994006260133, 52.089386372682306 ], [ -115.873140452908842, 52.089427843640856 ], [ -115.872075836739214, 52.089566318707931 ], [ -115.868317559477433, 52.09014444194716 ], [ -115.868241976608402, 52.090155707962204 ], [ -115.865603593460392, 52.090536428124715 ], [ -115.86484588949557, 52.090610882881329 ], [ -115.863937978495471, 52.090659257588285 ], [ -115.863394880170503, 52.090671095941161 ], [ -115.861386216205275, 52.090651863187226 ], [ -115.861335776214858, 52.090651232586978 ], [ -115.845730354164544, 52.090409790223021 ], [ -115.845533530605039, 52.090406732357486 ], [ -115.844802184579265, 52.090364233274329 ], [ -115.844456214527142, 52.090309780441032 ], [ -115.84417937757479, 52.090266207806458 ], [ -115.843902140665733, 52.09021812475644 ], [ -115.843403870791462, 52.090131704929178 ], [ -115.842645563881888, 52.089944552230556 ], [ -115.841833281032322, 52.08969269119509 ], [ -115.84129412684176, 52.089488343773013 ], [ -115.840582572698111, 52.089165796101526 ], [ -115.840251094344509, 52.088987709929889 ], [ -115.839693211363809, 52.088639742970024 ], [ -115.839367846997774, 52.088404074475726 ], [ -115.838875425844464, 52.087984507379261 ], [ -115.838351403265193, 52.087454674195712 ], [ -115.838104806207994, 52.087175891519813 ], [ -115.837589232737145, 52.086519467524823 ], [ -115.836957934200939, 52.086323132671033 ], [ -115.836502607876554, 52.086163803296877 ], [ -115.83553042394739, 52.0857836013477 ], [ -115.834778928356897, 52.085428394806002 ], [ -115.834495195089232, 52.085267742055485 ], [ -115.833791245015405, 52.084781518626855 ], [ -115.833661914234298, 52.084672042881962 ], [ -115.833296242149416, 52.084316803005215 ], [ -115.832893454387559, 52.083863840835463 ], [ -115.83247368196642, 52.083537298837918 ], [ -115.832094869731819, 52.083294893843856 ], [ -115.83174920072635, 52.083073673859225 ], [ -115.830601183187383, 52.082396212762163 ], [ -115.830170022532357, 52.082109633738511 ], [ -115.829828659403816, 52.081853803146934 ], [ -115.82933205075588, 52.081412624589781 ], [ -115.828975498913323, 52.081033066040177 ], [ -115.828608203135914, 52.080710797086333 ], [ -115.827129259899323, 52.080033948722097 ], [ -115.826588886662449, 52.079750425840167 ], [ -115.826254142412253, 52.079549661403121 ], [ -115.825449903256299, 52.078935111134733 ], [ -115.825217896864345, 52.078706238736899 ], [ -115.824728481147233, 52.078087480358818 ], [ -115.824693935821102, 52.078028925756023 ], [ -115.82416022351623, 52.077378028519561 ], [ -115.823952992549778, 52.07709226974093 ], [ -115.823735372039152, 52.076749234951706 ], [ -115.823482261380988, 52.076225635850903 ], [ -115.823446144359224, 52.076119323807355 ], [ -115.823215434828271, 52.075858240983514 ], [ -115.822991276122266, 52.0756440677741 ], [ -115.822699953172403, 52.075328810496664 ], [ -115.822575184701194, 52.075174586368583 ], [ -115.822205854203034, 52.07457994536535 ], [ -115.822150363379293, 52.074455716675629 ], [ -115.821961281885166, 52.073485630898503 ], [ -115.822034007350254, 52.071968109664724 ], [ -115.822041549572702, 52.071810722893353 ], [ -115.821327128187221, 52.070293051562146 ], [ -115.821175804882941, 52.070018522627265 ], [ -115.8211409903369, 52.069883643470781 ], [ -115.820977224254648, 52.069789269263318 ], [ -115.820657177227787, 52.069662075348852 ], [ -115.819732965388852, 52.069196968277723 ], [ -115.819513621907987, 52.069058677176415 ], [ -115.819263718790609, 52.068889754487202 ], [ -115.818718641975309, 52.068494556263239 ], [ -115.818096668463212, 52.067935855133641 ], [ -115.817993271531734, 52.0678186958556 ], [ -115.817432533781414, 52.066841664541869 ], [ -115.817390924991926, 52.066702159528546 ], [ -115.817303803739975, 52.066138446835183 ], [ -115.816678369722325, 52.065639764798014 ], [ -115.815035034292009, 52.064851512254805 ], [ -115.814944579370206, 52.064807144739845 ], [ -115.814072064791603, 52.064369579380191 ], [ -115.813138776721701, 52.064359898090025 ], [ -115.813059826403347, 52.064358718699829 ], [ -115.810395306664077, 52.064306722751098 ], [ -115.809902200980133, 52.064282962301 ], [ -115.808644765606488, 52.064186061617292 ], [ -115.807935843647755, 52.06410107568793 ], [ -115.806905426303743, 52.06393224738332 ], [ -115.806260272740985, 52.063798871995338 ], [ -115.805147398517434, 52.06351894239873 ], [ -115.803713946921505, 52.063153488807359 ], [ -115.802998013870678, 52.062930768218401 ], [ -115.801929922762056, 52.062533767196506 ], [ -115.800914812592083, 52.062153706613316 ], [ -115.800756596853788, 52.062092103503439 ], [ -115.800151952618293, 52.06184742664599 ], [ -115.800036033783357, 52.061820961782196 ], [ -115.799506349868977, 52.06173077179092 ], [ -115.799412728619018, 52.061714142697916 ], [ -115.798952423205321, 52.061632382365914 ], [ -115.797851900855861, 52.061393628095836 ], [ -115.797434651785935, 52.061362199565345 ], [ -115.796771232087977, 52.061285725296472 ], [ -115.796349982561722, 52.061219935072295 ], [ -115.795033386055934, 52.060894422844839 ], [ -115.79477030860609, 52.060802701707949 ], [ -115.794178085482656, 52.060562910585958 ], [ -115.793519105052411, 52.060255630147523 ], [ -115.793008157217557, 52.060066586905691 ], [ -115.792168688773671, 52.060424863553102 ], [ -115.791887829025939, 52.060536869315264 ], [ -115.791234834878651, 52.060779729520497 ], [ -115.791118248835957, 52.060823100558672 ], [ -115.790136828338859, 52.061108740132553 ], [ -115.789727379790278, 52.06119781213355 ], [ -115.789031300121479, 52.061317265595925 ], [ -115.786026133374762, 52.06170001874721 ], [ -115.785968596099892, 52.061707142346989 ], [ -115.782359333950694, 52.062141276677131 ], [ -115.781974359002433, 52.062243029650112 ], [ -115.776228950190685, 52.063894940911943 ], [ -115.776186772339386, 52.063906928985155 ], [ -115.773041292782878, 52.064790683877234 ], [ -115.772993373988953, 52.064803970427199 ], [ -115.770999548996897, 52.065349547749292 ], [ -115.769505140902112, 52.065804899355619 ], [ -115.76935911118197, 52.065847709822009 ], [ -115.763362496934434, 52.067537296502948 ], [ -115.759814570026165, 52.068541785377668 ], [ -115.758139744956708, 52.069398464317182 ], [ -115.758081858843369, 52.069428072178589 ], [ -115.75778903009936, 52.069565461639385 ], [ -115.757398208853971, 52.069744898131539 ], [ -115.756639880081863, 52.070082393653948 ], [ -115.755817439528585, 52.070383278934791 ], [ -115.755442383471561, 52.070493797662529 ], [ -115.75484880418837, 52.070642441632785 ], [ -115.754364014973604, 52.070743411426527 ], [ -115.753776494876135, 52.070843147668015 ], [ -115.753119993023418, 52.070930091711055 ], [ -115.752657229744415, 52.0709783704378 ], [ -115.751858744733127, 52.071039561446689 ], [ -115.751742193286447, 52.071048498437463 ], [ -115.751600323283483, 52.071058190486148 ], [ -115.751483427103693, 52.071065203662705 ], [ -115.75063360984359, 52.07111622600668 ], [ -115.750515856181764, 52.071123302151712 ], [ -115.750399267335339, 52.071130297003592 ], [ -115.748849301074088, 52.071223333006131 ], [ -115.748613505450194, 52.071234241428137 ], [ -115.747372953648494, 52.071274625319937 ], [ -115.746876683769202, 52.071382193454127 ], [ -115.745521748109695, 52.071715159319275 ], [ -115.744765765254954, 52.07193919423672 ], [ -115.744354384356839, 52.072061103960351 ], [ -115.744077166338926, 52.072149618023815 ], [ -115.743936042944853, 52.072194677263447 ], [ -115.743867714710177, 52.072204795840591 ], [ -115.743086477122944, 52.072616525838889 ], [ -115.738493905073625, 52.075066050275723 ], [ -115.738313591701541, 52.075158032215519 ], [ -115.737601401488547, 52.075505400745335 ], [ -115.737409763974796, 52.075598859806057 ], [ -115.737323537914932, 52.075635335578319 ], [ -115.734655782910693, 52.077065412549743 ], [ -115.734609244326421, 52.077089971956454 ], [ -115.732656701414697, 52.078108401208773 ], [ -115.732430148664136, 52.078259922472547 ], [ -115.730942204736877, 52.080912256972788 ], [ -115.730786297586192, 52.081236147705994 ], [ -115.730095585462891, 52.082138747740814 ], [ -115.729731448896473, 52.08247176803436 ], [ -115.729401287139737, 52.082742515857895 ], [ -115.72900583217438, 52.083034233639687 ], [ -115.72812248344421, 52.083552044007988 ], [ -115.7247333161787, 52.085126473539447 ], [ -115.72372537224004, 52.085594665364539 ], [ -115.721376400507296, 52.086685637557586 ], [ -115.713490519961141, 52.090302267037885 ], [ -115.712661855193062, 52.090614415283767 ], [ -115.712290186436206, 52.090727210685529 ], [ -115.71094102198451, 52.091006418986701 ], [ -115.710429718035044, 52.09106714053749 ], [ -115.710007250998189, 52.09110658670118 ], [ -115.707891062973957, 52.091251091306411 ], [ -115.707833304622781, 52.091254839057171 ], [ -115.701933165920138, 52.091617562441868 ], [ -115.701554008186761, 52.091640860126574 ], [ -115.700521719101616, 52.091704285937574 ], [ -115.699951023812019, 52.091720431706243 ], [ -115.699345060252185, 52.091717586682655 ], [ -115.698549058933537, 52.091677055729981 ], [ -115.697865959002328, 52.09161030256427 ], [ -115.697430243386449, 52.09155618642005 ], [ -115.696860643580138, 52.09147010265476 ], [ -115.696389309801319, 52.09138453024142 ], [ -115.695814544283479, 52.091262211766185 ], [ -115.694993268051505, 52.091038202514525 ], [ -115.694276335760151, 52.090796340976361 ], [ -115.694098151711543, 52.090733455462029 ], [ -115.693200546375337, 52.090402380745587 ], [ -115.693071701670419, 52.09035331430983 ], [ -115.691574460798222, 52.089764873956007 ], [ -115.685226631050782, 52.087385535381692 ], [ -115.684575908904648, 52.087141586230793 ], [ -115.684251726842177, 52.087020055437094 ], [ -115.683383419052049, 52.086614333283002 ], [ -115.682994263574557, 52.086390486233341 ], [ -115.682877640507812, 52.08631467305888 ], [ -115.682352990589877, 52.085973608575877 ], [ -115.68224933424392, 52.085896598969683 ], [ -115.682118460660632, 52.085780015515233 ], [ -115.681807520697561, 52.085508917052429 ], [ -115.681619015159441, 52.085344561969968 ], [ -115.681368042728181, 52.085071246434161 ], [ -115.680933501888504, 52.084460889241733 ], [ -115.680794452792043, 52.08419516493197 ], [ -115.680616654526801, 52.083752285599608 ], [ -115.679679589523829, 52.080449881220154 ], [ -115.679669633145181, 52.080414792416569 ], [ -115.679412626977523, 52.079508935059167 ], [ -115.679392756326152, 52.079433781370213 ], [ -115.67906808488469, 52.078109324327109 ], [ -115.678811434996561, 52.077269147074531 ], [ -115.678521670957124, 52.077075749799576 ], [ -115.674571455790542, 52.074138731845011 ], [ -115.674205773076125, 52.073832366090947 ], [ -115.673937758606215, 52.07357825404732 ], [ -115.673473846802679, 52.073032550369071 ], [ -115.673187933862394, 52.072602430917719 ], [ -115.673104989448134, 52.072469519941805 ], [ -115.672886608830083, 52.072095615850408 ], [ -115.672765569516656, 52.07175216979239 ], [ -115.672616263057819, 52.071489927713955 ], [ -115.671150049768016, 52.068383831133673 ], [ -115.670376179676495, 52.066794064020812 ], [ -115.670135567498264, 52.066723869334595 ], [ -115.65874414214538, 52.063399875405963 ], [ -115.657765092457581, 52.063029315831294 ], [ -115.654681491950171, 52.061558566936164 ], [ -115.653323533907638, 52.060951357547602 ], [ -115.653063555128583, 52.060818474091079 ], [ -115.652648530354938, 52.060710209673509 ], [ -115.652267737727129, 52.060576651056365 ], [ -115.651356988175792, 52.060173703943128 ], [ -115.651277801229938, 52.060130216689096 ], [ -115.651125327106996, 52.060110860084443 ], [ -115.650167689837659, 52.05993014086414 ], [ -115.649782433708637, 52.059832229955617 ], [ -115.649103725226311, 52.059623819837242 ], [ -115.648740610595567, 52.059491687688777 ], [ -115.647298777459326, 52.058962446384015 ], [ -115.646551588418902, 52.059107075747654 ], [ -115.646360263844841, 52.05913963354795 ], [ -115.646203526698613, 52.059168684701469 ], [ -115.645314510065916, 52.059350690517078 ], [ -115.645161463342419, 52.05938045488157 ], [ -115.642632725453154, 52.059846566545346 ], [ -115.642090999594245, 52.059927680892251 ], [ -115.64155528206301, 52.059989832744513 ], [ -115.640774838561214, 52.060044126997333 ], [ -115.640089183655078, 52.060060503590591 ], [ -115.639465506406111, 52.060052909646359 ], [ -115.638036884227631, 52.059983870122508 ], [ -115.637241153174131, 52.05990785074377 ], [ -115.636701126747738, 52.059830161252805 ], [ -115.636057538018491, 52.05971078391805 ], [ -115.635060827498208, 52.059482808127136 ], [ -115.63463760172985, 52.059373012821489 ], [ -115.629435417681606, 52.05785772762853 ], [ -115.629333440535817, 52.05782541818855 ], [ -115.628474064094192, 52.057601425307652 ], [ -115.627717044019604, 52.057599902930022 ], [ -115.626788491766987, 52.057655295471797 ], [ -115.624005821549986, 52.057849024696125 ], [ -115.623794315916498, 52.057861123791852 ], [ -115.622891953727702, 52.057901595621054 ], [ -115.622063310597426, 52.057898993340409 ], [ -115.619297454033344, 52.057757443797939 ], [ -115.619060770847227, 52.057742045701367 ], [ -115.618049504790292, 52.057662155614267 ], [ -115.616268009793046, 52.057809726335357 ], [ -115.616014929124518, 52.05783068837053 ], [ -115.615878314831903, 52.057843085162737 ], [ -115.615344532581275, 52.057879187287476 ], [ -115.614923485134497, 52.057907661987961 ], [ -115.613954622030874, 52.057918625033658 ], [ -115.613425922180085, 52.057894933223778 ], [ -115.612370939989347, 52.057781232198494 ], [ -115.611660224714029, 52.057658278592719 ], [ -115.610980437061542, 52.057509453683338 ], [ -115.610220319735149, 52.057306409967822 ], [ -115.609937604118798, 52.057231783182857 ], [ -115.607960261703781, 52.056709739645328 ], [ -115.607545495049138, 52.056612038920306 ], [ -115.606394587020674, 52.05652169641202 ], [ -115.604164011190733, 52.056405507126456 ], [ -115.603932824270686, 52.056410162192982 ], [ -115.60014565282772, 52.056610791125429 ], [ -115.599156857976254, 52.056663154980505 ], [ -115.599087919428214, 52.05666652841164 ], [ -115.597580794230396, 52.056734209237007 ], [ -115.596635812504616, 52.05672491113485 ], [ -115.596200656666326, 52.056696740431562 ], [ -115.595595367377015, 52.056635706964379 ], [ -115.595111208819461, 52.056569078899365 ], [ -115.594938150646456, 52.056545260283158 ], [ -115.594646038732165, 52.056499682349063 ], [ -115.592934253312265, 52.056200633398653 ], [ -115.592656231249251, 52.05614696448928 ], [ -115.591672455831045, 52.055938712649365 ], [ -115.591236207902995, 52.055832940765129 ], [ -115.589984829287829, 52.055489672596387 ], [ -115.589876097812621, 52.055459845529512 ], [ -115.589796472844426, 52.055437291020617 ], [ -115.589690203256481, 52.055422109775009 ], [ -115.58929167211538, 52.055365176880763 ], [ -115.588532460060378, 52.055247802223903 ], [ -115.588184680771548, 52.055210859958038 ], [ -115.588036090186463, 52.055195074040078 ], [ -115.587805709027776, 52.055167369020111 ], [ -115.585991990609543, 52.054923597431454 ], [ -115.585740602519891, 52.054889806669323 ], [ -115.584083332436336, 52.054666998328514 ], [ -115.575464619929591, 52.053482405581164 ], [ -115.575382639703207, 52.053470715694878 ], [ -115.574262866056785, 52.053305287919244 ], [ -115.573105438308801, 52.053155729029925 ], [ -115.572356334274758, 52.053023073549213 ], [ -115.571772188935498, 52.052890467986742 ], [ -115.571558144173366, 52.052838621022858 ], [ -115.569976031596255, 52.052430905754669 ], [ -115.56973790621926, 52.052365278204078 ], [ -115.567856215894409, 52.051812250485767 ], [ -115.5659869442581, 52.051900138004136 ], [ -115.565476843927343, 52.051909029156128 ], [ -115.564824341850709, 52.051901153556464 ], [ -115.564139648390722, 52.051865606741217 ], [ -115.563632870868915, 52.051818882566593 ], [ -115.563068695517885, 52.051747489770946 ], [ -115.562219783815195, 52.051610251381383 ], [ -115.561691598340175, 52.051506506843317 ], [ -115.559399389449709, 52.050973916987189 ], [ -115.557639401855312, 52.050581381581608 ], [ -115.557456831325581, 52.050538313087173 ], [ -115.555912621673329, 52.050153879568271 ], [ -115.553119033832942, 52.049512437192533 ], [ -115.551450613323482, 52.049129310911425 ], [ -115.548148331822304, 52.048370891929075 ], [ -115.54748919175789, 52.048219495088951 ], [ -115.543558094168787, 52.047305822561327 ], [ -115.543433682802061, 52.047364061387292 ], [ -115.543049687562956, 52.047468194595062 ], [ -115.542907568584539, 52.047506733781141 ], [ -115.542846200918248, 52.047523256238506 ], [ -115.542638945839286, 52.047579056252616 ], [ -115.543112107428655, 52.047990747792376 ], [ -115.543219844545433, 52.048101193713947 ], [ -115.543748436465606, 52.04883179715106 ], [ -115.543827872546458, 52.048991424711183 ], [ -115.544051268591204, 52.049742350062232 ], [ -115.544097964981745, 52.050183931957328 ], [ -115.544096347960448, 52.050626761480849 ], [ -115.544027921044162, 52.051231843871221 ], [ -115.543990717235175, 52.051948592634609 ], [ -115.543940222637957, 52.052306854786671 ], [ -115.543878838518211, 52.05257277834253 ], [ -115.543505449918726, 52.053398181721327 ], [ -115.543442553536423, 52.053489235476945 ], [ -115.543118717511817, 52.053882566658004 ], [ -115.543050139393927, 52.053953613844662 ], [ -115.542923847523468, 52.054127102789693 ], [ -115.542776660901978, 52.054378723281076 ], [ -115.54255782067122, 52.054939415302734 ], [ -115.541930695095957, 52.05587740404588 ], [ -115.541826668413648, 52.055983001371992 ], [ -115.541282560580115, 52.056440961290512 ], [ -115.541041210167677, 52.056611093966247 ], [ -115.539895383316889, 52.057467328706508 ], [ -115.539215574672156, 52.058030650865419 ], [ -115.539111272553598, 52.058156863302877 ], [ -115.539082902122857, 52.058189363453593 ], [ -115.538879576453567, 52.058485205451149 ], [ -115.538775667331095, 52.058666583516271 ], [ -115.538671667718177, 52.059000077681553 ], [ -115.538596387054, 52.05920569700951 ], [ -115.537322638807552, 52.062229856886006 ], [ -115.53708163136443, 52.06289063717702 ], [ -115.537011721027369, 52.063082309202613 ], [ -115.536890468562405, 52.063358150901749 ], [ -115.536461767105934, 52.064188634284214 ], [ -115.53619532690297, 52.064861199639026 ], [ -115.536111380414084, 52.065048826290685 ], [ -115.535877011512554, 52.065518020764763 ], [ -115.535469074733854, 52.066116807714423 ], [ -115.535338480133078, 52.066265409226389 ], [ -115.534992430271046, 52.066724674945831 ], [ -115.534911759638106, 52.066827063086649 ], [ -115.530972011935972, 52.07161419921696 ], [ -115.530860129084417, 52.07174296210539 ], [ -115.530391898508086, 52.072254217482239 ], [ -115.529524623617803, 52.072959162920661 ], [ -115.529139113527989, 52.073197601384294 ], [ -115.528439822539099, 52.073561590450964 ], [ -115.5278774023122, 52.073806694525615 ], [ -115.527389920292634, 52.074052670105395 ], [ -115.527125637762481, 52.074177738656559 ], [ -115.526299764682733, 52.074543895984057 ], [ -115.525897906050687, 52.074705677613586 ], [ -115.52499760463256, 52.075033512484701 ], [ -115.524359557060265, 52.075231626822458 ], [ -115.523762020144133, 52.075387208880436 ], [ -115.523663686826069, 52.075620035378542 ], [ -115.523276464542164, 52.076141481252996 ], [ -115.522748162004007, 52.076613572558962 ], [ -115.522216142905521, 52.076956344695951 ], [ -115.521811680223266, 52.077181874872871 ], [ -115.521690377909266, 52.077247484552615 ], [ -115.520931858111467, 52.077579760867792 ], [ -115.520091208567621, 52.077825827778639 ], [ -115.519193975881834, 52.077978207145449 ], [ -115.518434288544043, 52.078029927015301 ], [ -115.518209403920252, 52.078035250318017 ], [ -115.517560799505858, 52.078026300033201 ], [ -115.513801246281886, 52.077833090652426 ], [ -115.513725409164479, 52.077828855904748 ], [ -115.511765447413211, 52.07771071584655 ], [ -115.51139329454054, 52.077825271515565 ], [ -115.511252351809958, 52.07786230836119 ], [ -115.511177811114152, 52.077928893276344 ], [ -115.510524352662401, 52.078337220024395 ], [ -115.509794686344677, 52.078658881271501 ], [ -115.509436118235257, 52.078790310317785 ], [ -115.508595382197768, 52.079036296498408 ], [ -115.507698085501175, 52.079188588630828 ], [ -115.506960614369888, 52.079239680061008 ], [ -115.506556366543876, 52.079250251262387 ], [ -115.50636726854998, 52.079253128731828 ], [ -115.505439547505659, 52.079207134572506 ], [ -115.504538891073409, 52.079062576332561 ], [ -115.50369266931105, 52.07882384648665 ], [ -115.503343166608474, 52.078690279932523 ], [ -115.502793947996295, 52.078461882958813 ], [ -115.502466361674891, 52.078314179857657 ], [ -115.502250266042083, 52.078208744805259 ], [ -115.501667765966062, 52.078204876671222 ], [ -115.501029793401472, 52.078177033972217 ], [ -115.500685770596618, 52.078149182359532 ], [ -115.500319892181267, 52.07810201973323 ], [ -115.499902138053187, 52.078034323167017 ], [ -115.49973080614447, 52.078006558587532 ], [ -115.499419702787733, 52.077956140742025 ], [ -115.499214775867529, 52.077898315007218 ], [ -115.498931586717035, 52.07783203121096 ], [ -115.4987268653516, 52.077766472112586 ], [ -115.498565972623965, 52.077744849929985 ], [ -115.498203362924372, 52.077696116979354 ], [ -115.49744256699374, 52.077593867776329 ], [ -115.497205562600769, 52.077535152832027 ], [ -115.495904188249298, 52.07707233322909 ], [ -115.495648810190261, 52.076949028386977 ], [ -115.49514126806335, 52.076670054941225 ], [ -115.494731774097716, 52.076414305911271 ], [ -115.490649444223934, 52.074019706380561 ], [ -115.490278816595477, 52.07377920213063 ], [ -115.489668145752788, 52.073340618751892 ], [ -115.489100418560227, 52.072847554611918 ], [ -115.488714033392512, 52.072436552892697 ], [ -115.488181167902496, 52.071969865534122 ], [ -115.487920279936588, 52.071717760272435 ], [ -115.487454907228269, 52.071219452041809 ], [ -115.487142280429651, 52.070826277844667 ], [ -115.486694651322338, 52.070153311337904 ], [ -115.486253858773736, 52.069553036175904 ], [ -115.486022814679274, 52.069237779337662 ], [ -115.485996043681922, 52.069197808331452 ], [ -115.485901800415505, 52.069057100699276 ], [ -115.485882616764002, 52.069027267600504 ], [ -115.485710696767214, 52.068759891758553 ], [ -115.485220107676739, 52.06783058782117 ], [ -115.485064387706856, 52.067465653170935 ], [ -115.484944439797758, 52.067100546175283 ], [ -115.484866459963698, 52.066785286819503 ], [ -115.48480812249359, 52.066436736392923 ], [ -115.484769187202247, 52.06620410995248 ], [ -115.484730010028684, 52.066123317726998 ], [ -115.484414162730957, 52.065853379924754 ], [ -115.484135462426138, 52.065669283441153 ], [ -115.483507159065283, 52.065380558253032 ], [ -115.48305905186254, 52.065150107192586 ], [ -115.482444663287666, 52.064797283105094 ], [ -115.482359935136131, 52.064758603112082 ], [ -115.48189759143257, 52.064580437672134 ], [ -115.480637910734089, 52.06390523290726 ], [ -115.480161528377394, 52.063555189865099 ], [ -115.479992107834221, 52.063458146420558 ], [ -115.479178023684213, 52.062867117912027 ], [ -115.478856676684913, 52.062568583969487 ], [ -115.47862145099154, 52.062372951431563 ], [ -115.478347059585829, 52.06227719546176 ], [ -115.47758145035364, 52.061951374320607 ], [ -115.476910562652861, 52.061542224668216 ], [ -115.476747769869547, 52.061423618723666 ], [ -115.476539412204232, 52.061236836503475 ], [ -115.476247502455536, 52.061144683862295 ], [ -115.476187756489921, 52.061118809327027 ], [ -115.475902327295842, 52.06099519572556 ], [ -115.475485426216409, 52.060814640638554 ], [ -115.475023374036752, 52.060533540862806 ], [ -115.474823289264279, 52.060411811867688 ], [ -115.474457834108208, 52.060094535825684 ], [ -115.474362302640046, 52.060074557039307 ], [ -115.474089659000072, 52.059972430371971 ], [ -115.473379837282209, 52.059759260289511 ], [ -115.472873817216453, 52.059648079672378 ], [ -115.472554693825685, 52.059570752632823 ], [ -115.471728826493475, 52.059351501581737 ], [ -115.471573315654226, 52.059301991960098 ], [ -115.471370421186009, 52.059323142315094 ], [ -115.470649888065282, 52.059367538918558 ], [ -115.470138931825119, 52.059377535620264 ], [ -115.469047485048264, 52.059329710271228 ], [ -115.468196627758246, 52.059237697958672 ], [ -115.467652425517088, 52.059160562764426 ], [ -115.467407088645459, 52.059117345153915 ], [ -115.46631106123057, 52.058839955850274 ], [ -115.466211242126548, 52.058806276165804 ], [ -115.464991756738158, 52.058241655766118 ], [ -115.464815237814449, 52.058132365131684 ], [ -115.464081312867478, 52.057564365619328 ], [ -115.46404751777888, 52.057531284443961 ], [ -115.463941683036495, 52.057427731985761 ], [ -115.463790766657183, 52.057264365880869 ], [ -115.463593528029833, 52.057154560242502 ], [ -115.463104254104564, 52.056843754863479 ], [ -115.462565838591487, 52.056376118394041 ], [ -115.462167342208105, 52.055857952064486 ], [ -115.462047193401659, 52.055634138889694 ], [ -115.461897036404494, 52.055316720219039 ], [ -115.461830066438225, 52.055126908466143 ], [ -115.460169294589747, 52.053158875798331 ], [ -115.459609668007374, 52.052635944234112 ], [ -115.457516700172008, 52.051157369485665 ], [ -115.456985971214877, 52.050849036613911 ], [ -115.456644178472715, 52.05080173186969 ], [ -115.456462271662147, 52.050774480260252 ], [ -115.456213339009608, 52.050734322979039 ], [ -115.455934783107878, 52.050769710252261 ], [ -115.455126222885539, 52.050833234881338 ], [ -115.453607970943324, 52.050880343851766 ], [ -115.452967441068708, 52.050876478661529 ], [ -115.452265855654389, 52.050846214695405 ], [ -115.451995040265913, 52.050843155534544 ], [ -115.451811364993546, 52.050841080959394 ], [ -115.45162787641857, 52.050846817119854 ], [ -115.451579958870298, 52.050843584263468 ], [ -115.450841903781566, 52.050923442505848 ], [ -115.450736084469966, 52.050974054759131 ], [ -115.449684749549078, 52.051366451678938 ], [ -115.449448474724548, 52.051433073242052 ], [ -115.448272246553756, 52.051667641101702 ], [ -115.448109489963912, 52.051687641129135 ], [ -115.447070985880771, 52.051751101417508 ], [ -115.446814632185138, 52.051751234315219 ], [ -115.445364171627858, 52.051628147052597 ], [ -115.445112492675861, 52.051584464325892 ], [ -115.44356710273189, 52.051141991896678 ], [ -115.443279178583708, 52.051021815314748 ], [ -115.44311146315269, 52.050938382032705 ], [ -115.442676303270659, 52.050902793032535 ], [ -115.441578260241656, 52.050897962746483 ], [ -115.441154591679023, 52.050885703700658 ], [ -115.440646763991424, 52.050858504302568 ], [ -115.439641507134027, 52.050744061406043 ], [ -115.439385580648562, 52.050698938628933 ], [ -115.438954738561236, 52.050622974911732 ], [ -115.438819485708549, 52.050609947138753 ], [ -115.437173888710404, 52.050451419560659 ], [ -115.437028370484882, 52.050440482980569 ], [ -115.436919785560463, 52.05043232200218 ], [ -115.433324302539404, 52.050162039446221 ], [ -115.433257368100428, 52.050156774992914 ], [ -115.430406424315919, 52.049921189188922 ], [ -115.429600060284884, 52.049814911164184 ], [ -115.429277427461244, 52.049755994700575 ], [ -115.428787601276497, 52.049650319388654 ], [ -115.427388262437134, 52.049300448349648 ], [ -115.426298511320667, 52.049050289203507 ], [ -115.425973518025828, 52.048968075491665 ], [ -115.424737605108874, 52.048625690082098 ], [ -115.423233362619925, 52.048261838351159 ], [ -115.422683609687439, 52.048106141340241 ], [ -115.422165898100175, 52.047936978453393 ], [ -115.421263356423367, 52.047564999217194 ], [ -115.420729485813297, 52.047292683561828 ], [ -115.419955636407565, 52.046806399210546 ], [ -115.419767716035793, 52.046660797411491 ], [ -115.418975955652172, 52.045814226092851 ], [ -115.418859366242188, 52.045631057745986 ], [ -115.418693073048942, 52.045413772959186 ], [ -115.418050931231932, 52.044689826785785 ], [ -115.417746585262336, 52.044610623913421 ], [ -115.416819841050469, 52.04441041502232 ], [ -115.416729037422144, 52.044384695392353 ], [ -115.414881436465905, 52.043958210441836 ], [ -115.413716232495176, 52.04370863843387 ], [ -115.413498369530259, 52.043658668274603 ], [ -115.413256672459653, 52.043594289980703 ], [ -115.413118893424084, 52.043602208442657 ], [ -115.413048046980876, 52.04359863613692 ], [ -115.411323417039171, 52.043593966622431 ], [ -115.411225454352447, 52.043592944914352 ], [ -115.409598268883926, 52.043552970830142 ], [ -115.40944389119781, 52.043561838386488 ], [ -115.40911124076689, 52.043580946339645 ], [ -115.408184368445518, 52.043534171779264 ], [ -115.407284753251446, 52.043388854412157 ], [ -115.406439733569883, 52.04314940978049 ], [ -115.405674988943545, 52.042823116510775 ], [ -115.405013758492473, 52.042419889429794 ], [ -115.40475875380956, 52.042197955010295 ], [ -115.404574055906338, 52.042037207528651 ], [ -115.404466959725369, 52.041956617015927 ], [ -115.40416338873672, 52.041728174455805 ], [ -115.403916785012512, 52.041511913780276 ], [ -115.403626588878481, 52.041234351697284 ], [ -115.403095241901454, 52.040573528722639 ], [ -115.403015688130168, 52.04043828113798 ], [ -115.402782223086191, 52.039905706311345 ], [ -115.40269604721594, 52.03933472435827 ], [ -115.402697560096868, 52.039236051787483 ], [ -115.402707060621665, 52.03899654335202 ], [ -115.402864894781459, 52.03827871856317 ], [ -115.402902839456942, 52.03818516019161 ], [ -115.402719976353026, 52.037534109958749 ], [ -115.402553259966112, 52.037419966059957 ], [ -115.402015816188197, 52.036983859295447 ], [ -115.401618509676695, 52.036598646219872 ], [ -115.401514835881457, 52.036509597215641 ], [ -115.401164391809957, 52.036293988202168 ], [ -115.40086444356352, 52.036093462513584 ], [ -115.400785428647168, 52.036024676674153 ], [ -115.400379734233383, 52.035777209584538 ], [ -115.399842237109183, 52.035309280095454 ], [ -115.399520532475833, 52.034910113383305 ], [ -115.399409109359027, 52.034744578357561 ], [ -115.399127288604305, 52.034193555663819 ], [ -115.399062960642425, 52.034014139142414 ], [ -115.398948374146443, 52.033090433963913 ], [ -115.398969197937362, 52.032892835222071 ], [ -115.399229228845741, 52.032070410909483 ], [ -115.399212232882789, 52.03197741427374 ], [ -115.398820740551585, 52.030670608551794 ], [ -115.3987743042277, 52.030626807950981 ], [ -115.39841773916325, 52.030587770653348 ], [ -115.39760205333755, 52.030456739734774 ], [ -115.397240581265294, 52.030379402167796 ], [ -115.396526077077056, 52.030189480795414 ], [ -115.395954638984335, 52.030006024166113 ], [ -115.395365357469473, 52.029785896967454 ], [ -115.394946352353713, 52.029605579004823 ], [ -115.394462707233572, 52.029370724518252 ], [ -115.394267555965541, 52.029264153335106 ], [ -115.3941828325556, 52.029254093082486 ], [ -115.393784902364942, 52.029197012475059 ], [ -115.392962698435923, 52.029058382362642 ], [ -115.390424594984836, 52.028626377577609 ], [ -115.389515829248637, 52.028415102953012 ], [ -115.388964473221066, 52.028250138774609 ], [ -115.387475377573551, 52.02758800547678 ], [ -115.387294655139627, 52.027473784867269 ], [ -115.386955578710797, 52.027237846367775 ], [ -115.385574210154417, 52.026178396071515 ], [ -115.385454151217047, 52.026082765248994 ], [ -115.384559840091754, 52.025342684650134 ], [ -115.383863784349145, 52.025139277289441 ], [ -115.382810359198345, 52.024761656561125 ], [ -115.3823468444225, 52.024593672949841 ], [ -115.381222744518965, 52.024049267949884 ], [ -115.380953473277586, 52.023878239892959 ], [ -115.380806652059107, 52.023782733691213 ], [ -115.380572391528489, 52.023630347442008 ], [ -115.380507583646633, 52.023532299373869 ], [ -115.380369424708405, 52.023498983782325 ], [ -115.380261425554536, 52.023462146782258 ], [ -115.380175507422649, 52.023422141840747 ], [ -115.379833830091258, 52.023263051367501 ], [ -115.379515777335982, 52.023114959069758 ], [ -115.378855071652481, 52.022711581446487 ], [ -115.378456772363279, 52.022364514515068 ], [ -115.378323237786972, 52.022241369989757 ], [ -115.377904308030878, 52.021855027602896 ], [ -115.376828062109695, 52.021191073745754 ], [ -115.376574224973012, 52.021034472116391 ], [ -115.376477789975951, 52.020977786927745 ], [ -115.37616160840615, 52.020791928384178 ], [ -115.375098238831825, 52.020166839797888 ], [ -115.374349319591346, 52.019727305487429 ], [ -115.37397040069655, 52.019480694168955 ], [ -115.373858592451725, 52.019399953565987 ], [ -115.373645079740541, 52.019245768887828 ], [ -115.373514190305571, 52.019170060460695 ], [ -115.373243438890469, 52.019001735597918 ], [ -115.372757005243344, 52.018676682474251 ], [ -115.371965682377578, 52.017988302794315 ], [ -115.371844357172847, 52.017847380458072 ], [ -115.371537936458907, 52.017420969804157 ], [ -115.371450229353542, 52.017271036756618 ], [ -115.37121898584283, 52.016740703941203 ], [ -115.371145034802439, 52.016488873680153 ], [ -115.371060219332065, 52.015952019270578 ], [ -115.371056354537146, 52.015794082882827 ], [ -115.371072414889198, 52.01548448830745 ], [ -115.371116531820434, 52.015141033677253 ], [ -115.37115736547652, 52.014933439960927 ], [ -115.371239434419437, 52.014572204337178 ], [ -115.371278663200215, 52.014430972269764 ], [ -115.371297307135066, 52.014363847378711 ], [ -115.371410535789195, 52.014128756387457 ], [ -115.371468192248727, 52.014017322994384 ], [ -115.371722992929676, 52.013524860886747 ], [ -115.372875616261908, 52.011961272760537 ], [ -115.37320746353079, 52.011446461892007 ], [ -115.373307298888903, 52.011221405152035 ], [ -115.373508358952563, 52.010503793217872 ], [ -115.373582131333791, 52.010240471895472 ], [ -115.373654398223664, 52.009982525046503 ], [ -115.373777260426635, 52.009544001039906 ], [ -115.373868086664217, 52.009131563564232 ], [ -115.373888464771284, 52.008747826573497 ], [ -115.37360920612025, 52.008572498891333 ], [ -115.373566121773649, 52.008558491020885 ], [ -115.373148910368343, 52.008407532634784 ], [ -115.365026521371135, 52.005153892763921 ], [ -115.364770914683206, 52.005051485524255 ], [ -115.364246955701432, 52.0048423903214 ], [ -115.362736485263113, 52.004239583498141 ], [ -115.361980345224239, 52.003955199189441 ], [ -115.359403651282392, 52.002986170049638 ], [ -115.35801314428366, 52.002679712992979 ], [ -115.354665027834685, 52.001949983480245 ], [ -115.356030232640549, 51.998759180506369 ], [ -115.358021384010598, 51.998759136394412 ], [ -115.358460642310803, 51.998759122784421 ], [ -115.361399341857222, 51.998758983870253 ], [ -115.361399043793497, 51.996440030651726 ], [ -115.361603301082525, 51.996484543150096 ], [ -115.363380987988251, 51.996883646448794 ], [ -115.363507805498301, 51.996904204307874 ], [ -115.364351738231122, 51.997143962567598 ], [ -115.364476720368174, 51.997197408339773 ], [ -115.367526861377854, 51.998336405670557 ], [ -115.368344071796074, 51.998643738256966 ], [ -115.368464742866166, 51.998690493948835 ], [ -115.370319131406106, 51.999430503989878 ], [ -115.370575018675993, 51.999532612895656 ], [ -115.371098418717338, 51.999742291792636 ], [ -115.378749394242689, 52.002806930184924 ], [ -115.379006275646702, 52.002890450331371 ], [ -115.379621783482705, 52.003135449528138 ], [ -115.379793329763615, 52.003203731611862 ], [ -115.380426397849661, 52.003507444496812 ], [ -115.38096614869157, 52.003804759089014 ], [ -115.381832632193323, 52.004369539445612 ], [ -115.382164126028542, 52.004571993720454 ], [ -115.382493094215903, 52.004772902754333 ], [ -115.38303004462017, 52.005240916333925 ], [ -115.383157334374573, 52.005407093735172 ], [ -115.383246272419626, 52.005523204563218 ], [ -115.383439693120735, 52.005697228221955 ], [ -115.383882650898641, 52.006291526328525 ], [ -115.384147786271569, 52.006766827361673 ], [ -115.384312787720162, 52.007128545744763 ], [ -115.384422659896202, 52.007435696642844 ], [ -115.384547871266307, 52.008122354092805 ], [ -115.38455437003033, 52.008708581636846 ], [ -115.384537864795007, 52.008832548426547 ], [ -115.384515566764932, 52.009515046031161 ], [ -115.38446995097064, 52.009850308563237 ], [ -115.384329546248907, 52.010488557996275 ], [ -115.38430019516683, 52.010606018415423 ], [ -115.384192933954822, 52.010989179460267 ], [ -115.384161034882041, 52.011103132131176 ], [ -115.384087324448714, 52.011366448960132 ], [ -115.38401511807605, 52.011624391977072 ], [ -115.383770635225034, 52.012497709438065 ], [ -115.383659475606322, 52.012805816421213 ], [ -115.383413682413746, 52.013360191033897 ], [ -115.383225429727617, 52.013707522909812 ], [ -115.382736267093904, 52.014466647696601 ], [ -115.382635353256759, 52.014612860219643 ], [ -115.382174078913266, 52.015238801267138 ], [ -115.382447803224224, 52.015399430897446 ], [ -115.383661515105359, 52.016115463226093 ], [ -115.383921325175464, 52.016268734708603 ], [ -115.384019450234732, 52.016324201287986 ], [ -115.384329570624118, 52.01651439397623 ], [ -115.385844854384672, 52.017449095571763 ], [ -115.38655240994666, 52.017989169669917 ], [ -115.386875122325279, 52.018297046218322 ], [ -115.38723159910738, 52.018461782199353 ], [ -115.387547830409162, 52.018623499142677 ], [ -115.387808978386261, 52.018789695360489 ], [ -115.388194414396253, 52.019034987756235 ], [ -115.388265087157819, 52.019079963285812 ], [ -115.388366145513714, 52.019144210564463 ], [ -115.388798736666288, 52.01929867441261 ], [ -115.389040609260533, 52.019342423356775 ], [ -115.390458820979788, 52.019745976829604 ], [ -115.390672069956025, 52.01983200601039 ], [ -115.391803113249964, 52.020444912415584 ], [ -115.392770482857287, 52.021141418500051 ], [ -115.392996238250248, 52.021315573861827 ], [ -115.393946274446932, 52.02210164891958 ], [ -115.394446921700066, 52.022485575542596 ], [ -115.39579310866371, 52.022714697673017 ], [ -115.396399482322494, 52.022816929765419 ], [ -115.397817882693758, 52.022985342125743 ], [ -115.398606584675548, 52.023118360754864 ], [ -115.39945118577468, 52.023357863443714 ], [ -115.399802261513017, 52.023492716527038 ], [ -115.399995132787453, 52.023573364940802 ], [ -115.400839947827947, 52.024037973779436 ], [ -115.401267868704736, 52.02401805409739 ], [ -115.40151775347681, 52.024021315074087 ], [ -115.402718081522309, 52.024121860490617 ], [ -115.402849491780742, 52.024142453636806 ], [ -115.403842649435646, 52.024364694707558 ], [ -115.404069824722342, 52.02443190545263 ], [ -115.405052788110936, 52.024808609585158 ], [ -115.405869219550027, 52.025203201010456 ], [ -115.406124141520095, 52.025352505686939 ], [ -115.406481122192332, 52.025561582077138 ], [ -115.40662841026176, 52.025647550915295 ], [ -115.406685384663803, 52.025690172581541 ], [ -115.406777788833509, 52.025759298877688 ], [ -115.407208529126422, 52.026106211725839 ], [ -115.407341482026894, 52.026216000773893 ], [ -115.407862483357746, 52.026698550116237 ], [ -115.408460245810048, 52.027440305025458 ], [ -115.408709022549914, 52.027880967059573 ], [ -115.408924451499317, 52.028390859889953 ], [ -115.409022819866109, 52.028715158175615 ], [ -115.409078230084745, 52.028897826594616 ], [ -115.409204979259542, 52.029229711401179 ], [ -115.409247282346513, 52.029350615428818 ], [ -115.409721869976877, 52.030842461682525 ], [ -115.409788028229457, 52.031106948246986 ], [ -115.409907675655262, 52.031760775353852 ], [ -115.409941310720185, 52.032138824652293 ], [ -115.409937635958684, 52.032463614398779 ], [ -115.410371197471719, 52.032835953665007 ], [ -115.410539106005842, 52.032989049528517 ], [ -115.410777716904235, 52.033220354350583 ], [ -115.411132399141565, 52.033463157400682 ], [ -115.411573343285113, 52.033808947847405 ], [ -115.411824211142729, 52.034035334570923 ], [ -115.41219205273994, 52.034421249313311 ], [ -115.412395542381645, 52.034672429801816 ], [ -115.412668073488817, 52.035072992198174 ], [ -115.412846278599545, 52.035392572831945 ], [ -115.413016011803592, 52.035767918375221 ], [ -115.413177518313276, 52.036229073367096 ], [ -115.413220299874098, 52.036365034591554 ], [ -115.413408315028022, 52.037037996224726 ], [ -115.413985805470588, 52.03704523705526 ], [ -115.414457606258438, 52.03705115032497 ], [ -115.41555897115343, 52.037164133956523 ], [ -115.416651803533099, 52.037351631952269 ], [ -115.417326663750046, 52.037516824816258 ], [ -115.418452124367946, 52.037757872861455 ], [ -115.418591773127574, 52.037789131428688 ], [ -115.420380089806883, 52.038205834306218 ], [ -115.420505992804706, 52.038235170621114 ], [ -115.421430498351526, 52.03843481913438 ], [ -115.421741499439463, 52.038508782799596 ], [ -115.423276978256311, 52.038908355134971 ], [ -115.424249168178704, 52.039282791192107 ], [ -115.424688576161131, 52.039478216555793 ], [ -115.425004453264549, 52.039618699224839 ], [ -115.425104789027372, 52.039672666905915 ], [ -115.425453743812966, 52.039878673213465 ], [ -115.42568157934322, 52.040013175909664 ], [ -115.426307592725038, 52.040439129661266 ], [ -115.426704815804911, 52.040782956617015 ], [ -115.427040125953681, 52.041112899970976 ], [ -115.428130813421191, 52.042342256117493 ], [ -115.428168453330898, 52.042387855050372 ], [ -115.428754692849054, 52.042529650562813 ], [ -115.428992932821203, 52.042591419708586 ], [ -115.430186338082422, 52.042922023220463 ], [ -115.431183438901073, 52.043150908104685 ], [ -115.431326933291473, 52.04318530806281 ], [ -115.432363883839969, 52.043444571115799 ], [ -115.434641130845961, 52.04363274587277 ], [ -115.437787889840678, 52.043872866604069 ], [ -115.438456444839673, 52.043923870427029 ], [ -115.438602371399284, 52.04393036405537 ], [ -115.438710757816239, 52.043939792469082 ], [ -115.440568580560182, 52.044110632167701 ], [ -115.440639446237427, 52.044119102348539 ], [ -115.440820302502232, 52.044140718505332 ], [ -115.441186176996723, 52.044187184158943 ], [ -115.441464178008701, 52.044226995659656 ], [ -115.441549721587364, 52.044237239907154 ], [ -115.44175600222691, 52.044273608623257 ], [ -115.442017492958584, 52.044325389330695 ], [ -115.442083588123296, 52.044338478097977 ], [ -115.443085497279711, 52.044324874972126 ], [ -115.443749083856787, 52.044353356798965 ], [ -115.444761063173232, 52.044436120200039 ], [ -115.445153149761879, 52.044477406389099 ], [ -115.446334330630037, 52.044629913968862 ], [ -115.447020381710374, 52.044748422991312 ], [ -115.447503003911521, 52.044644374957969 ], [ -115.448394394614752, 52.044504008756661 ], [ -115.450137353028779, 52.044326455510401 ], [ -115.450736988775162, 52.044286667328386 ], [ -115.451456190099307, 52.044273692237518 ], [ -115.45169182642816, 52.044260071972644 ], [ -115.451821904436386, 52.044266588263923 ], [ -115.452598708005254, 52.044269327681363 ], [ -115.452873396815022, 52.044276799533108 ], [ -115.45339203887319, 52.044299172778736 ], [ -115.453943948639122, 52.044282049521946 ], [ -115.454823888719147, 52.044133030479912 ], [ -115.455749823931271, 52.044079480524687 ], [ -115.45585792710574, 52.044079738731298 ], [ -115.456543948259437, 52.044085660135067 ], [ -115.457819844685375, 52.044192475371354 ], [ -115.459072724514115, 52.044394591294378 ], [ -115.45965693642836, 52.044475445944386 ], [ -115.460196246546786, 52.044568662078419 ], [ -115.460742449853157, 52.044682445402657 ], [ -115.461053696877357, 52.044754012399991 ], [ -115.461612623835634, 52.044894896466467 ], [ -115.462763983323285, 52.045294005469493 ], [ -115.463530925735611, 52.045643331526925 ], [ -115.464019566952274, 52.04589501370377 ], [ -115.465024622808087, 52.046478858852154 ], [ -115.465385593359841, 52.046710046647824 ], [ -115.467885987742989, 52.048476225251193 ], [ -115.468319721085493, 52.04882764751536 ], [ -115.469229364242139, 52.049677486919961 ], [ -115.46950922819633, 52.049970917746585 ], [ -115.471652055957492, 52.052509539512783 ], [ -115.471778475674625, 52.052666978031262 ], [ -115.472521834772408, 52.052655737694018 ], [ -115.472744920003436, 52.052661958451459 ], [ -115.473396172083739, 52.052704920683411 ], [ -115.47364995804169, 52.052731456652857 ], [ -115.475128524296309, 52.053027645132005 ], [ -115.475860843062051, 52.053251519416555 ], [ -115.476294546362013, 52.053399883582131 ], [ -115.476618861252248, 52.053485980766609 ], [ -115.477242431885003, 52.053622986495249 ], [ -115.477788040062549, 52.053764337572943 ], [ -115.478986762946349, 52.054124321169397 ], [ -115.479420841317406, 52.054270385872435 ], [ -115.48020909568038, 52.054565636366164 ], [ -115.480790053424954, 52.054817310135768 ], [ -115.481723922131735, 52.055282011096573 ], [ -115.482219167964246, 52.055620460147949 ], [ -115.48258973343836, 52.055729231260536 ], [ -115.482854870017121, 52.055826807031572 ], [ -115.483618424614406, 52.056189720322294 ], [ -115.483816502073495, 52.056283863752931 ], [ -115.483927251644928, 52.056344823424467 ], [ -115.483996039816873, 52.056394925057504 ], [ -115.484269930742968, 52.056594413522696 ], [ -115.484564030856419, 52.056820147106713 ], [ -115.484749423123247, 52.056934119927554 ], [ -115.484762497305027, 52.056992412677083 ], [ -115.484851489383033, 52.057033911255431 ], [ -115.486019314153054, 52.057578478398682 ], [ -115.486478196399105, 52.057887142472943 ], [ -115.486831050762348, 52.058150757710052 ], [ -115.487515041564293, 52.058719534794832 ], [ -115.487674464615338, 52.058859571021088 ], [ -115.48773637676932, 52.058917078833176 ], [ -115.488126616967335, 52.059170122753891 ], [ -115.488281298022955, 52.059283768109282 ], [ -115.488544341103733, 52.059394234173553 ], [ -115.489039710133781, 52.059620365570012 ], [ -115.489501394826306, 52.05985702408136 ], [ -115.490121991124127, 52.060213383713368 ], [ -115.490900760991636, 52.060571224953314 ], [ -115.491612983578861, 52.060964300646368 ], [ -115.492336807086943, 52.06144237645676 ], [ -115.492563774700329, 52.061602342117837 ], [ -115.493223111093485, 52.062098495048872 ], [ -115.493592568632238, 52.062412611770689 ], [ -115.493994637017423, 52.062800706374539 ], [ -115.494264107647311, 52.063145862826062 ], [ -115.494354033262496, 52.063261043927966 ], [ -115.494524877931809, 52.063490268065827 ], [ -115.49465537227492, 52.063665350488932 ], [ -115.494799301812819, 52.063913693237353 ], [ -115.494936128775436, 52.064211826687234 ], [ -115.495090546320483, 52.064548279169955 ], [ -115.495194769989823, 52.064818418745602 ], [ -115.495305850941605, 52.065186062973147 ], [ -115.495319808356726, 52.065217314225812 ], [ -115.495371176920727, 52.065473223917238 ], [ -115.495434048207187, 52.065786435050541 ], [ -115.495466963468658, 52.065974386919585 ], [ -115.495757937994867, 52.066523168309267 ], [ -115.49578511837764, 52.066574429768849 ], [ -115.495901008445486, 52.066732206392167 ], [ -115.496460746388266, 52.067494239344192 ], [ -115.496536723517067, 52.067602826823922 ], [ -115.496885807600279, 52.068127470599975 ], [ -115.497052475769422, 52.068305894117742 ], [ -115.497581022545845, 52.068768717395663 ], [ -115.497834373186848, 52.069012720144059 ], [ -115.498091789580513, 52.069286478713927 ], [ -115.498206214449425, 52.06936864796819 ], [ -115.501860804996113, 52.071500182561408 ], [ -115.502213673755008, 52.071558238801224 ], [ -115.502503773010403, 52.071630566238049 ], [ -115.503220644115814, 52.071635322278077 ], [ -115.503754234616622, 52.071655353600235 ], [ -115.504641548887548, 52.07171625735706 ], [ -115.504941039910094, 52.071742123448416 ], [ -115.505841550088689, 52.071886679478673 ], [ -115.506247771533467, 52.072001290077154 ], [ -115.506492864362357, 52.071942389153612 ], [ -115.506791860869484, 52.071876615143033 ], [ -115.507238489371076, 52.07168943575455 ], [ -115.507539190465479, 52.071572248170149 ], [ -115.508379792384815, 52.071326269840661 ], [ -115.509211583083768, 52.071181624809697 ], [ -115.509742475759978, 52.071117344449775 ], [ -115.511291731107093, 52.071071255153413 ], [ -115.51467304771819, 52.071275095023033 ], [ -115.514862695114147, 52.071105648408768 ], [ -115.515516008634819, 52.070697296896704 ], [ -115.516274452576994, 52.070365055404253 ], [ -115.516387514175548, 52.070325299712401 ], [ -115.517868560920931, 52.069819155787364 ], [ -115.518182709441376, 52.069720013863694 ], [ -115.518846290648156, 52.069527380692143 ], [ -115.519043706170947, 52.06947305390073 ], [ -115.519874184298743, 52.069256829679027 ], [ -115.520259376353906, 52.069116572320858 ], [ -115.52075489090771, 52.068896894869269 ], [ -115.521259212576354, 52.068642440563735 ], [ -115.521564214012059, 52.068499499994921 ], [ -115.525349216216853, 52.063901571115991 ], [ -115.525725776868455, 52.063401953234582 ], [ -115.525825392600623, 52.063279785205921 ], [ -115.525862465587423, 52.06320559863633 ], [ -115.526135005676224, 52.062518037143157 ], [ -115.526233964235516, 52.062300942045674 ], [ -115.526647970805627, 52.061499283369962 ], [ -115.526666998120788, 52.061447148063429 ], [ -115.526927418910702, 52.060733596084305 ], [ -115.526968752476193, 52.060628448121101 ], [ -115.528222214025135, 52.057654093872664 ], [ -115.528369503319652, 52.057182139522141 ], [ -115.528578214168462, 52.056707738927784 ], [ -115.528869811572264, 52.056198941357536 ], [ -115.528988094404923, 52.056011079911556 ], [ -115.529413998424744, 52.055391580436201 ], [ -115.529686590681692, 52.055051199145943 ], [ -115.529735330312135, 52.055007616542731 ], [ -115.529909915230192, 52.054796408398765 ], [ -115.530383391316064, 52.054326145683682 ], [ -115.531412134755655, 52.053473818785498 ], [ -115.531577328724381, 52.053343888845063 ], [ -115.532469042925896, 52.05266312773923 ], [ -115.532637467559866, 52.052316752330064 ], [ -115.532952983550075, 52.051777568716943 ], [ -115.533104393170277, 52.051546616026357 ], [ -115.533351613141406, 52.05120710902802 ], [ -115.533365223184475, 52.05095090993732 ], [ -115.533208392457581, 52.050813300749645 ], [ -115.532990710319879, 52.050578959192293 ], [ -115.532570651539018, 52.050005741617944 ], [ -115.532382729407672, 52.049665929638159 ], [ -115.532178537403055, 52.04917632884225 ], [ -115.531832874759687, 52.047969323098087 ], [ -115.531807562089384, 52.047872529635875 ], [ -115.531597014441289, 52.046983262735445 ], [ -115.531541667896278, 52.046557832820305 ], [ -115.531531441499681, 52.046141080407956 ], [ -115.531631542608068, 52.045455139562442 ], [ -115.531681255652273, 52.045299620349418 ], [ -115.531889088660833, 52.044833281410831 ], [ -115.532275942308459, 52.044311806257603 ], [ -115.53235260450063, 52.044231215183572 ], [ -115.532516214043426, 52.044064687709493 ], [ -115.532566870709346, 52.044013031606227 ], [ -115.532948766455178, 52.043623597227814 ], [ -115.533088965874015, 52.043507625124818 ], [ -115.533254420478087, 52.043377703139846 ], [ -115.533907162813179, 52.042969251431543 ], [ -115.534665001264344, 52.04263689206725 ], [ -115.534962493416202, 52.042536867700939 ], [ -115.535159852268137, 52.042475440676057 ], [ -115.535702250746354, 52.04232930088186 ], [ -115.535912569524982, 52.042293522681327 ], [ -115.537300495950817, 52.041885766467253 ], [ -115.538011390969444, 52.041665972722932 ], [ -115.538268904496178, 52.041588904836139 ], [ -115.538469287136166, 52.041528934442475 ], [ -115.538529418383519, 52.041510937605992 ], [ -115.538852912102129, 52.041421129107746 ], [ -115.539901202993406, 52.041130092060342 ], [ -115.540052299573787, 52.041089858506965 ], [ -115.540920624278925, 52.040868376286667 ], [ -115.542470630299661, 52.040632420374578 ], [ -115.542894450239885, 52.040608350908578 ], [ -115.544141311185143, 52.04062782024139 ], [ -115.544604116094163, 52.040668757698135 ], [ -115.545204518527768, 52.040743776215642 ], [ -115.545946387838299, 52.040864177156671 ], [ -115.546446514663728, 52.040961788734165 ], [ -115.551209554130466, 52.042052851679209 ], [ -115.551873204433377, 52.042205281597838 ], [ -115.555175059173834, 52.042963590997196 ], [ -115.556843272277916, 52.043346664173185 ], [ -115.559704778889412, 52.044003691208296 ], [ -115.55984053452147, 52.044036166501201 ], [ -115.561361452215237, 52.044414795577424 ], [ -115.563062748364985, 52.044794233771029 ], [ -115.563129449855822, 52.04480942051763 ], [ -115.565194970558878, 52.045289336420005 ], [ -115.565432062343774, 52.045327665459268 ], [ -115.567590628154136, 52.045226170269288 ], [ -115.568216548725843, 52.045219443797635 ], [ -115.568865967095903, 52.045235976352515 ], [ -115.569803074798628, 52.04531148145194 ], [ -115.570351760731384, 52.04538664173451 ], [ -115.571087942530269, 52.045522432742196 ], [ -115.571704081116238, 52.045666619928788 ], [ -115.572106664425675, 52.04577267390664 ], [ -115.574212070378863, 52.046391441468266 ], [ -115.575567551802024, 52.046740745316157 ], [ -115.575677082173698, 52.04676560961267 ], [ -115.576526671350706, 52.046875389262617 ], [ -115.576675593805248, 52.046896006875663 ], [ -115.577828526725909, 52.047066332950983 ], [ -115.586393033484143, 52.048243453168411 ], [ -115.58776289905866, 52.048427593267348 ], [ -115.588014234709505, 52.048461376263134 ], [ -115.589997143854731, 52.048726967215934 ], [ -115.590542277371767, 52.048784871925307 ], [ -115.590934209478391, 52.048835909785844 ], [ -115.591887759507699, 52.04898332950777 ], [ -115.592627591919992, 52.049097704712509 ], [ -115.593088991518385, 52.049208598097614 ], [ -115.593541717548732, 52.049280946103252 ], [ -115.593631050482614, 52.04930368649881 ], [ -115.594028914512478, 52.049404962590515 ], [ -115.594401686145829, 52.049499850390049 ], [ -115.595360542909376, 52.04976287127338 ], [ -115.595984523052863, 52.049894957481442 ], [ -115.597415452625981, 52.050144769659646 ], [ -115.598278181948942, 52.05010602513844 ], [ -115.599232399728422, 52.050055491999458 ], [ -115.603160222850391, 52.049847410624167 ], [ -115.603443038762094, 52.049837076321467 ], [ -115.604128076265908, 52.049823282793341 ], [ -115.604751639646338, 52.049833213366924 ], [ -115.607405887296565, 52.049971473805009 ], [ -115.607630756709256, 52.04998614847586 ], [ -115.609188459383773, 52.050108423517607 ], [ -115.609759024795679, 52.05017279965378 ], [ -115.610366226579444, 52.050262579472495 ], [ -115.611026322210662, 52.050388542413408 ], [ -115.611868599848208, 52.050586942758898 ], [ -115.612064778912625, 52.050635922222234 ], [ -115.614138976202042, 52.051183525064197 ], [ -115.614453250231449, 52.051266514390825 ], [ -115.61457745589162, 52.051313271789368 ], [ -115.614714330216586, 52.051301796083621 ], [ -115.617119270812438, 52.051100148749526 ], [ -115.618064521172627, 52.051073082175584 ], [ -115.618651010945044, 52.051088409469621 ], [ -115.61910333476753, 52.051112144209618 ], [ -115.620299465184289, 52.051206640656197 ], [ -115.622532220212079, 52.051320911089739 ], [ -115.622914091527107, 52.05130378315021 ], [ -115.625633278411243, 52.051114472912275 ], [ -115.625718270295877, 52.051108979196265 ], [ -115.626954330158924, 52.051035241446897 ], [ -115.6274857908043, 52.051019961516502 ], [ -115.628936963000868, 52.05102287914962 ], [ -115.629573544029881, 52.051047657619009 ], [ -115.630114740121314, 52.051088854318621 ], [ -115.630909027525547, 52.051187526801669 ], [ -115.631679664872848, 52.05132148788536 ], [ -115.63230953374034, 52.0514577175163 ], [ -115.63315996908112, 52.051679378280895 ], [ -115.633276414752842, 52.051697943748643 ], [ -115.634122799991104, 52.051935735844175 ], [ -115.634262287555032, 52.05198672644778 ], [ -115.638989370834764, 52.053363585100392 ], [ -115.639359015040256, 52.053448132188279 ], [ -115.639937695521439, 52.053476097379324 ], [ -115.64202695072278, 52.053090995830523 ], [ -115.642806207626293, 52.052931462847049 ], [ -115.642995520788929, 52.052893599592366 ], [ -115.64315367790303, 52.052868298244434 ], [ -115.643696688169996, 52.052766189880586 ], [ -115.644687674119979, 52.052579836282433 ], [ -115.645446983228041, 52.052476602997494 ], [ -115.646103598802384, 52.052417845043742 ], [ -115.646711769231814, 52.052385172352146 ], [ -115.647623610611589, 52.052368472662387 ], [ -115.648280223193368, 52.05238138473154 ], [ -115.648894123460522, 52.052416865046034 ], [ -115.649927752330896, 52.052540933789828 ], [ -115.650493060897006, 52.052645357730704 ], [ -115.651391902958267, 52.052867968794047 ], [ -115.652126507126738, 52.053109876939367 ], [ -115.652328713110819, 52.05316664711259 ], [ -115.652383283501408, 52.053189755428832 ], [ -115.652667223097893, 52.053309992320074 ], [ -115.653714517982905, 52.053663504204685 ], [ -115.65408767881496, 52.053681541032233 ], [ -115.655020439933665, 52.053832033335802 ], [ -115.655337036062093, 52.053902488592165 ], [ -115.655939549538687, 52.054063029234335 ], [ -115.656345422810631, 52.054189969752457 ], [ -115.657127588702124, 52.054489512730747 ], [ -115.657401435108312, 52.054615798559254 ], [ -115.658061642534562, 52.054996039955547 ], [ -115.658655569391755, 52.055160557163319 ], [ -115.658815815527305, 52.05522266738015 ], [ -115.659639973775626, 52.055616252180172 ], [ -115.65987087974969, 52.055750716264633 ], [ -115.661015817214803, 52.056262638780723 ], [ -115.661148232961651, 52.056323795940855 ], [ -115.663840173752789, 52.057607665737507 ], [ -115.674555867592673, 52.060738026636486 ], [ -115.674918476627965, 52.060843931481827 ], [ -115.675051156194272, 52.06088268175894 ], [ -115.675400298455628, 52.060977532410824 ], [ -115.676005315412084, 52.061141893858846 ], [ -115.677131128914809, 52.061556219904844 ], [ -115.677348386236105, 52.061660452196769 ], [ -115.677997929932459, 52.061935259065002 ], [ -115.678661889938738, 52.062336933338123 ], [ -115.679202611766769, 52.062803568144695 ], [ -115.679344177623193, 52.062961198630063 ], [ -115.679853833322838, 52.063567277191851 ], [ -115.68022722520827, 52.064135400738792 ], [ -115.681381678836416, 52.066505944638195 ], [ -115.6813943637965, 52.06653239358792 ], [ -115.68278634019336, 52.069479817293917 ], [ -115.682816044002365, 52.069524111646466 ], [ -115.682988354919303, 52.069963472064764 ], [ -115.683116341248564, 52.070181482691943 ], [ -115.686560045625228, 52.072741554544834 ], [ -115.68666560995095, 52.072804857617456 ], [ -115.687277032935157, 52.073242172280032 ], [ -115.687664225343653, 52.073574040374162 ], [ -115.687791489948879, 52.073688108924195 ], [ -115.688129272730876, 52.074004939819808 ], [ -115.68850187051072, 52.074415722470555 ], [ -115.688721738864842, 52.074704938196504 ], [ -115.689133657226066, 52.075491535113265 ], [ -115.689579589903985, 52.076950258751111 ], [ -115.689611874004797, 52.077067467900456 ], [ -115.689942034918118, 52.078413032943672 ], [ -115.690178627773378, 52.079246253839642 ], [ -115.690188588978174, 52.079281330094297 ], [ -115.690910401011877, 52.081814388662828 ], [ -115.697174158143866, 52.08416207751447 ], [ -115.697270858698417, 52.084199194087432 ], [ -115.698752164211939, 52.084781345758543 ], [ -115.699496610161674, 52.085055917873603 ], [ -115.699700441599902, 52.085124680293582 ], [ -115.699793577775779, 52.085136917807105 ], [ -115.700494071564464, 52.08509387843776 ], [ -115.700873156282256, 52.08507058647421 ], [ -115.706743488111556, 52.084709702529395 ], [ -115.707984532626426, 52.084624962875303 ], [ -115.714985983805349, 52.081414114696926 ], [ -115.717296464124189, 52.080341021655968 ], [ -115.718304359194946, 52.079872885564889 ], [ -115.720904389378788, 52.078665150893777 ], [ -115.722398492460613, 52.0760028968798 ], [ -115.722530773747891, 52.075791123501716 ], [ -115.722830122846986, 52.075357154903912 ], [ -115.723267605108305, 52.074850782002677 ], [ -115.723676027102456, 52.074463699798322 ], [ -115.724268269710109, 52.073999585395057 ], [ -115.724930546908169, 52.073566920344021 ], [ -115.72509475982784, 52.073459642175933 ], [ -115.725529485671885, 52.073205805105857 ], [ -115.727687525578872, 52.072080286988097 ], [ -115.730447729287746, 52.070631669714231 ], [ -115.730624321654432, 52.070520631678974 ], [ -115.730784064564162, 52.070439579851232 ], [ -115.730984887813065, 52.070354630143875 ], [ -115.731595652052533, 52.070043771784185 ], [ -115.736150110357784, 52.067614773365975 ], [ -115.736252238322535, 52.067561663179283 ], [ -115.737403886383447, 52.066977816182806 ], [ -115.738066806944644, 52.066690789984015 ], [ -115.738818728211712, 52.066415225096868 ], [ -115.739254319390795, 52.066295538132017 ], [ -115.739329818284077, 52.066269401763385 ], [ -115.73972799266879, 52.066131560028914 ], [ -115.740155223182356, 52.066004957620258 ], [ -115.741060830408898, 52.065736587933323 ], [ -115.741397076110189, 52.06564558108802 ], [ -115.74302478892956, 52.065245591535096 ], [ -115.743230917883423, 52.065197948238101 ], [ -115.74427448162858, 52.064971755101737 ], [ -115.745082514855568, 52.064839388776015 ], [ -115.745723486536207, 52.064766934576419 ], [ -115.746404968399219, 52.064717535323531 ], [ -115.747932316575231, 52.064667819639759 ], [ -115.749364685427224, 52.064581841594318 ], [ -115.749480752774375, 52.064574878108537 ], [ -115.74959815532894, 52.064567823262315 ], [ -115.750448782698342, 52.06451675286165 ], [ -115.750495080111733, 52.064513975404388 ], [ -115.750541173658064, 52.064510440976825 ], [ -115.751004301188757, 52.064474951312135 ], [ -115.751184278038977, 52.064394855813163 ], [ -115.751245201611354, 52.064367743254927 ], [ -115.751528334221902, 52.064223694755604 ], [ -115.753527227426559, 52.06320667718704 ], [ -115.754715129973974, 52.062745123444792 ], [ -115.758920175201752, 52.061554648584611 ], [ -115.764847249075558, 52.05988470652234 ], [ -115.766367943802081, 52.059421359341648 ], [ -115.766567709794955, 52.059363625166455 ], [ -115.768638162625152, 52.058797097908489 ], [ -115.77173827774395, 52.057926114099104 ], [ -115.777538012434761, 52.056258631076695 ], [ -115.777691018822452, 52.056216425395696 ], [ -115.778675857160479, 52.055956123702472 ], [ -115.779757091224369, 52.055750772845663 ], [ -115.783895428042001, 52.055253017597906 ], [ -115.786234427103778, 52.054955119777937 ], [ -115.787062139861575, 52.054601879127823 ], [ -115.787443395587175, 52.054439171655879 ], [ -115.787888712752533, 52.054268442077642 ], [ -115.788611236019022, 52.05402091427527 ], [ -115.789151130941661, 52.053859726930462 ], [ -115.789889612579856, 52.053670048004236 ], [ -115.790641384733419, 52.053516210869653 ], [ -115.791105964470091, 52.053444233846754 ], [ -115.792217228099318, 52.053347090505632 ], [ -115.792575790930869, 52.053339238646267 ], [ -115.792706987324976, 52.053337361070533 ], [ -115.793634434719579, 52.053381097398642 ], [ -115.79444397979843, 52.053504185845306 ], [ -115.79474713350217, 52.053566121263387 ], [ -115.794973062044264, 52.053579877042985 ], [ -115.795753850055092, 52.05366387788095 ], [ -115.796027554921238, 52.05370644185075 ], [ -115.796981774974128, 52.053915952012858 ], [ -115.797375742604942, 52.054029459820875 ], [ -115.797862451234622, 52.054189062120471 ], [ -115.799256943167904, 52.054704988987375 ], [ -115.79974634675915, 52.054909575624201 ], [ -115.800847580486604, 52.055068518948907 ], [ -115.802254448737642, 52.055372883244004 ], [ -115.803097256817608, 52.05551638798871 ], [ -115.803529882803062, 52.055602430599443 ], [ -115.804427589191107, 52.055807376469538 ], [ -115.805502820784554, 52.056142219394069 ], [ -115.806535968317192, 52.056560279008735 ], [ -115.80746367071724, 52.056907598436062 ], [ -115.808165274008971, 52.057168356937012 ], [ -115.809215281994284, 52.057436045181241 ], [ -115.809977129310568, 52.057627648746248 ], [ -115.810328225826993, 52.057685174063124 ], [ -115.81098076993122, 52.057735460593307 ], [ -115.813358023308979, 52.057781850119063 ], [ -115.815354360921461, 52.057802550223528 ], [ -115.816655635699988, 52.057915782896728 ], [ -115.817399784951419, 52.058039611455847 ], [ -115.818720753118626, 52.058382280846281 ], [ -115.819551664686287, 52.058684446985126 ], [ -115.820129329586734, 52.058927294698449 ], [ -115.820197457358844, 52.058960163771346 ], [ -115.820276092854002, 52.05899884487701 ], [ -115.820635429239914, 52.05917904366958 ], [ -115.821636460708078, 52.059681025413923 ], [ -115.823390873822021, 52.060522498909762 ], [ -115.823697081213822, 52.060663234733724 ], [ -115.824491065740432, 52.061111688332488 ], [ -115.824775069836832, 52.061308097446293 ], [ -115.825216116040735, 52.06167583170317 ], [ -115.825510551452737, 52.061811001094839 ], [ -115.826397787478726, 52.062325061333716 ], [ -115.826537519280791, 52.062426901317927 ], [ -115.827152613654036, 52.062981386451192 ], [ -115.82723115551326, 52.063070538236047 ], [ -115.827737054797041, 52.063889190472977 ], [ -115.827820555616825, 52.064108618628907 ], [ -115.827956377732349, 52.064806814057945 ], [ -115.828100820261881, 52.064886797022439 ], [ -115.829460243071239, 52.065670113794354 ], [ -115.829917011712226, 52.065968288673218 ], [ -115.830209076406391, 52.066184484544124 ], [ -115.830918662679622, 52.066865244093101 ], [ -115.831020028103524, 52.066995323720704 ], [ -115.831495291923147, 52.067966358634564 ], [ -115.831525157533378, 52.068098706270909 ], [ -115.831557141391244, 52.068410255542027 ], [ -115.831579592052606, 52.068455311610343 ], [ -115.832315848921866, 52.070105749615472 ], [ -115.832349422364757, 52.070184839320255 ], [ -115.832519628551481, 52.070607153595731 ], [ -115.832625774693653, 52.071035893713947 ], [ -115.832632264061758, 52.07106210785328 ], [ -115.832689630019814, 52.071304734475383 ], [ -115.832690696144226, 52.071352404198002 ], [ -115.832696372994988, 52.071606462283313 ], [ -115.83269545696659, 52.071787622716982 ], [ -115.832687780539985, 52.072178587986116 ], [ -115.832675471414163, 52.072805477977283 ], [ -115.833072652952566, 52.073254838615128 ], [ -115.833329398769223, 52.0735886740975 ], [ -115.833489730456009, 52.073831519010831 ], [ -115.833769894691898, 52.074396726291134 ], [ -115.83383433281216, 52.07458627040878 ], [ -115.834255222067952, 52.075099438299759 ], [ -115.835491089901154, 52.075664992248008 ], [ -115.83613481488068, 52.07601216635728 ], [ -115.836436306386574, 52.076203129646323 ], [ -115.83697845768468, 52.076606270111924 ], [ -115.837848684101218, 52.077369694478016 ], [ -115.838100248231157, 52.077612296275461 ], [ -115.838308644058856, 52.077834093268635 ], [ -115.839213787825571, 52.078368176215371 ], [ -115.83936711310173, 52.078462390803054 ], [ -115.83978773344694, 52.078731549327543 ], [ -115.840345413647228, 52.079088375110601 ], [ -115.840684711755159, 52.079327581581452 ], [ -115.841545014793439, 52.07999671696728 ], [ -115.842042149526478, 52.080458542107955 ], [ -115.842135122337453, 52.080563074972801 ], [ -115.842871463764595, 52.080792068268927 ], [ -115.843190754023752, 52.080899930888663 ], [ -115.844100281718312, 52.081232520908131 ], [ -115.845345680605888, 52.08186200099837 ], [ -115.845637561528036, 52.082062003649902 ], [ -115.846204662349294, 52.082527617660496 ], [ -115.846574220756793, 52.082894712070804 ], [ -115.846842800842126, 52.083195477525038 ], [ -115.847359888660492, 52.08385366485286 ], [ -115.861577628135876, 52.084073567883131 ], [ -115.863288781042087, 52.084089956058321 ], [ -115.863542390465867, 52.084076443283593 ], [ -115.865768115981396, 52.083755269577004 ], [ -115.869583125299755, 52.083168425047866 ], [ -115.869773839480828, 52.083141361826861 ], [ -115.871272567964937, 52.082946423067789 ], [ -115.871955949343857, 52.082885637620265 ], [ -115.875418662698209, 52.08271736990914 ], [ -115.875956459318544, 52.082707977171992 ], [ -115.87656166344712, 52.082716201286914 ], [ -115.877367273710178, 52.082764954427581 ], [ -115.878047371493423, 52.082838509405704 ], [ -115.8788018856837, 52.082955565187483 ], [ -115.879407186352609, 52.083078981895731 ], [ -115.879692759569352, 52.083159513448244 ], [ -115.88020490882171, 52.083303936052147 ], [ -115.880407085262604, 52.08336018963103 ], [ -115.880539844576433, 52.083397128272793 ], [ -115.881041660475191, 52.083604926317626 ], [ -115.881275219461656, 52.083701639353542 ], [ -115.881312912019922, 52.083717247483264 ], [ -115.881905208170025, 52.084025691314217 ], [ -115.882029562529212, 52.084101287459937 ], [ -115.88275113465609, 52.084645316369823 ], [ -115.882900769930117, 52.084786600301136 ], [ -115.883579549197648, 52.085716783293634 ], [ -115.88357990827113, 52.085717591023723 ], [ -115.883782510579877, 52.086174161869167 ], [ -115.883849451833385, 52.086342287928993 ], [ -115.884947893326725, 52.089452384297402 ], [ -115.884979130563252, 52.089540823018517 ], [ -115.88551851884371, 52.091067849724205 ], [ -115.885563402593519, 52.091209879548217 ], [ -115.885640419738237, 52.091485819213091 ], [ -115.885724579254884, 52.091696760744924 ], [ -115.885747630737427, 52.091756976949789 ], [ -115.885960245101529, 52.092336768588495 ], [ -115.88633049873134, 52.093346405234755 ], [ -115.886596480202428, 52.094088281475855 ], [ -115.889607322046061, 52.096496199060383 ], [ -115.890853510492619, 52.097495303315412 ], [ -115.892475824125952, 52.098768316471478 ], [ -115.893184828345397, 52.098972788064735 ], [ -115.893954056390299, 52.099295882804597 ], [ -115.894620510189228, 52.099696327253064 ], [ -115.895055212958596, 52.100054019969313 ], [ -115.895243167122942, 52.100232812467176 ], [ -115.895822730379834, 52.100972948607485 ], [ -115.896323919394902, 52.101891623397378 ], [ -115.896404671404426, 52.102053293042125 ], [ -115.896741530006437, 52.102795026678059 ], [ -115.896938130137272, 52.103738938946762 ], [ -115.897039760132756, 52.103796270127603 ], [ -115.897442278948674, 52.103884158811297 ], [ -115.898270632572149, 52.10411562300056 ], [ -115.899039986283242, 52.104438683586068 ], [ -115.89911999759039, 52.1044798039838 ], [ -115.899473401221655, 52.104665064487747 ], [ -115.900610554236266, 52.105497270711041 ], [ -115.900833039070321, 52.10572926550536 ], [ -115.901230002054916, 52.10623859165019 ], [ -115.901482180148705, 52.10679058935478 ], [ -115.901574860409383, 52.107361163810843 ], [ -115.901569606893105, 52.107553474213958 ], [ -115.901529021965459, 52.10809568964946 ], [ -115.901430991415666, 52.108589211918165 ], [ -115.90129263869585, 52.109015259473608 ], [ -115.901166846992822, 52.109402632626114 ], [ -115.900970633953747, 52.109844305165325 ], [ -115.900587541070536, 52.110366969734628 ], [ -115.900062851085735, 52.110840733797183 ], [ -115.899568868555633, 52.111152358810017 ], [ -115.899848500196271, 52.111720852219932 ], [ -115.899922185292738, 52.112052165906867 ], [ -115.899948016057564, 52.112238300428523 ], [ -115.899978088163508, 52.112455044688616 ], [ -115.900030239857088, 52.112556010944012 ], [ -115.900257866410442, 52.112910995526292 ], [ -115.900615920176207, 52.113870744192333 ], [ -115.900639687058913, 52.114064097215234 ], [ -115.900654509673231, 52.114271504387169 ], [ -115.900584850523302, 52.114843320312744 ], [ -115.900354956685518, 52.115399001552078 ], [ -115.899971811049184, 52.115921663922606 ], [ -115.899447049787398, 52.116395425196764 ], [ -115.898998992537742, 52.116693097866445 ], [ -115.898877861986762, 52.116811041426324 ], [ -115.898545249046421, 52.117099334544513 ], [ -115.897581752682996, 52.117845921366339 ], [ -115.897325907112076, 52.118029838717248 ], [ -115.896856925034484, 52.118342869681335 ], [ -115.896570073092732, 52.118652494088991 ], [ -115.896346477009175, 52.119024384341252 ], [ -115.89565571164546, 52.119818169429266 ], [ -115.895053608315919, 52.120327471387817 ], [ -115.894776812454694, 52.120542193262267 ], [ -115.892537398698934, 52.122147917697113 ], [ -115.893031264001749, 52.122276800139055 ], [ -115.893248640008139, 52.122347870135279 ], [ -115.893829794145844, 52.122552659120565 ], [ -115.894226758617563, 52.122716764084011 ], [ -115.894646551335612, 52.122909316311251 ], [ -115.894820607561655, 52.122997632969216 ], [ -115.895075445116419, 52.123145445371136 ], [ -115.890633452404259, 52.125216783362141 ], [ -115.890547419409685, 52.125363279818146 ], [ -115.890390128757687, 52.125563436014374 ], [ -115.89016402459913, 52.125720423838324 ], [ -115.889578838185287, 52.125872284926082 ], [ -115.889118524344156, 52.125961886482152 ], [ -115.888029212260207, 52.12621043929402 ], [ -115.88740056041334, 52.126384971392007 ], [ -115.886410571668691, 52.126542517199745 ], [ -115.88584179917531, 52.126612402978743 ], [ -115.884160325438231, 52.126684809723081 ], [ -115.883722069509034, 52.126690024061283 ], [ -115.881853857619262, 52.126653542491177 ] ] ] ] } },
{ "type": "Feature", "properties": { "PSCW_NAME": "Onion Creek Road and Highway 734 Corridor", "PSCW_CODE": "CW018", "GlobalID": "{1974FCD9-8091-4FD5-9217-EC53BE317BEA}" }, "geometry": { "type": "MultiPolygon", "coordinates": [ [ [ [ -115.88357990827113, 52.085717591023723 ], [ -115.883864813165175, 52.085638369695658 ], [ -115.885359352336465, 52.085187345551589 ], [ -115.886079165139449, 52.084972402355127 ], [ -115.886355702753761, 52.084889824407327 ], [ -115.886484512723385, 52.084851359180057 ], [ -115.887044112191305, 52.084625184597499 ], [ -115.888342741203232, 52.084240440807783 ], [ -115.891784915411492, 52.083554246132508 ], [ -115.892148853796286, 52.083490371223455 ], [ -115.893122672061992, 52.083342216927797 ], [ -115.893718043379209, 52.083273438975588 ], [ -115.894236887959494, 52.08323209794716 ], [ -115.89461032421859, 52.083210525468765 ], [ -115.894891908252063, 52.083200387340952 ], [ -115.895618956125702, 52.083026030494587 ], [ -115.896332661733325, 52.082814512653215 ], [ -115.896412021491443, 52.082784305479201 ], [ -115.896687366199089, 52.082728882464565 ], [ -115.896772015686011, 52.082684934915413 ], [ -115.89684874667941, 52.082645097003514 ], [ -115.897266724008176, 52.082428088505146 ], [ -115.8975895201431, 52.082289159201991 ], [ -115.897680147780889, 52.082263327614307 ], [ -115.898004404309177, 52.082121558988902 ], [ -115.899409772324731, 52.081607418119269 ], [ -115.899934444157708, 52.081438951358273 ], [ -115.900805889541218, 52.081195951983396 ], [ -115.901302814969654, 52.081075442460261 ], [ -115.901956095067405, 52.08093983628077 ], [ -115.902448403044374, 52.080853590320281 ], [ -115.903096692262707, 52.080760451393878 ], [ -115.903809847542959, 52.080621348320719 ], [ -115.904728028661054, 52.080495779768327 ], [ -115.905186400197863, 52.080458787150334 ], [ -115.906599481728449, 52.080460927477084 ], [ -115.907027485787154, 52.080496788508157 ], [ -115.907187630481161, 52.080520407188374 ], [ -115.907432759645019, 52.080350395228983 ], [ -115.907969887195392, 52.080026875521717 ], [ -115.908430639982839, 52.079785976973668 ], [ -115.909030672966111, 52.079514217808651 ], [ -115.909603011243178, 52.079291112365397 ], [ -115.909891976676661, 52.079201850717752 ], [ -115.910030278858216, 52.079147143322004 ], [ -115.910174104187661, 52.079090250547353 ], [ -115.910271485568458, 52.079062525697481 ], [ -115.910870411690382, 52.078902820388855 ], [ -115.911275270389226, 52.078794860506903 ], [ -115.91153683024335, 52.078769011063564 ], [ -115.911756483667645, 52.078724906670821 ], [ -115.913020805794318, 52.078601914531973 ], [ -115.913358022580496, 52.07859893395905 ], [ -115.913883469187596, 52.078493773839789 ], [ -115.914891248972211, 52.078327807941584 ], [ -115.915517942574581, 52.07824902923371 ], [ -115.916599866877121, 52.078154181417815 ], [ -115.916780033988431, 52.078140307662885 ], [ -115.918156201231611, 52.078048938886489 ], [ -115.918807813446534, 52.077899066827406 ], [ -115.919382682028015, 52.07778915639809 ], [ -115.919716415470219, 52.077737856286177 ], [ -115.920502400978009, 52.07765485260343 ], [ -115.920812509970901, 52.077636645748662 ], [ -115.921251235977792, 52.077622076621694 ], [ -115.921701015710951, 52.077636376232192 ], [ -115.921978638490756, 52.077529203176567 ], [ -115.923050325145908, 52.077052722343574 ], [ -115.923611412801847, 52.076834573459735 ], [ -115.924128316375203, 52.076660272470328 ], [ -115.924987298467485, 52.076428463201324 ], [ -115.925497087208726, 52.076329773434423 ], [ -115.925768205356604, 52.076249265180508 ], [ -115.926663968303799, 52.07609379905788 ], [ -115.927002699000184, 52.076072851153448 ], [ -115.927589928899266, 52.076036532506663 ], [ -115.929148192164746, 52.076044084818754 ], [ -115.929443405221804, 52.076076327167804 ], [ -115.929716785938737, 52.076100039497753 ], [ -115.930041693417337, 52.076101252480768 ], [ -115.930945806976382, 52.076042620861529 ], [ -115.931496850523601, 52.076024550954045 ], [ -115.932949785600485, 52.076023223391459 ], [ -115.933045652171103, 52.075998621919801 ], [ -115.933259408062142, 52.075926226715325 ], [ -115.933848586271679, 52.075726678357917 ], [ -115.934850874795956, 52.075467785979548 ], [ -115.936370592225018, 52.075183233827424 ], [ -115.936727731766453, 52.075124598969872 ], [ -115.937170414090119, 52.075061944764585 ], [ -115.937820921609585, 52.074995614838095 ], [ -115.938427673163773, 52.074957268022551 ], [ -115.939115626320046, 52.074962941693123 ], [ -115.939411588693119, 52.074810023614802 ], [ -115.940148994943755, 52.074388496832981 ], [ -115.94027928657718, 52.07430507141072 ], [ -115.940372545277185, 52.074253414995013 ], [ -115.940544929272747, 52.074158512429122 ], [ -115.941112301632771, 52.073846150650638 ], [ -115.941310710421746, 52.073757574700046 ], [ -115.942629542359001, 52.073327468042748 ], [ -115.942831190030219, 52.07328259350426 ], [ -115.94393130350943, 52.073116488108781 ], [ -115.9448723800745, 52.073021757573564 ], [ -115.945396156534457, 52.072547795197018 ], [ -115.946045524414657, 52.07213707727481 ], [ -115.946299544923065, 52.072010351942339 ], [ -115.946467640085501, 52.071933617542925 ], [ -115.946615328422865, 52.071799967768612 ], [ -115.947171347036928, 52.071439972922782 ], [ -115.947327527370291, 52.071353061015245 ], [ -115.948369464250533, 52.070899741171878 ], [ -115.948760932912478, 52.070769509748359 ], [ -115.948957397531544, 52.070707349646504 ], [ -115.949899019767912, 52.070424429626307 ], [ -115.950353250054306, 52.070329248696211 ], [ -115.950759297573796, 52.070208210711279 ], [ -115.951072149046269, 52.070153604389724 ], [ -115.951366386983224, 52.070047532749257 ], [ -115.952385619082563, 52.069680092450838 ], [ -115.953353887499318, 52.06928913219042 ], [ -115.953440980588823, 52.069255916751459 ], [ -115.953440740394655, 52.071613772884525 ], [ -115.953440156219898, 52.07721397725205 ], [ -115.953177925543301, 52.077423597343582 ], [ -115.953145836334315, 52.077445345419726 ], [ -115.952956750689523, 52.077619889179545 ], [ -115.952516156951503, 52.077972397359403 ], [ -115.9521455400251, 52.078230701979834 ], [ -115.951396909522572, 52.078661118315999 ], [ -115.951043924040874, 52.07882809706949 ], [ -115.949909454929809, 52.079238798375094 ], [ -115.949711616557636, 52.079291439208575 ], [ -115.948424140286804, 52.079520983934096 ], [ -115.94819573769702, 52.07954309080305 ], [ -115.948148857816605, 52.079547627192518 ], [ -115.947279543652428, 52.079587353214094 ], [ -115.946758468930724, 52.079584881097873 ], [ -115.946575821337333, 52.07968929711371 ], [ -115.94637521786531, 52.079798344537537 ], [ -115.945045916917877, 52.080485214027746 ], [ -115.944314831800497, 52.080802718276018 ], [ -115.943855217640362, 52.080968684933659 ], [ -115.943004852927118, 52.081216562493367 ], [ -115.94259282067172, 52.081310292349897 ], [ -115.941890236284948, 52.08143714873038 ], [ -115.941375088523472, 52.081506942174762 ], [ -115.940346267567932, 52.081582899571067 ], [ -115.939960476479001, 52.081588146099108 ], [ -115.939155963511141, 52.081561624425319 ], [ -115.939067824948722, 52.08155458233756 ], [ -115.938478208840053, 52.081664984101394 ], [ -115.937973264583746, 52.081819994004277 ], [ -115.9378987252489, 52.08185433832589 ], [ -115.937636608232594, 52.081926674198478 ], [ -115.937375717498171, 52.082010756781933 ], [ -115.937057925489356, 52.082099939759907 ], [ -115.936266925532394, 52.082321915042471 ], [ -115.935944409159333, 52.082404680598522 ], [ -115.935048553324535, 52.082560218522573 ], [ -115.934122468139662, 52.082617544323035 ], [ -115.933908998399033, 52.082616607116144 ], [ -115.933061489771916, 52.082602440223503 ], [ -115.931788767375181, 52.082603601336331 ], [ -115.930864536138358, 52.082663536722208 ], [ -115.93027333586879, 52.082681546305238 ], [ -115.929294266486664, 52.08267789018398 ], [ -115.928706447907985, 52.082651419453057 ], [ -115.928085893171428, 52.082927336535008 ], [ -115.927796444079448, 52.083047370613201 ], [ -115.927054463844613, 52.083333817578186 ], [ -115.926397089832037, 52.08354980651751 ], [ -115.925602439480443, 52.08376850082324 ], [ -115.92527022594949, 52.083883879297005 ], [ -115.924314145251785, 52.084143619513036 ], [ -115.924109570297801, 52.084185010291606 ], [ -115.922995647755585, 52.08433159962015 ], [ -115.92265972486571, 52.08435311192946 ], [ -115.92145498380718, 52.084310627957677 ], [ -115.920928513442945, 52.084410873584361 ], [ -115.920446525295574, 52.084484234994619 ], [ -115.919738091133169, 52.084561306645647 ], [ -115.91801433184439, 52.084675759044615 ], [ -115.917339387733634, 52.084734929306869 ], [ -115.916914186397534, 52.084804954066165 ], [ -115.916246687966193, 52.084963035610187 ], [ -115.915300219313522, 52.085127417520447 ], [ -115.915089648624701, 52.085151368885732 ], [ -115.914780514264407, 52.085161165564145 ], [ -115.91408488437412, 52.085643671513424 ], [ -115.913598312701424, 52.085940437982821 ], [ -115.9129969926759, 52.08626287739235 ], [ -115.912298018159362, 52.086580040644421 ], [ -115.911832081796064, 52.086757395264847 ], [ -115.911161862542812, 52.086973689170421 ], [ -115.910756870129106, 52.08708261409798 ], [ -115.909457114456515, 52.087316764200963 ], [ -115.90900744138662, 52.087360717345213 ], [ -115.907918882217956, 52.087397699428479 ], [ -115.907698135686118, 52.087391280553838 ], [ -115.90678080511826, 52.087315128764061 ], [ -115.906359890428774, 52.087256944935625 ], [ -115.905723755642384, 52.087138859679499 ], [ -115.905123297006014, 52.087225129285237 ], [ -115.904966150621206, 52.087257750290277 ], [ -115.904608156992879, 52.087357579015737 ], [ -115.903824249842742, 52.087635940668591 ], [ -115.903618093597771, 52.087709144817708 ], [ -115.903383175693492, 52.087821507196132 ], [ -115.903060341797399, 52.087960457552121 ], [ -115.902638847276876, 52.088141870370066 ], [ -115.902387473517848, 52.088243692676023 ], [ -115.901946354095358, 52.0884116038185 ], [ -115.90186393578054, 52.088438366961761 ], [ -115.901728702731631, 52.088482279663864 ], [ -115.901259605027917, 52.088652973004621 ], [ -115.900086608986228, 52.089003471291825 ], [ -115.899693440342077, 52.089109152889456 ], [ -115.898272626408854, 52.089449891159688 ], [ -115.897568921940177, 52.089585019118601 ], [ -115.89703060446648, 52.08966375004502 ], [ -115.896108670901086, 52.089747111708249 ], [ -115.895388845790904, 52.089774421800335 ], [ -115.8948932835861, 52.089849815631666 ], [ -115.892322749864178, 52.090362265497895 ], [ -115.892166698275645, 52.090425747982387 ], [ -115.89166522597084, 52.0905877289321 ], [ -115.891542491876535, 52.090642613186766 ], [ -115.891441404698199, 52.0906726925801 ], [ -115.891268986450328, 52.090729391552777 ], [ -115.891142805736948, 52.090770886765227 ], [ -115.890711151565085, 52.09090080110122 ], [ -115.890028305835827, 52.091104711966942 ], [ -115.8884882808604, 52.091569509933528 ], [ -115.888335907184185, 52.091613675855577 ], [ -115.887101329718519, 52.091956970140963 ], [ -115.885960245101529, 52.092336768588495 ], [ -115.885747630737427, 52.091756976949789 ], [ -115.885724579254884, 52.091696760744924 ], [ -115.885640419738237, 52.091485819213091 ], [ -115.885563402593519, 52.091209879548217 ], [ -115.88551851884371, 52.091067849724205 ], [ -115.884979130563252, 52.089540823018517 ], [ -115.884947893326725, 52.089452384297402 ], [ -115.883849451833385, 52.086342287928993 ], [ -115.883782510579877, 52.086174161869167 ], [ -115.88357990827113, 52.085717591023723 ] ] ] ] } },
{ "type": "Feature", "properties": { "PSCW_NAME": "Cutoff Creek Corridor", "PSCW_CODE": "CW014", "GlobalID": "{EDBF4857-C4F7-40B9-A055-B2D6E1B4D3CA}" }, "geometry": { "type": "MultiPolygon", "coordinates": [ [ [ [ -115.384192933954822, 52.010989179460267 ], [ -115.38430019516683, 52.010606018415423 ], [ -115.384329546248907, 52.010488557996275 ], [ -115.38446995097064, 52.009850308563237 ], [ -115.384515566764932, 52.009515046031161 ], [ -115.384537864795007, 52.008832548426547 ], [ -115.38455437003033, 52.008708581636846 ], [ -115.384547871266307, 52.008122354092805 ], [ -115.384422659896202, 52.007435696642844 ], [ -115.384312787720162, 52.007128545744763 ], [ -115.384147786271569, 52.006766827361673 ], [ -115.383882650898641, 52.006291526328525 ], [ -115.383439693120735, 52.005697228221955 ], [ -115.383246272419626, 52.005523204563218 ], [ -115.383157334374573, 52.005407093735172 ], [ -115.38303004462017, 52.005240916333925 ], [ -115.382493094215903, 52.004772902754333 ], [ -115.382164126028542, 52.004571993720454 ], [ -115.381832632193323, 52.004369539445612 ], [ -115.38096614869157, 52.003804759089014 ], [ -115.380426397849661, 52.003507444496812 ], [ -115.379793329763615, 52.003203731611862 ], [ -115.379621783482705, 52.003135449528138 ], [ -115.380837007640707, 52.002338458628643 ], [ -115.381090543904676, 52.002220268438698 ], [ -115.381835298190822, 52.001939380117371 ], [ -115.381891754228974, 52.001918995901498 ], [ -115.38211062707353, 52.001854126646535 ], [ -115.382728861790014, 52.00167089294802 ], [ -115.383625026414975, 52.001519565966781 ], [ -115.38374462473773, 52.001512717028582 ], [ -115.384430872578264, 52.001439879167322 ], [ -115.385249885234074, 52.001416201024249 ], [ -115.385399134405731, 52.001411885608817 ], [ -115.385604076380631, 52.001412103349999 ], [ -115.385764783385724, 52.001412274387285 ], [ -115.386326533720634, 52.001434300151502 ], [ -115.387968920272613, 52.001498681526385 ], [ -115.388377629996938, 52.001524491636388 ], [ -115.389450611364069, 52.001618156791451 ], [ -115.389776777120062, 52.001663911413374 ], [ -115.389915728025343, 52.001670674094967 ], [ -115.390091516218575, 52.001692991763619 ], [ -115.390725366398257, 52.001773453794854 ], [ -115.39102066174334, 52.001816378346241 ], [ -115.392415814906769, 52.002045217768355 ], [ -115.392946397782069, 52.002150861740688 ], [ -115.39338228665649, 52.002261325643673 ], [ -115.393586402612755, 52.002207608714144 ], [ -115.393734043469436, 52.00216875512303 ], [ -115.393942235972361, 52.002131290734496 ], [ -115.394047517932407, 52.002112345325735 ], [ -115.394627991557414, 52.002007885949183 ], [ -115.394740809078058, 52.002001413662995 ], [ -115.39480588007855, 52.001997681282084 ], [ -115.395491359288542, 52.001831663177498 ], [ -115.395656009674525, 52.001773448761909 ], [ -115.39599638940301, 52.001653100060565 ], [ -115.396477152799093, 52.001505855311642 ], [ -115.397221496858876, 52.001277879081343 ], [ -115.397659124452687, 52.001158647808047 ], [ -115.398052675599558, 52.001064207633959 ], [ -115.399470756611024, 52.000855900749329 ], [ -115.399920447178573, 52.000829037138367 ], [ -115.400774327372332, 52.000838099229156 ], [ -115.400927253382321, 52.000839721394378 ], [ -115.401297764314378, 52.000851085445859 ], [ -115.401356544931517, 52.000852888089661 ], [ -115.401579687092564, 52.00086709009652 ], [ -115.401967955542347, 52.000764724257927 ], [ -115.40236714104401, 52.000628324891167 ], [ -115.40297205533814, 52.000451287927369 ], [ -115.403601599631585, 52.00029611868905 ], [ -115.404623866193973, 52.00011468746515 ], [ -115.404936323161607, 52.000079583785237 ], [ -115.405005374713966, 52.000062610975299 ], [ -115.405788151425995, 51.999689751193358 ], [ -115.405989554135033, 51.999601119636246 ], [ -115.406463211530806, 51.99939809904938 ], [ -115.406552278221056, 51.999363593026601 ], [ -115.406988988710424, 51.999194406977864 ], [ -115.407509765949158, 51.998867628560006 ], [ -115.407756233302592, 51.998722552087948 ], [ -115.408003995015861, 51.998585770761622 ], [ -115.408522705496594, 51.998333308485364 ], [ -115.409094709586313, 51.998088797791453 ], [ -115.40958528485848, 51.997902464917715 ], [ -115.41058925533153, 51.997565871739589 ], [ -115.411306532278957, 51.997366193401604 ], [ -115.41196661493143, 51.997217556771517 ], [ -115.412684375088787, 51.997090305528651 ], [ -115.413025714489223, 51.997045491253019 ], [ -115.413379393138953, 51.996999055221472 ], [ -115.41425302312652, 51.996930271178918 ], [ -115.414682607797673, 51.996918554688044 ], [ -115.415430049280985, 51.996930572815302 ], [ -115.41577331026275, 51.996951026660923 ], [ -115.416031702967857, 51.996981833098729 ], [ -115.416214848121328, 51.996847904784168 ], [ -115.416496050364984, 51.996659510157905 ], [ -115.416731064420219, 51.996513871628459 ], [ -115.417064643182826, 51.996324047485025 ], [ -115.417477400261404, 51.996108485383239 ], [ -115.417712902483387, 51.996006837964678 ], [ -115.418288933190055, 51.995770662717298 ], [ -115.418488534914175, 51.995691022625508 ], [ -115.418541565635394, 51.995675401038604 ], [ -115.419326576035118, 51.995444154242648 ], [ -115.419482923586699, 51.995417697486147 ], [ -115.419756401177452, 51.99537142038141 ], [ -115.420229889005583, 51.995317085164437 ], [ -115.421393814989813, 51.99518350986073 ], [ -115.422073039964104, 51.995179285778505 ], [ -115.422132684508469, 51.995166901203994 ], [ -115.42245429845687, 51.995107017778942 ], [ -115.422567817513084, 51.995088269083936 ], [ -115.422954294164128, 51.994939237036036 ], [ -115.423338322417933, 51.994814056864989 ], [ -115.423877840896225, 51.994661267210276 ], [ -115.424332905933682, 51.994550884543628 ], [ -115.429035564500467, 51.993189169901164 ], [ -115.429473335713936, 51.993062394087005 ], [ -115.429876533824356, 51.99294562569488 ], [ -115.43300588620869, 51.992039285065978 ], [ -115.433474366135826, 51.991903705214753 ], [ -115.433512424961918, 51.991893850436099 ], [ -115.433879388984835, 51.99178946781926 ], [ -115.435298546002244, 51.991385773364442 ], [ -115.435418064339174, 51.991352941343152 ], [ -115.437354630546025, 51.990838440639031 ], [ -115.437546751069448, 51.990790110452977 ], [ -115.437733067150816, 51.990745831034324 ], [ -115.438215549506197, 51.990631174098944 ], [ -115.438277189589428, 51.990616795863851 ], [ -115.439172955402626, 51.990465043856062 ], [ -115.440097804927859, 51.990411618289293 ], [ -115.440746966263831, 51.990433678680326 ], [ -115.445057579201716, 51.990768399703036 ], [ -115.445433802385381, 51.990770807395243 ], [ -115.445609069077634, 51.990783409996141 ], [ -115.44570648396558, 51.990791600443387 ], [ -115.445983432091822, 51.990814885326401 ], [ -115.446251310892052, 51.990612509294472 ], [ -115.446666295291649, 51.990262779888852 ], [ -115.447543298344783, 51.989684944341114 ], [ -115.447861447308483, 51.989520421686919 ], [ -115.448971893062264, 51.989078140973433 ], [ -115.449300316063074, 51.988980537170939 ], [ -115.449662846581276, 51.988882854612008 ], [ -115.450130450102193, 51.988769420816361 ], [ -115.450585317096568, 51.988673457190863 ], [ -115.452368564838267, 51.988351892548465 ], [ -115.452861026660102, 51.988281169379619 ], [ -115.453108504787934, 51.988198878294519 ], [ -115.453781605448313, 51.988010967314764 ], [ -115.454677269324264, 51.98785909608344 ], [ -115.455147507937653, 51.987819300358744 ], [ -115.455582062417903, 51.987794633668003 ], [ -115.456448915653752, 51.987789143917318 ], [ -115.456966568193891, 51.987811926335887 ], [ -115.457562246908211, 51.987859085101391 ], [ -115.457995545522991, 51.987908845709846 ], [ -115.45881203428381, 51.988044742430276 ], [ -115.459261165577871, 51.988143685994956 ], [ -115.459901557741262, 51.988314702884523 ], [ -115.460452023131154, 51.988488942058929 ], [ -115.460794010390899, 51.98835210729365 ], [ -115.461179741261873, 51.988219248825615 ], [ -115.461921638401833, 51.988007991992298 ], [ -115.462817275495098, 51.987856057634779 ], [ -115.463251869756007, 51.987818329208459 ], [ -115.463643653487011, 51.987794423985143 ], [ -115.465160468569636, 51.987836056826467 ], [ -115.465731728676758, 51.987902921291834 ], [ -115.466263808749787, 51.987939601648144 ], [ -115.46656418036612, 51.987965670518271 ], [ -115.467462916576892, 51.988110536811831 ], [ -115.468307268868131, 51.988349544245104 ], [ -115.469057192916594, 51.988668100242322 ], [ -115.469608150443534, 51.988947784556871 ], [ -115.469821797006219, 51.989062123044363 ], [ -115.470764033758527, 51.989247970723511 ], [ -115.471060798859298, 51.989312523624584 ], [ -115.471518890559977, 51.989421654477191 ], [ -115.471810429810617, 51.989497315921064 ], [ -115.473114231578563, 51.989864144521199 ], [ -115.473538740983813, 51.989998044109576 ], [ -115.474303122381187, 51.990323899630667 ], [ -115.474964253006391, 51.990726741203687 ], [ -115.475215456231638, 51.990964450878991 ], [ -115.475431430280167, 51.991168821155412 ], [ -115.475697051672, 51.991399763548479 ], [ -115.475740213791994, 51.991437291583232 ], [ -115.476138329710309, 51.991955421994284 ], [ -115.476334079269577, 51.992387827773591 ], [ -115.476388407642261, 51.992507838385642 ], [ -115.476470236097995, 51.992734726812714 ], [ -115.476527395880638, 51.992917430455869 ], [ -115.476597405085187, 51.993181045876291 ], [ -115.476854598506492, 51.993835690292286 ], [ -115.476912140763076, 51.994201060396101 ], [ -115.476983554829872, 51.99465450773917 ], [ -115.477001619621348, 51.994771901470763 ], [ -115.477000615646929, 51.99481617727168 ], [ -115.477444337083824, 51.995464810070061 ], [ -115.477531386361576, 51.995565785555925 ], [ -115.477669114611473, 51.995675390476421 ], [ -115.478204915631352, 51.996196132381598 ], [ -115.478540894954264, 51.996602427202113 ], [ -115.478735832556964, 51.996792232944792 ], [ -115.479449706247991, 51.997232240576515 ], [ -115.479747557558525, 51.99741582337937 ], [ -115.480109231260386, 51.997636134722299 ], [ -115.480204338150941, 51.997718803814635 ], [ -115.480824799104099, 51.998186725986599 ], [ -115.481368870045372, 51.99815510900487 ], [ -115.48229490114106, 51.998201310529652 ], [ -115.482389994900245, 51.998211808292773 ], [ -115.483108745514244, 51.998295306508453 ], [ -115.483731601305152, 51.998391963060421 ], [ -115.49150573118898, 51.999910184057654 ], [ -115.4915959073968, 51.9999277917684 ], [ -115.491778874909372, 51.999961335672005 ], [ -115.493248471491725, 52.000230754712568 ], [ -115.493665668695158, 52.000318981369695 ], [ -115.494089587781644, 52.000420906857265 ], [ -115.494496019355637, 52.000530862463528 ], [ -115.4956428567085, 52.000876925650054 ], [ -115.495893653200454, 52.000942477537855 ], [ -115.496322062606652, 52.00106861652386 ], [ -115.496981669012669, 52.001285582498703 ], [ -115.497457098825265, 52.00146216073783 ], [ -115.497713689194967, 52.001569066614941 ], [ -115.498172177259676, 52.001783176710298 ], [ -115.498371429796691, 52.001887114679896 ], [ -115.498953536815691, 52.002241425535026 ], [ -115.499107999524171, 52.002351092173996 ], [ -115.499691617913911, 52.002854120176352 ], [ -115.499944653559325, 52.00312233694163 ], [ -115.500293205083793, 52.003564946955784 ], [ -115.500385522844098, 52.003708619188401 ], [ -115.500421702710199, 52.003787339852551 ], [ -115.502914511168299, 52.003796214294276 ], [ -115.503621581846275, 52.003827817675109 ], [ -115.506738101491905, 52.004113207227519 ], [ -115.507228767904181, 52.004158131427026 ], [ -115.507381181301994, 52.004166361597825 ], [ -115.507504267038911, 52.004173008974426 ], [ -115.508107805574312, 52.004214636795723 ], [ -115.508404099798312, 52.004266204059569 ], [ -115.508568275264039, 52.004294777130752 ], [ -115.509064790875641, 52.004351110427493 ], [ -115.509623124383168, 52.004478353668489 ], [ -115.509770702080985, 52.004511985270952 ], [ -115.509977525015103, 52.004542892065814 ], [ -115.510318984849519, 52.004616407188742 ], [ -115.510528083852648, 52.004661424642748 ], [ -115.511416109261333, 52.004910978152068 ], [ -115.51202354701951, 52.005125092169109 ], [ -115.512306874815053, 52.005240378586969 ], [ -115.512912062672626, 52.005289360952311 ], [ -115.513564436242149, 52.005306093088734 ], [ -115.514746491474526, 52.005154627203289 ], [ -115.515076447499098, 52.005092401155274 ], [ -115.515654748778502, 52.005004799111312 ], [ -115.516262215618269, 52.004934711055036 ], [ -115.517393090431298, 52.004768048714546 ], [ -115.517736529510159, 52.004724745337356 ], [ -115.519532259204894, 52.004536035363095 ], [ -115.522022135013174, 52.004218763539676 ], [ -115.522549218235653, 52.004168408704373 ], [ -115.522693291544712, 52.00415916970416 ], [ -115.523237782831032, 52.004084632660209 ], [ -115.524129510153188, 52.004010562291761 ], [ -115.526154379849388, 52.003948895218237 ], [ -115.527442792920624, 52.004006357260074 ], [ -115.527881373907391, 52.004059423944554 ], [ -115.528674591106792, 52.004195376585599 ], [ -115.529160084147904, 52.004304129228956 ], [ -115.529561924585778, 52.004405755433318 ], [ -115.529785979892566, 52.004469114833668 ], [ -115.530357788202295, 52.004594263531189 ], [ -115.530687489382743, 52.004674126317234 ], [ -115.530943709101592, 52.004742335971521 ], [ -115.531082863632648, 52.004758582425971 ], [ -115.53114765614896, 52.00475955669215 ], [ -115.53131501706072, 52.004762075869152 ], [ -115.531737991956192, 52.004776727877953 ], [ -115.531863867356904, 52.00478108766135 ], [ -115.532024120640244, 52.004799230924874 ], [ -115.532179728833455, 52.004816848088275 ], [ -115.532675606449629, 52.004833468119671 ], [ -115.532947489233806, 52.004852991384631 ], [ -115.533265673383099, 52.004875838367269 ], [ -115.533831148961738, 52.004935622683632 ], [ -115.535516680613995, 52.005172047981105 ], [ -115.535722244658871, 52.005203544009746 ], [ -115.536157840264082, 52.005275981249639 ], [ -115.536554397402881, 52.005316650487785 ], [ -115.536763431549787, 52.005356188929547 ], [ -115.536882825231558, 52.005388719613293 ], [ -115.538022921705306, 52.004985384001898 ], [ -115.53868907935761, 52.004821660924577 ], [ -115.53921574889263, 52.004711485143773 ], [ -115.540298582424342, 52.004523196300873 ], [ -115.540785591419379, 52.004468797201064 ], [ -115.541228174667879, 52.004388434116095 ], [ -115.541467422926175, 52.00430914912701 ], [ -115.541622925165413, 52.004219381540338 ], [ -115.541861534787586, 52.004015134324007 ], [ -115.542635924569339, 52.003438467944633 ], [ -115.543517730234413, 52.002917083372452 ], [ -115.543661630132164, 52.002849684864636 ], [ -115.543758619116758, 52.002788339342985 ], [ -115.544277972743899, 52.002500263692554 ], [ -115.544628174541913, 52.002330228562869 ], [ -115.54504319534955, 52.002098436984085 ], [ -115.545413714602745, 52.001909531999146 ], [ -115.545931130560433, 52.001669101390874 ], [ -115.546437400434854, 52.001460686054784 ], [ -115.54727647507508, 52.001214435791184 ], [ -115.547767427984454, 52.001117956903563 ], [ -115.547890770607751, 52.00109771296362 ], [ -115.548068032325361, 52.001053868975283 ], [ -115.54896362762004, 52.000901275882626 ], [ -115.549085644135758, 52.000894113194896 ], [ -115.549953564593196, 52.000758763672351 ], [ -115.551571747241951, 52.000389355659046 ], [ -115.551755674351952, 52.000297401558413 ], [ -115.553867121154539, 51.999241701433441 ], [ -115.555454164806349, 51.998359231788434 ], [ -115.555506218596264, 51.998314656374632 ], [ -115.55558562635423, 51.998246657203779 ], [ -115.555673197316807, 51.998202029295683 ], [ -115.555828097544946, 51.998058277647964 ], [ -115.555995422177489, 51.997897851963266 ], [ -115.556116226450371, 51.99778202778711 ], [ -115.556244787558228, 51.997683740863977 ], [ -115.556416145155396, 51.997533699781656 ], [ -115.557445378330144, 51.996859023967858 ], [ -115.558437716426681, 51.996369598833667 ], [ -115.558583536185907, 51.996300191584098 ], [ -115.559923654668566, 51.995684799242973 ], [ -115.560919072232977, 51.995344739977376 ], [ -115.561021807835473, 51.995311472671808 ], [ -115.561384181362143, 51.995200344818912 ], [ -115.561853333161025, 51.995056468206407 ], [ -115.562748756889206, 51.994903766956803 ], [ -115.563599109336238, 51.994853740637147 ], [ -115.563673633096229, 51.994852941418145 ], [ -115.563733284734752, 51.994852301493012 ], [ -115.564042538454231, 51.994867512378022 ], [ -115.564553192800872, 51.99483586027204 ], [ -115.564734074922654, 51.994833096908884 ], [ -115.565660108033498, 51.994878634005573 ], [ -115.566559272376537, 51.995022738511842 ], [ -115.567052838968294, 51.995148471481762 ], [ -115.567656621238214, 51.995324616856564 ], [ -115.568157750898308, 51.995491583221003 ], [ -115.568443901300355, 51.995599488341306 ], [ -115.568774839018033, 51.995669957776677 ], [ -115.568875337472292, 51.995633262884724 ], [ -115.569132243289417, 51.995545265847632 ], [ -115.569516702221875, 51.995422007986143 ], [ -115.5697760235049, 51.995300842096803 ], [ -115.570377565615999, 51.995057355135749 ], [ -115.570538497601248, 51.995001414938322 ], [ -115.570667256036316, 51.994898005624265 ], [ -115.571318941091278, 51.994489338400179 ], [ -115.571578273998313, 51.994375355268701 ], [ -115.571614622341912, 51.99435513211521 ], [ -115.572530826292493, 51.993945217897114 ], [ -115.573316938380344, 51.993666850230575 ], [ -115.57339232097101, 51.993640655513936 ], [ -115.574110736712171, 51.993395731879112 ], [ -115.574199314486123, 51.993366203596061 ], [ -115.574726634801124, 51.993194365955702 ], [ -115.575776968330175, 51.992935827906884 ], [ -115.57659199894151, 51.992794879655989 ], [ -115.577488124032726, 51.99268994360088 ], [ -115.578120295418046, 51.99265008177521 ], [ -115.578172906586659, 51.992635111556851 ], [ -115.578590856627727, 51.992480779221239 ], [ -115.578758755167883, 51.992409448281819 ], [ -115.580256788839861, 51.991633091119255 ], [ -115.580435990804617, 51.991544212520097 ], [ -115.581059006173959, 51.991248633761273 ], [ -115.581258719714441, 51.991143269504377 ], [ -115.581316950120609, 51.991112990620579 ], [ -115.581565236837449, 51.990985743594031 ], [ -115.581995006327631, 51.990787177839422 ], [ -115.582937662498438, 51.990395755588509 ], [ -115.583396231895293, 51.990243229705463 ], [ -115.583599802291076, 51.990154772547861 ], [ -115.584146555695185, 51.98994643214062 ], [ -115.586072375982866, 51.989308244828408 ], [ -115.586768695279588, 51.989080938673155 ], [ -115.588576704748633, 51.988470554326014 ], [ -115.590454045751713, 51.987822545472746 ], [ -115.592071798276436, 51.987252670876963 ], [ -115.592150171832742, 51.987029581127778 ], [ -115.592316911594992, 51.986660311682201 ], [ -115.592449776009644, 51.986420956866333 ], [ -115.592649727753781, 51.986112489050328 ], [ -115.592858829822461, 51.985831878457141 ], [ -115.593033667044907, 51.985618102007969 ], [ -115.593238602566814, 51.985388677930565 ], [ -115.593966678336614, 51.984761117182224 ], [ -115.594259272356069, 51.984562939581259 ], [ -115.594690287984548, 51.984302305787125 ], [ -115.595365661739748, 51.983937789715675 ], [ -115.595613271744497, 51.983812056178131 ], [ -115.596057691117167, 51.983599891833315 ], [ -115.596439026884369, 51.983433791975237 ], [ -115.596517161570077, 51.983402830868982 ], [ -115.596697669386813, 51.983331303955644 ], [ -115.597487236908293, 51.983025080390284 ], [ -115.598583800200217, 51.982704579980819 ], [ -115.599026835971571, 51.98258988306079 ], [ -115.600079118833094, 51.982351287342397 ], [ -115.600518291946344, 51.982246407125729 ], [ -115.600999891527152, 51.982142258115545 ], [ -115.601053005597649, 51.982026361575919 ], [ -115.601380015980354, 51.981716546320712 ], [ -115.601444154864993, 51.981646308455119 ], [ -115.60230143825143, 51.980945967745754 ], [ -115.602756721824719, 51.980644638801088 ], [ -115.603479064017591, 51.979608775981674 ], [ -115.603813177319211, 51.979293080788906 ], [ -115.604163285394975, 51.97899924258553 ], [ -115.604814433728052, 51.978590384486083 ], [ -115.605519514615352, 51.978276379544326 ], [ -115.605700418935214, 51.978208939435852 ], [ -115.606589880017069, 51.977617381348438 ], [ -115.607162311499465, 51.977288702584033 ], [ -115.60841628329446, 51.976668084216364 ], [ -115.608957899144116, 51.976432606882604 ], [ -115.610207296740782, 51.975958255397067 ], [ -115.611490360566577, 51.975605337239827 ], [ -115.611582266062385, 51.975588597219428 ], [ -115.611752529674931, 51.975550915850995 ], [ -115.612363557935737, 51.975449102404205 ], [ -115.614106276870913, 51.978344348919478 ], [ -115.614106364140085, 51.980709786319316 ], [ -115.619259093820517, 51.980710218692458 ], [ -115.619249466765552, 51.980715801234176 ], [ -115.618972573981821, 51.980861975801147 ], [ -115.617992393476484, 51.981272466266724 ], [ -115.617624104876455, 51.981392183399947 ], [ -115.61691754674942, 51.981582911651266 ], [ -115.616215631854359, 51.981736075104919 ], [ -115.615245473778586, 51.981886276803856 ], [ -115.615066931123636, 51.981903126075004 ], [ -115.614869348785803, 51.981911953300816 ], [ -115.614821024475859, 51.981930301030467 ], [ -115.614131747984189, 51.982271465632657 ], [ -115.613432820655973, 51.982736351638358 ], [ -115.613050787434972, 51.982989881818035 ], [ -115.612647391485467, 51.983202046201114 ], [ -115.612568662431542, 51.983344132123243 ], [ -115.612269149258339, 51.983752675103169 ], [ -115.611332410439118, 51.98462599802717 ], [ -115.610529908002022, 51.985163395773696 ], [ -115.610397034866665, 51.985249213040895 ], [ -115.610290371749457, 51.985315658617331 ], [ -115.610258979586533, 51.985344994540405 ], [ -115.609811354573097, 51.985850258948133 ], [ -115.608712305051867, 51.986710562338367 ], [ -115.608179129951552, 51.987008511653116 ], [ -115.607764732129894, 51.987217692354129 ], [ -115.606923279707928, 51.987600562827829 ], [ -115.606005758299673, 51.987924691488431 ], [ -115.605946128318621, 51.987952265031872 ], [ -115.605482740843939, 51.988078456983317 ], [ -115.605278004771947, 51.98814105359633 ], [ -115.605099909049869, 51.988188246651468 ], [ -115.604064541850562, 51.988453838046659 ], [ -115.603857156864464, 51.988503923251336 ], [ -115.602925946895454, 51.988715073250631 ], [ -115.602545952985807, 51.988826141645895 ], [ -115.602429417041733, 51.988878176140048 ], [ -115.602337823323566, 51.989231387168111 ], [ -115.602316643711802, 51.989307348990558 ], [ -115.602205106939465, 51.989681134335726 ], [ -115.601779327374089, 51.990494737051691 ], [ -115.601638667486085, 51.990677849763927 ], [ -115.601300250281625, 51.991053003783939 ], [ -115.601131791528516, 51.991214033815879 ], [ -115.600098798167593, 51.991939917490591 ], [ -115.599818034410632, 51.992086673409844 ], [ -115.598797147183461, 51.992506141482934 ], [ -115.597527467737109, 51.992906183975315 ], [ -115.595715656092622, 51.993544447730407 ], [ -115.595675405128404, 51.993558484081305 ], [ -115.593755948494376, 51.994221059510288 ], [ -115.593712276484297, 51.994235968794307 ], [ -115.591847205125433, 51.994865641208968 ], [ -115.591783622281028, 51.994886739598172 ], [ -115.591069267644002, 51.995119942726113 ], [ -115.589471354497505, 51.995649552732381 ], [ -115.589249721374372, 51.995745863272845 ], [ -115.588689574760068, 51.995936947131824 ], [ -115.588154554490032, 51.996160315327657 ], [ -115.587878622847356, 51.996305906144741 ], [ -115.587663792296865, 51.996413428585711 ], [ -115.587022236107444, 51.996717838165218 ], [ -115.585416991025212, 51.997549848409058 ], [ -115.585011782088685, 51.997740252226485 ], [ -115.584494033568362, 51.9979602383764 ], [ -115.584208472493373, 51.998073470168841 ], [ -115.583399508602511, 51.998372214749871 ], [ -115.582894653628287, 51.998536654426552 ], [ -115.582155089184411, 51.998747097667362 ], [ -115.581626354468497, 51.998876900174601 ], [ -115.581190388793246, 51.998967611631208 ], [ -115.580348349849245, 51.999096805131572 ], [ -115.579802460643521, 51.999151920867952 ], [ -115.579483829637894, 51.999178027743007 ], [ -115.579132654828001, 51.999200172359828 ], [ -115.578583561478311, 51.999387377047974 ], [ -115.578413549249021, 51.999447583230463 ], [ -115.577601762576478, 51.999966470316785 ], [ -115.576868898502156, 52.000314049839602 ], [ -115.576236945651715, 52.000571859917599 ], [ -115.575922236895394, 52.000681255882142 ], [ -115.575590639080758, 52.000836195749187 ], [ -115.57483055169088, 52.001132634565174 ], [ -115.574176110789566, 52.001342451982914 ], [ -115.573658285252122, 52.001520381171005 ], [ -115.573308187580636, 52.001645905171806 ], [ -115.572880367225466, 52.001799293622128 ], [ -115.572276083552055, 52.001975613430091 ], [ -115.57124510462468, 52.002199900603451 ], [ -115.570734786114201, 52.002275692940017 ], [ -115.569633615592295, 52.002365756202096 ], [ -115.56896906899901, 52.002376977044058 ], [ -115.568807199296032, 52.002378191508583 ], [ -115.568338384218464, 52.002377314607415 ], [ -115.566593352731758, 52.002192544511466 ], [ -115.566416501578175, 52.002154329862641 ], [ -115.566072770412589, 52.00207170674944 ], [ -115.565748252438226, 52.001985604786796 ], [ -115.564640446603121, 52.001749053768179 ], [ -115.56455479040865, 52.001795027308063 ], [ -115.564504363847476, 52.001827351767162 ], [ -115.564448480142985, 52.001909676241127 ], [ -115.564338029863393, 52.001933976372435 ], [ -115.564297958555784, 52.002021112664451 ], [ -115.56422033122422, 52.002089446693532 ], [ -115.564103193593397, 52.002176093982911 ], [ -115.563785217219433, 52.002500110784666 ], [ -115.563376389446049, 52.002761369895033 ], [ -115.563222710225375, 52.002859577315498 ], [ -115.56313205454947, 52.002917509524856 ], [ -115.560974369157009, 52.004146681733133 ], [ -115.560721984649618, 52.004281664347282 ], [ -115.558383365761685, 52.005452033125913 ], [ -115.558287670843015, 52.005499921444859 ], [ -115.558090616942565, 52.00559430804131 ], [ -115.557645283572498, 52.005800264961465 ], [ -115.557549840826027, 52.005826104884569 ], [ -115.557157205802312, 52.006005738809925 ], [ -115.556744977505275, 52.006159972518354 ], [ -115.555831016033139, 52.006432205132356 ], [ -115.553384755657646, 52.006990666857561 ], [ -115.552841469976443, 52.00709471561747 ], [ -115.551645516204431, 52.007284735187035 ], [ -115.551364724895137, 52.007431026278859 ], [ -115.551145028237514, 52.007537704763898 ], [ -115.551015512269331, 52.00761963246574 ], [ -115.550464149943835, 52.007920177356894 ], [ -115.550275509416707, 52.00806067076568 ], [ -115.550023195823215, 52.008284338102975 ], [ -115.549850618432401, 52.008421819982189 ], [ -115.549278303083739, 52.008809486760462 ], [ -115.548632547715869, 52.009182304615692 ], [ -115.548399744691707, 52.009309067209365 ], [ -115.547873663268192, 52.009579120121451 ], [ -115.5469868108555, 52.009948212876225 ], [ -115.546237148881403, 52.01019665814146 ], [ -115.5458579579049, 52.010325545332378 ], [ -115.544790879705417, 52.010599939729282 ], [ -115.543512729819597, 52.010832026688576 ], [ -115.542965828667988, 52.010895124856518 ], [ -115.54278304675654, 52.010926908640883 ], [ -115.542482145477862, 52.011098760859468 ], [ -115.541622129055142, 52.011508603130437 ], [ -115.541229527099929, 52.011756555864821 ], [ -115.540688259500712, 52.012054790374251 ], [ -115.540518635016667, 52.012136155741914 ], [ -115.539055128217726, 52.012633532661276 ], [ -115.538834718385715, 52.012682574892061 ], [ -115.537541103275089, 52.012862242039041 ], [ -115.53720404925896, 52.01288241747968 ], [ -115.535844727636757, 52.012856244437536 ], [ -115.535631091742815, 52.012835093153328 ], [ -115.535588681446413, 52.012830786034563 ], [ -115.534689264910725, 52.012686450548458 ], [ -115.533844139942289, 52.012447930083205 ], [ -115.533078989282401, 52.012122472507642 ], [ -115.53299126027467, 52.012076731015505 ], [ -115.532584783223726, 52.011860119618547 ], [ -115.532010608071957, 52.011503364530803 ], [ -115.531906484794362, 52.011413019364014 ], [ -115.531749028688708, 52.011379152529692 ], [ -115.531443163297538, 52.011368898563632 ], [ -115.531171318908349, 52.011349375284972 ], [ -115.531106586355847, 52.01132089627918 ], [ -115.530887548811791, 52.011334693841228 ], [ -115.53071741814523, 52.011331268202582 ], [ -115.530550936490428, 52.011319749659343 ], [ -115.530277128914406, 52.011300805214681 ], [ -115.530128424110799, 52.011297371305098 ], [ -115.529854415971798, 52.011291041660911 ], [ -115.52907415112702, 52.011225509622889 ], [ -115.528326327440183, 52.01112859326372 ], [ -115.52773430743261, 52.011024039342765 ], [ -115.527089451854977, 52.010881924630098 ], [ -115.526626987565621, 52.010758808737201 ], [ -115.525998757751239, 52.010621308870839 ], [ -115.52571331906033, 52.01054987657853 ], [ -115.52510584741286, 52.01056837642853 ], [ -115.524703208706839, 52.01062349334353 ], [ -115.524099748642357, 52.010683942388525 ], [ -115.523916733420236, 52.010695678733093 ], [ -115.521596883493146, 52.010991283777997 ], [ -115.521413950810057, 52.011012544714383 ], [ -115.519699099321613, 52.011192759341817 ], [ -115.518610097795303, 52.011353250052153 ], [ -115.518351604835757, 52.011387188458187 ], [ -115.517907284702915, 52.011438454 ], [ -115.517628214561256, 52.011491084764032 ], [ -115.517154051792389, 52.011566008404408 ], [ -115.516000910756432, 52.011698147581207 ], [ -115.515728022829094, 52.011737949287671 ], [ -115.514837605155876, 52.011867815554439 ], [ -115.514397439263703, 52.011890333643152 ], [ -115.51371518261567, 52.01189819454509 ], [ -115.512201723746614, 52.011855780924449 ], [ -115.511750382032318, 52.011831235872904 ], [ -115.510506587343343, 52.011730566039674 ], [ -115.509985743030583, 52.011672047955017 ], [ -115.509664195545454, 52.011625636388892 ], [ -115.509405852840246, 52.011578772503 ], [ -115.50909045869237, 52.011521125523842 ], [ -115.508622186257313, 52.011435534366221 ], [ -115.50810487363016, 52.011306830577347 ], [ -115.507706477541916, 52.01119578549087 ], [ -115.507315982303936, 52.011074810996938 ], [ -115.506505054181503, 52.010763757462776 ], [ -115.506465424405434, 52.01075522473667 ], [ -115.50632421191716, 52.010704316384377 ], [ -115.506036204588611, 52.010679483392302 ], [ -115.505891302443217, 52.010648513344712 ], [ -115.50575635793146, 52.01065535310763 ], [ -115.502497853541612, 52.010374399005684 ], [ -115.499519647407723, 52.010363777515543 ], [ -115.499452173741545, 52.010362146210142 ], [ -115.499040557219246, 52.010340724738235 ], [ -115.498741226234998, 52.010325145370025 ], [ -115.498591180877497, 52.010303230581385 ], [ -115.498368780730019, 52.010316183562423 ], [ -115.498282184324026, 52.010315695458225 ], [ -115.497802656423872, 52.010301697026179 ], [ -115.497572483120976, 52.010294975969728 ], [ -115.497355809445921, 52.010275157270996 ], [ -115.496868828454723, 52.010225911522312 ], [ -115.49643548198415, 52.010166716934869 ], [ -115.495316764033376, 52.009931064083872 ], [ -115.493959751726464, 52.009536770148117 ], [ -115.493239354990664, 52.009283464238088 ], [ -115.492814815922188, 52.00910585633634 ], [ -115.491520538000088, 52.008339357514103 ], [ -115.491375947642439, 52.008218738530857 ], [ -115.490906851182658, 52.007749792241164 ], [ -115.490805233517293, 52.007626090427465 ], [ -115.490389233978803, 52.006938702980179 ], [ -115.49027634099356, 52.006660846285072 ], [ -115.490255094753465, 52.006575548976961 ], [ -115.490001448793436, 52.006499169311965 ], [ -115.489086127352408, 52.006331364705346 ], [ -115.488469761484964, 52.006217890539901 ], [ -115.488379810016255, 52.0061999244706 ], [ -115.488197678753991, 52.006164389005008 ], [ -115.481721447992271, 52.004900583975861 ], [ -115.481197237406263, 52.005022284492512 ], [ -115.481118130904548, 52.005045443170395 ], [ -115.480222211496411, 52.005197512356744 ], [ -115.4792971087128, 52.005251251098215 ], [ -115.478370939844552, 52.005205026519661 ], [ -115.477471848819121, 52.005060243080763 ], [ -115.476783984241195, 52.004865662397528 ], [ -115.476630650717297, 52.004817106218212 ], [ -115.47574783341058, 52.004537539256397 ], [ -115.474733487598755, 52.004109097176084 ], [ -115.474497225843038, 52.003982306581534 ], [ -115.473933994554997, 52.003630818614518 ], [ -115.473396107040557, 52.003163224974948 ], [ -115.473281983945313, 52.003036741842749 ], [ -115.472937932185744, 52.002634866006225 ], [ -115.472094027390099, 52.001982446576164 ], [ -115.470796272904806, 52.001204622599822 ], [ -115.469929607080942, 52.000479583041582 ], [ -115.469793406818042, 52.000370937833118 ], [ -115.469261183683159, 51.99985295183798 ], [ -115.468934855687451, 51.999459789415774 ], [ -115.468612299266255, 51.999172805413636 ], [ -115.468337799148088, 51.998898553473495 ], [ -115.468133917482049, 51.998675945190321 ], [ -115.467875531369174, 51.998366319931343 ], [ -115.467703455059024, 51.998139263901265 ], [ -115.466838225342798, 51.996874071999969 ], [ -115.466460514186323, 51.996006022615163 ], [ -115.46637578547012, 51.995591017724749 ], [ -115.466347815581088, 51.995284095600432 ], [ -115.46628904326964, 51.995272502530995 ], [ -115.466240140250036, 51.995263705559921 ], [ -115.465385514967494, 51.995059285872216 ], [ -115.464737036516553, 51.994863061278586 ], [ -115.464345785514922, 51.994727594880104 ], [ -115.464265741088283, 51.994754353930588 ], [ -115.462568927435058, 51.995110072375766 ], [ -115.462122637060077, 51.995154091463242 ], [ -115.461175951267379, 51.995194645561106 ], [ -115.460338229793805, 51.995184366746578 ], [ -115.459875114357843, 51.995166208270724 ], [ -115.458936928664016, 51.995104009892124 ], [ -115.458040831170663, 51.994996042628813 ], [ -115.457660133094024, 51.994928841789473 ], [ -115.456693724233972, 51.99469321663377 ], [ -115.456241721247736, 51.994550145137666 ], [ -115.455657450606964, 51.994655886581427 ], [ -115.455072823663201, 51.994718929106881 ], [ -115.454453226365061, 51.994830660654969 ], [ -115.453506046366343, 51.99541142769953 ], [ -115.453272804659605, 51.995573177314355 ], [ -115.452733107977906, 51.995915874161547 ], [ -115.452362895571937, 51.996129597870784 ], [ -115.451605250919542, 51.996461422206224 ], [ -115.451020787707577, 51.996643916732218 ], [ -115.45070219072386, 51.996728648010723 ], [ -115.450296599200342, 51.996825042486968 ], [ -115.449773432674448, 51.996967026354071 ], [ -115.449036542783048, 51.997138533300294 ], [ -115.448099114442343, 51.997298179164687 ], [ -115.447658781041255, 51.997347030399538 ], [ -115.446544950309757, 51.997397210118081 ], [ -115.445686342948022, 51.99738018206142 ], [ -115.445189336965342, 51.997344049515881 ], [ -115.445123341042915, 51.997346413838343 ], [ -115.445081735145408, 51.9973450937648 ], [ -115.444475631879911, 51.997315119616673 ], [ -115.444197697182631, 51.997299961790276 ], [ -115.443853883564344, 51.997281210287056 ], [ -115.440873527351016, 51.997066836305038 ], [ -115.439692466376542, 51.997380620031919 ], [ -115.438441137590274, 51.997734659365221 ], [ -115.438001573059807, 51.99785902103033 ], [ -115.437964087514672, 51.997869626103267 ], [ -115.437588619963265, 51.997962163238107 ], [ -115.437526076785602, 51.997977577751222 ], [ -115.434439184337592, 51.998892210634146 ], [ -115.434001392753018, 51.999019000582763 ], [ -115.433598134018567, 51.999135786106116 ], [ -115.428705570453033, 52.000552514812341 ], [ -115.428391541884054, 52.0006359609648 ], [ -115.428186640697874, 52.000685662385798 ], [ -115.42806471118287, 52.000740644838871 ], [ -115.427007989746016, 52.001111228694654 ], [ -115.4267920324681, 52.001167966349414 ], [ -115.426082410381781, 52.001318943489551 ], [ -115.425372753606183, 52.001436155272025 ], [ -115.424772500630638, 52.001560785713671 ], [ -115.423701936359834, 52.001709501149591 ], [ -115.423532385430065, 52.001721934388804 ], [ -115.423430017154402, 52.001795528171051 ], [ -115.42268669900443, 52.002235603716706 ], [ -115.422248602064144, 52.002448862797934 ], [ -115.422045065208252, 52.002526385120724 ], [ -115.421662577469064, 52.002672063926646 ], [ -115.421329880386679, 52.002819686628854 ], [ -115.421270409026519, 52.002841362533132 ], [ -115.421226813069481, 52.002854999996416 ], [ -115.420988798919794, 52.002929455747392 ], [ -115.42044078517344, 52.003100882759711 ], [ -115.419546014104696, 52.003345757781709 ], [ -115.418795336588119, 52.003472624282196 ], [ -115.417951524241346, 52.003570962711137 ], [ -115.417145630100762, 52.003623874332455 ], [ -115.416353220453971, 52.003639303083666 ], [ -115.415996832433109, 52.003629859765972 ], [ -115.415427835716187, 52.003595843036059 ], [ -115.415044229932647, 52.003560008816628 ], [ -115.414911822218443, 52.003605817219935 ], [ -115.414129495241284, 52.004096727016396 ], [ -115.413111183317611, 52.004596046247372 ], [ -115.412041430817908, 52.005022427060823 ], [ -115.411262332896172, 52.005393543542745 ], [ -115.410904780644429, 52.005549818715842 ], [ -115.410404652440079, 52.005749883386123 ], [ -115.409477855359938, 52.006045529784316 ], [ -115.409065694826452, 52.006146843605656 ], [ -115.408386745854685, 52.006313736545309 ], [ -115.407369114999057, 52.006494029516524 ], [ -115.40713320977909, 52.006520533539138 ], [ -115.406932197860812, 52.006589220324273 ], [ -115.406524377132641, 52.006714827191452 ], [ -115.40535585571017, 52.007036976997455 ], [ -115.404878110334607, 52.00714340311599 ], [ -115.404777907694282, 52.007172848283894 ], [ -115.404628315765947, 52.007203954644005 ], [ -115.404146211298965, 52.00729234237545 ], [ -115.403887112430439, 52.007339844211927 ], [ -115.403076265647584, 52.007452497936598 ], [ -115.402747461091238, 52.007476527899783 ], [ -115.401567739492208, 52.007481612731851 ], [ -115.401038230207135, 52.007447535432441 ], [ -115.400685661251245, 52.007562111447768 ], [ -115.400203456334296, 52.007707866178947 ], [ -115.400037496539355, 52.007732798769624 ], [ -115.399816994277231, 52.007820568331795 ], [ -115.398560653496531, 52.008155749771952 ], [ -115.397813182930932, 52.008315692698119 ], [ -115.397454622779222, 52.008374434500624 ], [ -115.397233497454806, 52.00839652373007 ], [ -115.396915120452988, 52.00842832587702 ], [ -115.396830822572639, 52.008452948250358 ], [ -115.396711360790789, 52.008464743563088 ], [ -115.396641444877332, 52.008471646764441 ], [ -115.396438897498953, 52.008527703196101 ], [ -115.396357006971954, 52.008552322553939 ], [ -115.395968603752038, 52.008614764026163 ], [ -115.395517237553861, 52.008687325136151 ], [ -115.395458020531478, 52.008697339045554 ], [ -115.395410200221605, 52.008702428943884 ], [ -115.394645443876882, 52.008783851754664 ], [ -115.394229608771681, 52.008817788869649 ], [ -115.393753277030925, 52.008844946235726 ], [ -115.393278739671587, 52.00885888175484 ], [ -115.392935907585425, 52.008859510000832 ], [ -115.392446946923627, 52.008846540519535 ], [ -115.392080462729282, 52.008826386337702 ], [ -115.391264593700924, 52.008741742984547 ], [ -115.39089953768999, 52.008685599338158 ], [ -115.390288777066871, 52.008567218402987 ], [ -115.389407907027405, 52.008359862061141 ], [ -115.388429055302382, 52.008199305138646 ], [ -115.388185691469303, 52.008161502396995 ], [ -115.387846339624446, 52.008535522986385 ], [ -115.387655581440171, 52.00871275386222 ], [ -115.387553495636126, 52.00888987906108 ], [ -115.387165264657327, 52.009410883785826 ], [ -115.386636316055004, 52.009882366353857 ], [ -115.386510282983792, 52.00997267940042 ], [ -115.386338278323819, 52.010091511489129 ], [ -115.385810723370639, 52.010408822098384 ], [ -115.385052330872597, 52.010740217788516 ], [ -115.384192933954822, 52.010989179460267 ] ] ] ] } },
{ "type": "Feature", "properties": { "PSCW_NAME": "Ya Ha Tinda Ranch Road Corridor", "PSCW_CODE": "CW003", "GlobalID": "{471C5E72-2AB0-4ECF-85EC-3E044DC0E91A}" }, "geometry": { "type": "MultiPolygon", "coordinates": [ [ [ [ -115.584215399210763, 51.7513663942213 ], [ -115.583778584763337, 51.751366232172487 ], [ -115.573109816003608, 51.751361799372454 ], [ -115.573021613127182, 51.751282874510316 ], [ -115.572608458979118, 51.750844355742238 ], [ -115.572544550030969, 51.750762628739054 ], [ -115.572090059417164, 51.750281969961478 ], [ -115.571795705071409, 51.750028931730689 ], [ -115.571228818545094, 51.749590070412708 ], [ -115.57026361971414, 51.748881857961479 ], [ -115.568146698436507, 51.747320395436141 ], [ -115.566123652015619, 51.745944926069924 ], [ -115.564083311381438, 51.744583534304368 ], [ -115.563241422810151, 51.744013036454085 ], [ -115.562773538633465, 51.74369596951032 ], [ -115.562609502181516, 51.743595700914256 ], [ -115.562073819036485, 51.743128490893412 ], [ -115.561779445192286, 51.742744340587414 ], [ -115.561683082338476, 51.742608955382046 ], [ -115.561339978250956, 51.742126910698261 ], [ -115.561214521283048, 51.741925532382346 ], [ -115.560899919227793, 51.741366679450884 ], [ -115.560626478556685, 51.74092527763645 ], [ -115.560309043080977, 51.740451573468647 ], [ -115.559708672017493, 51.739818086998142 ], [ -115.559674635476327, 51.739781639358824 ], [ -115.558732912603915, 51.738758053216863 ], [ -115.558018520514253, 51.737971126843327 ], [ -115.557945937027952, 51.737891171105076 ], [ -115.557696720124937, 51.737873532334781 ], [ -115.557350340557505, 51.737841787231851 ], [ -115.556182252016526, 51.737710111970408 ], [ -115.555221004057245, 51.737641720614413 ], [ -115.555004723927482, 51.737623522644498 ], [ -115.553913958212931, 51.737517493495432 ], [ -115.553344405263104, 51.737478566198071 ], [ -115.55287795379941, 51.737490499557225 ], [ -115.552823643920291, 51.737491716236242 ], [ -115.551381092141, 51.737519414165142 ], [ -115.550018211568727, 51.737545113352148 ], [ -115.549803765115485, 51.737557779165726 ], [ -115.548385474448168, 51.737779835407217 ], [ -115.547045926973411, 51.73799160449051 ], [ -115.546930204415688, 51.738009041460664 ], [ -115.545662583566809, 51.738190695418091 ], [ -115.544603048153903, 51.738342518762956 ], [ -115.544255298854452, 51.738392346628459 ], [ -115.543901446004185, 51.738548625240426 ], [ -115.543067186145151, 51.738794858974785 ], [ -115.543023485064623, 51.738804828170899 ], [ -115.54266828076004, 51.738884757257907 ], [ -115.541821536678, 51.739027331992908 ], [ -115.540901936062141, 51.739081559576945 ], [ -115.5408230970136, 51.739081558843147 ], [ -115.540142461237267, 51.739078379958649 ], [ -115.539818004063989, 51.73907602206895 ], [ -115.538472326583275, 51.738958038248462 ], [ -115.537922143386623, 51.738863914522547 ], [ -115.536844020498251, 51.738597660271786 ], [ -115.536678169184654, 51.738542962920079 ], [ -115.536299175772072, 51.738448612151494 ], [ -115.536061962000474, 51.73841031172892 ], [ -115.535791954519794, 51.738366715037245 ], [ -115.535741454187573, 51.738352374624569 ], [ -115.534085563248894, 51.737977514484307 ], [ -115.533511758164593, 51.737885353281378 ], [ -115.533201427310416, 51.737938493431514 ], [ -115.532281836335144, 51.737992653615805 ], [ -115.531361074650832, 51.737946846162139 ], [ -115.53043899565472, 51.737796194621872 ], [ -115.529461455682181, 51.737576426272206 ], [ -115.529099402973898, 51.737485525393431 ], [ -115.528227134024206, 51.737242930827264 ], [ -115.52792346422973, 51.737182158573781 ], [ -115.526340300758747, 51.736668986280478 ], [ -115.525701469857637, 51.73636715232248 ], [ -115.525334976556351, 51.736348899437182 ], [ -115.524441073216792, 51.736204470411018 ], [ -115.523601159614387, 51.735965855499686 ], [ -115.523416829884795, 51.735886939935227 ], [ -115.522865111823009, 51.735845618722493 ], [ -115.522557460837206, 51.735805835914526 ], [ -115.52186138418881, 51.735684541335885 ], [ -115.52102149331931, 51.735445908921243 ], [ -115.520685323271991, 51.73531686231307 ], [ -115.519127394075767, 51.734667711212126 ], [ -115.51785045873477, 51.734152644861013 ], [ -115.51764715215046, 51.734066400321154 ], [ -115.516957400282905, 51.73375896120541 ], [ -115.516743721968723, 51.73370280431503 ], [ -115.515575213338522, 51.733614007519826 ], [ -115.514465996738267, 51.733453118037509 ], [ -115.51299640679531, 51.733133205954651 ], [ -115.51242612928354, 51.732985343907259 ], [ -115.511257607666721, 51.73263133499902 ], [ -115.510442021723932, 51.73238736745715 ], [ -115.509431887987461, 51.732234374618571 ], [ -115.508699978401197, 51.732087848056779 ], [ -115.507463402272577, 51.731777118461622 ], [ -115.506888230740131, 51.731606919837184 ], [ -115.505462375160633, 51.731117603073116 ], [ -115.505024841739711, 51.730949736991327 ], [ -115.503817632476597, 51.730434667168112 ], [ -115.503764815583523, 51.730411837158918 ], [ -115.50302310234126, 51.730087059384289 ], [ -115.50282134426962, 51.729994189438749 ], [ -115.501750305903954, 51.729476308000699 ], [ -115.501672076799267, 51.729437740169018 ], [ -115.501637913031075, 51.729420567322251 ], [ -115.501571399944496, 51.729408565603073 ], [ -115.501251291048746, 51.729336847415183 ], [ -115.501083965541639, 51.729328054108031 ], [ -115.499941568897299, 51.729321033452855 ], [ -115.499666592772613, 51.729294767449623 ], [ -115.499158466597109, 51.729476827086636 ], [ -115.498356711911882, 51.729710972898609 ], [ -115.49746629881723, 51.729863175935648 ], [ -115.49654684751566, 51.729917048814642 ], [ -115.496489091912963, 51.729917096791006 ], [ -115.495602952307465, 51.72991484006463 ], [ -115.495384863771392, 51.729952129352789 ], [ -115.494720828603548, 51.730329522121352 ], [ -115.494019499892033, 51.730749853477704 ], [ -115.493524510772971, 51.731012037944353 ], [ -115.492384631414552, 51.731544319046492 ], [ -115.490826788672877, 51.732045959483102 ], [ -115.489401431869851, 51.732331436672276 ], [ -115.488730001499192, 51.732436389952348 ], [ -115.487810488816507, 51.732490193022691 ], [ -115.48747007392646, 51.732484810787767 ], [ -115.485646510970639, 51.732419506107703 ], [ -115.48582037579493, 51.732304242494692 ], [ -115.485933338965395, 51.732193190961453 ], [ -115.486016277672945, 51.732059766108989 ], [ -115.486125028393388, 51.731764825499994 ], [ -115.486193315563412, 51.731636374174826 ], [ -115.486163747508783, 51.731486684838799 ], [ -115.48595667359416, 51.731246351349142 ], [ -115.48591124806137, 51.731121074290819 ], [ -115.48604787021219, 51.731019526005795 ], [ -115.486201480496788, 51.730936165306744 ], [ -115.486378896898245, 51.730871468526821 ], [ -115.486613728517838, 51.730656315425236 ], [ -115.486940012985954, 51.730492657920159 ], [ -115.487124390935449, 51.730426290436128 ], [ -115.487421524780018, 51.730428489798776 ], [ -115.487663645283163, 51.730453831517799 ], [ -115.487898244679684, 51.730421528013927 ], [ -115.487970755866584, 51.730288187203413 ], [ -115.487986156918353, 51.730128387272579 ], [ -115.487833543521603, 51.729876240726661 ], [ -115.488126227097212, 51.729686447577208 ], [ -115.488165306448877, 51.729532913187491 ], [ -115.488094474161613, 51.729401391068819 ], [ -115.488159063266082, 51.72926327517176 ], [ -115.488070146596314, 51.729136224934969 ], [ -115.488231887188547, 51.728881800208057 ], [ -115.488261326467054, 51.728727277683703 ], [ -115.488170668135268, 51.728599704953467 ], [ -115.487932865340269, 51.72838445468981 ], [ -115.4879333697302, 51.728145939210741 ], [ -115.488143283297248, 51.728092378033672 ], [ -115.488271661080603, 51.728007088182409 ], [ -115.48849301647742, 51.727774779479255 ], [ -115.488863649380008, 51.727653875760858 ], [ -115.488932787609784, 51.727523256635891 ], [ -115.488953266618239, 51.72735909612085 ], [ -115.489053946953121, 51.72724221952317 ], [ -115.489188486821561, 51.72697563368736 ], [ -115.48922750258572, 51.726822105360036 ], [ -115.489328182497616, 51.726703614789322 ], [ -115.489589033689938, 51.72668078245826 ], [ -115.489812161546624, 51.7266388593168 ], [ -115.489968642354839, 51.72656734311218 ], [ -115.490087640005825, 51.72645568541742 ], [ -115.490178512827327, 51.726329202440169 ], [ -115.490319652638959, 51.726234086573001 ], [ -115.490637208181212, 51.726096795550561 ], [ -115.490951545166425, 51.72601466644533 ], [ -115.491757531706568, 51.725851188136524 ], [ -115.492030047413522, 51.725846278020249 ], [ -115.492458397516813, 51.725906903008394 ], [ -115.493034113540972, 51.725924553135187 ], [ -115.493525007561203, 51.725959803917419 ], [ -115.493918477898148, 51.725952478725603 ], [ -115.494119755889983, 51.725948731311483 ], [ -115.494204880435021, 51.725922718485535 ], [ -115.494260790959331, 51.725836202952458 ], [ -115.494407273479979, 51.725748576702493 ], [ -115.494669310759406, 51.725738131239822 ], [ -115.494847198464981, 51.725805575965815 ], [ -115.495064822201954, 51.725787427182659 ], [ -115.495314391553265, 51.725574814690205 ], [ -115.495471273087304, 51.72548763974752 ], [ -115.495848830597467, 51.725362858684001 ], [ -115.496156884400307, 51.725201497557251 ], [ -115.496492023151404, 51.725046368000392 ], [ -115.496564335342583, 51.724907639550736 ], [ -115.496561616540248, 51.724564588571212 ], [ -115.496585619045049, 51.724402027788194 ], [ -115.496547878519095, 51.7242372993828 ], [ -115.496393159743164, 51.72415778425129 ], [ -115.496013579250686, 51.724044159736287 ], [ -115.495966552934519, 51.723891392397171 ], [ -115.496063386668354, 51.72342232239756 ], [ -115.496010220001992, 51.723267458173638 ], [ -115.49586731383414, 51.723170575260838 ], [ -115.495674046509393, 51.723114059475201 ], [ -115.495175421600209, 51.7230700165969 ], [ -115.494965547122533, 51.723012564937257 ], [ -115.494813119389391, 51.722917927387428 ], [ -115.494729618932467, 51.722845291687577 ], [ -115.49538096260504, 51.722653309397337 ], [ -115.496271246367087, 51.72250112081629 ], [ -115.497190550178487, 51.722447248749951 ], [ -115.49811095050579, 51.722493332097059 ], [ -115.499004484734954, 51.722637968663399 ], [ -115.499251940983413, 51.72269709108334 ], [ -115.499297266343063, 51.722708737665016 ], [ -115.499403131379225, 51.722714332196496 ], [ -115.500174653831991, 51.722742245654729 ], [ -115.501386539076393, 51.722749690207245 ], [ -115.501780921706739, 51.722761247584025 ], [ -115.502840108539374, 51.722816910118389 ], [ -115.504013978078859, 51.722976354115843 ], [ -115.504637742008711, 51.723007542735033 ], [ -115.505531326689308, 51.723152121940139 ], [ -115.506370913694298, 51.723390864816153 ], [ -115.507070828735138, 51.723687299479607 ], [ -115.507154086590461, 51.723727880240162 ], [ -115.508299638165553, 51.724303643103106 ], [ -115.509232120006658, 51.724754497986318 ], [ -115.509844846239105, 51.725022779854058 ], [ -115.510813278829133, 51.725435951183528 ], [ -115.511734388674725, 51.725752039695458 ], [ -115.512317688791853, 51.725898610028807 ], [ -115.513494861268441, 51.726076894542935 ], [ -115.514538826983113, 51.726309182744075 ], [ -115.515892400170316, 51.726714117123137 ], [ -115.51679455555599, 51.726987421545289 ], [ -115.517431376444989, 51.727126048042251 ], [ -115.518768602191571, 51.727227656946759 ], [ -115.520190187171067, 51.727463494707422 ], [ -115.521632338002405, 51.727842503556516 ], [ -115.522656849321791, 51.728199575450667 ], [ -115.523726711961231, 51.728676414816263 ], [ -115.52493352623695, 51.729163170962678 ], [ -115.524999659213805, 51.729190282810187 ], [ -115.525430387951658, 51.729369751367969 ], [ -115.526019101943547, 51.729399703328355 ], [ -115.526468763038821, 51.729434653838972 ], [ -115.527362541169836, 51.729579067326213 ], [ -115.528202357410493, 51.729817654498781 ], [ -115.528238919865487, 51.729833307606484 ], [ -115.52881097573956, 51.72992138027422 ], [ -115.529682218556914, 51.7300999368045 ], [ -115.529797487448249, 51.730124476270397 ], [ -115.53063732613569, 51.730363046972059 ], [ -115.531397694516855, 51.730688544117747 ], [ -115.531733564216893, 51.730876510742689 ], [ -115.532167640893633, 51.731133981824847 ], [ -115.532343377359297, 51.731103886220687 ], [ -115.533262830871507, 51.731049725182977 ], [ -115.534183457944422, 51.731095517481883 ], [ -115.53457764839527, 51.731146460884382 ], [ -115.535597832567134, 51.731303626696068 ], [ -115.536667485391391, 51.731595773129335 ], [ -115.536910291558968, 51.731633003102317 ], [ -115.53746785429864, 51.73173901573518 ], [ -115.539081286417797, 51.732107194321934 ], [ -115.53939574915934, 51.73217895107576 ], [ -115.53952895341223, 51.732217302253254 ], [ -115.540013852169238, 51.732297416535488 ], [ -115.540242042543923, 51.732249215901767 ], [ -115.540774737564675, 51.732147139881846 ], [ -115.541145943029917, 51.732085069455223 ], [ -115.542220248035747, 51.731931141744454 ], [ -115.543279642776469, 51.731779339415027 ], [ -115.544489086372877, 51.731606023390263 ], [ -115.545788697945369, 51.731400578288934 ], [ -115.547604497978995, 51.731116285113508 ], [ -115.548398371708075, 51.731031199957819 ], [ -115.549185114078909, 51.730984731786073 ], [ -115.549526137380823, 51.73097145936125 ], [ -115.551056845757671, 51.730942596738963 ], [ -115.552469200410286, 51.730915478091461 ], [ -115.553308469124374, 51.730894003828801 ], [ -115.55410646028183, 51.730910969408903 ], [ -115.555194188279344, 51.730985314151454 ], [ -115.555434041412198, 51.731005157567843 ], [ -115.556536395627418, 51.731112313043582 ], [ -115.557561611573703, 51.731185254113917 ], [ -115.557905000791422, 51.731216790335658 ], [ -115.559071471478461, 51.731348283431053 ], [ -115.559685099021621, 51.731391713499804 ], [ -115.559886878878757, 51.731408437354943 ], [ -115.561434012382492, 51.731555492717867 ], [ -115.562518463987274, 51.731733121407188 ], [ -115.563250316417552, 51.731906216808802 ], [ -115.563977942435542, 51.732118860644448 ], [ -115.564738573661856, 51.732444143428538 ], [ -115.565396686260726, 51.732846493777693 ], [ -115.56593228117913, 51.733313689302854 ], [ -115.565995625724412, 51.733382493982155 ], [ -115.56615740336828, 51.733563233643082 ], [ -115.566555107845815, 51.733975870951454 ], [ -115.56662410501049, 51.73404960969571 ], [ -115.5672509132269, 51.734739932182599 ], [ -115.567957925945223, 51.735518559341266 ], [ -115.568860338924367, 51.736499101587732 ], [ -115.569628770504124, 51.73730974578438 ], [ -115.569954243186572, 51.73771438496388 ], [ -115.570439633291912, 51.738438499600605 ], [ -115.570493002937454, 51.738521258647197 ], [ -115.570821740253905, 51.739051741909897 ], [ -115.570878232008923, 51.739147284736724 ], [ -115.571166634205369, 51.739649844611691 ], [ -115.571843271272996, 51.740101208674687 ], [ -115.573900984624174, 51.741474037858517 ], [ -115.573934785523932, 51.741496801037542 ], [ -115.576046907936686, 51.742932666092372 ], [ -115.576188103343071, 51.743032634331449 ], [ -115.578369695351569, 51.744641592346575 ], [ -115.579366846573663, 51.745373136717078 ], [ -115.579455587184995, 51.745440004421468 ], [ -115.58014984861083, 51.745977400342802 ], [ -115.58031185158066, 51.746109493012518 ], [ -115.580831478967781, 51.746556122550984 ], [ -115.581105479181247, 51.746816772850714 ], [ -115.581792938242486, 51.747543682224169 ], [ -115.581955368062907, 51.747732067380142 ], [ -115.58203266155833, 51.747801220733777 ], [ -115.582332378556529, 51.7480580067745 ], [ -115.583078120174989, 51.748684797077871 ], [ -115.583154801614072, 51.748750944779914 ], [ -115.583492612708625, 51.749050104258124 ], [ -115.583802025490982, 51.749324115816215 ], [ -115.584150690879, 51.749678551163257 ], [ -115.58427991820416, 51.749830752287565 ], [ -115.584556950611471, 51.750214724182982 ], [ -115.584803216957866, 51.750767451786018 ], [ -115.584891110232874, 51.751338326372313 ], [ -115.584887489775724, 51.751366616007246 ], [ -115.584215399210763, 51.7513663942213 ] ] ] ] } },
{ "type": "Feature", "properties": { "PSCW_NAME": "Red Deer River Corridor", "PSCW_CODE": "CW013", "GlobalID": "{E7953B16-F90E-4E0F-9EB7-684AAC30F81C}" }, "geometry": { "type": "MultiPolygon", "coordinates": [ [ [ [ -115.507070828735138, 51.723687299479607 ], [ -115.506370913694298, 51.723390864816153 ], [ -115.505531326689308, 51.723152121940139 ], [ -115.504637742008711, 51.723007542735033 ], [ -115.504013978078859, 51.722976354115843 ], [ -115.502840108539374, 51.722816910118389 ], [ -115.501780921706739, 51.722761247584025 ], [ -115.501386539076393, 51.722749690207245 ], [ -115.500174653831991, 51.722742245654729 ], [ -115.499403131379225, 51.722714332196496 ], [ -115.499297266343063, 51.722708737665016 ], [ -115.499251940983413, 51.72269709108334 ], [ -115.499004484734954, 51.722637968663399 ], [ -115.49811095050579, 51.722493332097059 ], [ -115.497190550178487, 51.722447248749951 ], [ -115.496271246367087, 51.72250112081629 ], [ -115.49538096260504, 51.722653309397337 ], [ -115.494729618932467, 51.722845291687577 ], [ -115.494813119389391, 51.722917927387428 ], [ -115.494965547122533, 51.723012564937257 ], [ -115.495175421600209, 51.7230700165969 ], [ -115.495674046509393, 51.723114059475201 ], [ -115.49586731383414, 51.723170575260838 ], [ -115.496010220001992, 51.723267458173638 ], [ -115.496063386668354, 51.72342232239756 ], [ -115.495966552934519, 51.723891392397171 ], [ -115.496013579250686, 51.724044159736287 ], [ -115.496393159743164, 51.72415778425129 ], [ -115.496547878519095, 51.7242372993828 ], [ -115.496585619045049, 51.724402027788194 ], [ -115.496561616540248, 51.724564588571212 ], [ -115.496564335342583, 51.724907639550736 ], [ -115.496492023151404, 51.725046368000392 ], [ -115.496156884400307, 51.725201497557251 ], [ -115.495848830597467, 51.725362858684001 ], [ -115.495471273087304, 51.72548763974752 ], [ -115.495314391553265, 51.725574814690205 ], [ -115.495064822201954, 51.725787427182659 ], [ -115.494847198464981, 51.725805575965815 ], [ -115.494669310759406, 51.725738131239822 ], [ -115.494407273479979, 51.725748576702493 ], [ -115.494260790959331, 51.725836202952458 ], [ -115.494204880435021, 51.725922718485535 ], [ -115.494119755889983, 51.725948731311483 ], [ -115.493918477898148, 51.725952478725603 ], [ -115.493614994193763, 51.725837617885283 ], [ -115.492795199409514, 51.725538213845539 ], [ -115.491851817930936, 51.725140502491591 ], [ -115.491015628131393, 51.724707480881122 ], [ -115.490832876638677, 51.724627083575555 ], [ -115.490304978234391, 51.724451216791955 ], [ -115.489425086717546, 51.723962741410055 ], [ -115.489193212051276, 51.72380838960175 ], [ -115.488719931827177, 51.723545172536753 ], [ -115.487286115704805, 51.723257329835178 ], [ -115.486239524711351, 51.722885631267872 ], [ -115.485636294881431, 51.722621367730184 ], [ -115.484446967352341, 51.722024871106576 ], [ -115.48411084842401, 51.721811653473452 ], [ -115.483651836119819, 51.721678992189361 ], [ -115.482857933645533, 51.721371634871296 ], [ -115.482217578321695, 51.72107622315675 ], [ -115.481207156369379, 51.720528304577975 ], [ -115.480563761669188, 51.720044883956916 ], [ -115.479839416956409, 51.719369162890779 ], [ -115.479192822488614, 51.718618489630224 ], [ -115.478686703114988, 51.718154415514228 ], [ -115.478330730345249, 51.717745461543984 ], [ -115.478287025270276, 51.717650326811608 ], [ -115.477707599355739, 51.71730907356114 ], [ -115.47707193837212, 51.716974747368546 ], [ -115.476276904890426, 51.716364867850629 ], [ -115.475944847720115, 51.716005374160908 ], [ -115.475324808833307, 51.71583218646996 ], [ -115.473231691999686, 51.714993913075091 ], [ -115.472628746085874, 51.714566059149554 ], [ -115.471795798402269, 51.714185566367661 ], [ -115.471786039040069, 51.714120802111374 ], [ -115.470601246829361, 51.713749931798915 ], [ -115.469367953970846, 51.713000599044371 ], [ -115.468428761612245, 51.712253957893758 ], [ -115.467758896501451, 51.711886614195095 ], [ -115.466974525429578, 51.711285437494567 ], [ -115.466580865942888, 51.710943612935964 ], [ -115.466391574107192, 51.710743690197326 ], [ -115.465964919300518, 51.710465028019051 ], [ -115.465571718207627, 51.710156979036803 ], [ -115.46537417857499, 51.710023553146947 ], [ -115.464805628590639, 51.709597460665989 ], [ -115.464746340358033, 51.709562365959606 ], [ -115.464180927177551, 51.709290991519374 ], [ -115.464093024949818, 51.709242948094087 ], [ -115.463677878960738, 51.709083215200053 ], [ -115.463479015130972, 51.708992476214682 ], [ -115.462583520465358, 51.708679650993055 ], [ -115.461421822428449, 51.708226388122171 ], [ -115.460476771264609, 51.707534109416315 ], [ -115.460053537705107, 51.707125984422774 ], [ -115.459773206857719, 51.706902154436065 ], [ -115.459642284552601, 51.706757887209967 ], [ -115.459139382030187, 51.706478484277334 ], [ -115.457946302074845, 51.705706904365215 ], [ -115.457319234977376, 51.70507624038607 ], [ -115.457027903965383, 51.704828223551829 ], [ -115.456800133746455, 51.704627437500299 ], [ -115.456666978511763, 51.704530836520185 ], [ -115.455895080061296, 51.703905936304167 ], [ -115.455609874722896, 51.703738506941328 ], [ -115.455315819749487, 51.703542832904091 ], [ -115.45470477667692, 51.703163057289075 ], [ -115.452973344075815, 51.701804599557661 ], [ -115.452081585648187, 51.701010399750452 ], [ -115.451915863663658, 51.700828203495909 ], [ -115.451783538193993, 51.700714857972478 ], [ -115.45107800938078, 51.700226950831784 ], [ -115.449786660082609, 51.699449754010736 ], [ -115.448759942945841, 51.69848971840397 ], [ -115.448455454390754, 51.697633033986065 ], [ -115.448311306150302, 51.697448399958596 ], [ -115.447916055492541, 51.69683855723946 ], [ -115.447644781125291, 51.695806171349808 ], [ -115.447632330291952, 51.694384095610076 ], [ -115.447667164081111, 51.694273425314968 ], [ -115.447563207190058, 51.694070837674943 ], [ -115.447354141043718, 51.693874643686513 ], [ -115.446937246799919, 51.693396396651508 ], [ -115.446586782364164, 51.693068664021993 ], [ -115.446087567553633, 51.692513150817319 ], [ -115.445975800337919, 51.692407053498684 ], [ -115.445924938678687, 51.692368704586002 ], [ -115.445304059744402, 51.691871137920067 ], [ -115.445097691106255, 51.691741260439414 ], [ -115.44454450470792, 51.691293889942905 ], [ -115.443488854640663, 51.690161234410034 ], [ -115.442547922719569, 51.688833355282313 ], [ -115.442373231560879, 51.688441487061425 ], [ -115.441645033856432, 51.687382322280868 ], [ -115.441650748265616, 51.686872620569233 ], [ -115.441618613861465, 51.686813105193281 ], [ -115.441373551955223, 51.686469875738339 ], [ -115.441167513071591, 51.685994985381406 ], [ -115.44076295487514, 51.685258774916413 ], [ -115.44061666328696, 51.684903413076917 ], [ -115.440463205789868, 51.684690414178618 ], [ -115.439703617361118, 51.683336353050919 ], [ -115.439602449356073, 51.683188362942218 ], [ -115.439252441060148, 51.682801726831265 ], [ -115.438737311596086, 51.681929302857412 ], [ -115.438468603858368, 51.681417473889809 ], [ -115.437739888316926, 51.680400723623791 ], [ -115.437465976045104, 51.680108129775618 ], [ -115.436808966846712, 51.679480832196731 ], [ -115.43613653295327, 51.678594643672717 ], [ -115.436016573488459, 51.678474795701632 ], [ -115.435406967082685, 51.677966822786956 ], [ -115.434552353202974, 51.676758790134819 ], [ -115.434091870762785, 51.676435940578884 ], [ -115.433528183881933, 51.676126334445811 ], [ -115.433228588410998, 51.675997468741514 ], [ -115.431905613441899, 51.675325475889039 ], [ -115.431184895142906, 51.674780012463138 ], [ -115.431128615519953, 51.674742665043922 ], [ -115.430723305647462, 51.674514370176453 ], [ -115.430067058418302, 51.674207096299831 ], [ -115.429569612638232, 51.673857139567531 ], [ -115.429010292044694, 51.673532333598232 ], [ -115.427154278131354, 51.672420934188104 ], [ -115.426256787427221, 51.671721078926254 ], [ -115.426141219768922, 51.671606264932883 ], [ -115.425022688561171, 51.671432133067754 ], [ -115.425010214712003, 51.671429983627014 ], [ -115.424080954139754, 51.671374261455796 ], [ -115.422824731662317, 51.671173776978023 ], [ -115.421652169046183, 51.670874845657444 ], [ -115.420586749633685, 51.670483078502848 ], [ -115.419983317186947, 51.670194055093859 ], [ -115.418917262489032, 51.669723753323083 ], [ -115.418785005107253, 51.669686875579913 ], [ -115.418587809106882, 51.669638336153525 ], [ -115.418249261429125, 51.669581856683251 ], [ -115.417433841425463, 51.669409938544774 ], [ -115.41594194344124, 51.668990626685151 ], [ -115.415321320812083, 51.668789556621718 ], [ -115.414159653984939, 51.668483980062348 ], [ -115.413057427862668, 51.668065745200607 ], [ -115.412367827945957, 51.667866687241002 ], [ -115.409669086139743, 51.666638353381593 ], [ -115.408948478828847, 51.666214127804658 ], [ -115.408378131409961, 51.66604445147459 ], [ -115.407691593667167, 51.665715805318357 ], [ -115.405741379474136, 51.664967887073246 ], [ -115.405490981623771, 51.664847859063173 ], [ -115.403977292518533, 51.664771468746402 ], [ -115.402961261974525, 51.664622285727866 ], [ -115.401122067370977, 51.664340634582089 ], [ -115.400877532521775, 51.664274898194705 ], [ -115.399340919140315, 51.664038305549504 ], [ -115.398781648068535, 51.663984345852839 ], [ -115.398445685250692, 51.663977650194447 ], [ -115.396264149644935, 51.663985850897895 ], [ -115.394486452067866, 51.664023641651255 ], [ -115.393446055488042, 51.664028518446649 ], [ -115.392229693792615, 51.66399828370956 ], [ -115.390919298887098, 51.66383782748234 ], [ -115.389756143118731, 51.663661988540191 ], [ -115.388747136685055, 51.663453902136204 ], [ -115.387261951061831, 51.663170139885935 ], [ -115.386930775238085, 51.663138702714399 ], [ -115.386491358247383, 51.663086027429024 ], [ -115.385653955671501, 51.662985649068375 ], [ -115.385100106857081, 51.662940354004441 ], [ -115.383728020489215, 51.66279345611715 ], [ -115.382627975875906, 51.662600529680205 ], [ -115.380734832920893, 51.66218052738715 ], [ -115.378991629748782, 51.661773769046228 ], [ -115.378562215129222, 51.661690983628468 ], [ -115.377611128162499, 51.661547891058191 ], [ -115.37620849567702, 51.661257556777237 ], [ -115.375385701207591, 51.66105006790567 ], [ -115.374752310945595, 51.660944780239504 ], [ -115.374055855117646, 51.660843213679442 ], [ -115.373009402807043, 51.660643517369941 ], [ -115.37276114955047, 51.660596140214281 ], [ -115.371951794454375, 51.66048244921231 ], [ -115.371787236295361, 51.660459330909973 ], [ -115.36985613650161, 51.660310239395926 ], [ -115.36782653563165, 51.660130018942311 ], [ -115.367667627249972, 51.660129448271938 ], [ -115.367199035768948, 51.660171166744206 ], [ -115.366183773339756, 51.660220239240275 ], [ -115.364965891382212, 51.660238968543524 ], [ -115.363068888803525, 51.660101378899526 ], [ -115.359188804216856, 51.659840526845471 ], [ -115.358178215757505, 51.659661699066305 ], [ -115.356667078379175, 51.659442157313514 ], [ -115.356346409396906, 51.659474105647554 ], [ -115.355765425220866, 51.659447883233241 ], [ -115.354985314964779, 51.659500015005207 ], [ -115.354611585179995, 51.659599948764551 ], [ -115.353247127967819, 51.659750462346636 ], [ -115.351672012774827, 51.659812801809764 ], [ -115.350076411170051, 51.659688161206944 ], [ -115.349380271170091, 51.659626582347954 ], [ -115.348356394048352, 51.659567495411849 ], [ -115.347413014857537, 51.65946528792697 ], [ -115.346091298354878, 51.659297133905653 ], [ -115.345103655992617, 51.659102371492189 ], [ -115.343896938532438, 51.659160518892321 ], [ -115.34351763794578, 51.65924917482856 ], [ -115.342545286202736, 51.659490465910501 ], [ -115.34146132976413, 51.659714957100121 ], [ -115.340262309511573, 51.660005789606842 ], [ -115.338922041214758, 51.660064356090679 ], [ -115.338018616231992, 51.660119361111462 ], [ -115.33760891057905, 51.660118352126609 ], [ -115.33737375980067, 51.66014787198781 ], [ -115.334354097190896, 51.660365181815749 ], [ -115.332074661484626, 51.659892084177898 ], [ -115.332051911784802, 51.659887359218459 ], [ -115.331728376370336, 51.659831974519193 ], [ -115.330487383526318, 51.659619497016685 ], [ -115.329690394643478, 51.659424439828022 ], [ -115.327436168433493, 51.658935213321591 ], [ -115.326959579913137, 51.658801727024091 ], [ -115.325196761289902, 51.658788702033313 ], [ -115.324937552874147, 51.658900717273283 ], [ -115.324840045863809, 51.658979406614428 ], [ -115.324729149204373, 51.65914526795887 ], [ -115.324550004086461, 51.659564007257359 ], [ -115.324281156926688, 51.660072839282456 ], [ -115.322724661622658, 51.661320880116733 ], [ -115.321117357613218, 51.662276371014379 ], [ -115.32025561040831, 51.662690504178414 ], [ -115.319594024126573, 51.662977489178367 ], [ -115.318433965534894, 51.663559066387606 ], [ -115.318081306248786, 51.663705237485793 ], [ -115.317598900626209, 51.663919320426281 ], [ -115.31705050291589, 51.665097730026524 ], [ -115.315847801718803, 51.666402548932254 ], [ -115.313980213598711, 51.667156200002388 ], [ -115.311917238623991, 51.667643523360773 ], [ -115.310066659496798, 51.667526894098359 ], [ -115.307817442453299, 51.667137278699208 ], [ -115.30479108918793, 51.665975953704425 ], [ -115.303952032956985, 51.665676935970815 ], [ -115.302067504269473, 51.665009568467433 ], [ -115.301341322460217, 51.664585151213799 ], [ -115.299897226526454, 51.663880343913384 ], [ -115.299836293511419, 51.663859199192721 ], [ -115.299576666767805, 51.663788376148979 ], [ -115.299048124294245, 51.663613040794495 ], [ -115.2974881184754, 51.663546328777279 ], [ -115.295484732301148, 51.66351552929919 ], [ -115.294915926270804, 51.663472013645631 ], [ -115.294318664827784, 51.663449301823114 ], [ -115.293618637668914, 51.663425446703052 ], [ -115.293108001785669, 51.663415763861707 ], [ -115.291748547903893, 51.663419131375498 ], [ -115.290481221204516, 51.663190717911206 ], [ -115.289649957455595, 51.663008384466785 ], [ -115.288731112783537, 51.662706505403207 ], [ -115.288337616960732, 51.66254475185233 ], [ -115.28761168406848, 51.662255131392861 ], [ -115.286916265674279, 51.661864961045254 ], [ -115.286436328755173, 51.661650302181968 ], [ -115.285857465206846, 51.661269283867931 ], [ -115.28552804194338, 51.661077956960561 ], [ -115.285342674202795, 51.660963560809932 ], [ -115.284999094028265, 51.660863278584181 ], [ -115.284898758935924, 51.660819071393561 ], [ -115.284068818545961, 51.660700979986004 ], [ -115.282393356390358, 51.660894877212222 ], [ -115.281049449725685, 51.66100289519251 ], [ -115.280165747805171, 51.660974880821627 ], [ -115.283241274819289, 51.657256362545994 ], [ -115.286485389903987, 51.656725304149447 ], [ -115.286373412067533, 51.65658466341042 ], [ -115.286110965125317, 51.656304194564626 ], [ -115.285760752160499, 51.6559978275112 ], [ -115.285562017900077, 51.655823967412289 ], [ -115.285471065969261, 51.655756235459862 ], [ -115.285453948754153, 51.655747137803658 ], [ -115.28594632952796, 51.655689485653838 ], [ -115.286191822956539, 51.6553522307712 ], [ -115.286801628099582, 51.654939770573456 ], [ -115.287382781244546, 51.654687973682115 ], [ -115.287411326310632, 51.654678366587881 ], [ -115.288268337579169, 51.654463270492606 ], [ -115.288721849635579, 51.654608775270603 ], [ -115.28928419097393, 51.654825858468016 ], [ -115.289385028780444, 51.654857713061197 ], [ -115.290133195202856, 51.655061610797858 ], [ -115.290677486810466, 51.655301414793797 ], [ -115.290834454601708, 51.655356692631038 ], [ -115.291701321955074, 51.655683279309798 ], [ -115.292543867525637, 51.656138152085809 ], [ -115.2928655821934, 51.65633667382081 ], [ -115.293319659375186, 51.656600372833395 ], [ -115.293432466206781, 51.656674618024169 ], [ -115.293567990444942, 51.656735228398169 ], [ -115.293911124727899, 51.656882409913848 ], [ -115.294315694738501, 51.656904268758403 ], [ -115.294930861356676, 51.656880220262998 ], [ -115.295885442488171, 51.656916518932924 ], [ -115.296263135802576, 51.656945415118948 ], [ -115.297981886407797, 51.656971832426258 ], [ -115.299636706677489, 51.657042602663694 ], [ -115.300455473900328, 51.657064346415105 ], [ -115.302119107112446, 51.657279143605543 ], [ -115.303018372074618, 51.657565467117607 ], [ -115.303499298541951, 51.657673249250536 ], [ -115.304549328818794, 51.657959679474651 ], [ -115.305776390983141, 51.658385467589859 ], [ -115.307696666623656, 51.659322628948097 ], [ -115.308243436941069, 51.659589459286366 ], [ -115.308636053478025, 51.659608045647758 ], [ -115.308978969045739, 51.659515625792402 ], [ -115.3121819017001, 51.658241763429814 ], [ -115.313240470617728, 51.657711098483759 ], [ -115.313991467738973, 51.657385350487665 ], [ -115.314209136759047, 51.657280752572767 ], [ -115.314346822550789, 51.656961237449444 ], [ -115.314681786611288, 51.656276738141528 ], [ -115.315043652484349, 51.655387322704733 ], [ -115.316621192780318, 51.653808501764964 ], [ -115.318084213173449, 51.652887179131206 ], [ -115.320181187835573, 51.652289551853599 ], [ -115.321258546406099, 51.652176267963725 ], [ -115.321847545728687, 51.652088970208411 ], [ -115.323238129803656, 51.651942889817846 ], [ -115.325325359846445, 51.652135822262409 ], [ -115.325894920568672, 51.652209675727882 ], [ -115.32594449923657, 51.652213687258651 ], [ -115.326861467438547, 51.652220460663493 ], [ -115.328324379216426, 51.652192767618445 ], [ -115.330235496052381, 51.652418608989294 ], [ -115.331657285583645, 51.652882199808246 ], [ -115.333371039003168, 51.653254115551604 ], [ -115.333837379557991, 51.65336825863222 ], [ -115.334535791037865, 51.653487847832558 ], [ -115.334535866322227, 51.653487860213147 ], [ -115.335132841595339, 51.653590064957847 ], [ -115.335423611561879, 51.653650455795649 ], [ -115.335529686927529, 51.65365890223844 ], [ -115.335716234323613, 51.653643170841512 ], [ -115.336572588325041, 51.653535662154603 ], [ -115.337522801190048, 51.653538005935268 ], [ -115.337866351813915, 51.653524218049895 ], [ -115.338911271182255, 51.653307816920147 ], [ -115.340085939864267, 51.653016321503301 ], [ -115.342029343230408, 51.652668327052844 ], [ -115.343201116018307, 51.65258844829377 ], [ -115.34572260683106, 51.652553387099267 ], [ -115.346980649246646, 51.65259653210024 ], [ -115.348117241231591, 51.65279382374667 ], [ -115.34875682136402, 51.652919947743769 ], [ -115.34938074432398, 51.652999323186108 ], [ -115.349754697935921, 51.653039837156065 ], [ -115.350614149149578, 51.653089431166258 ], [ -115.351480143451028, 51.653166033733648 ], [ -115.35206766939703, 51.653155695634872 ], [ -115.353257757115855, 51.652930596820234 ], [ -115.354852019843705, 51.652736746681896 ], [ -115.356312429275931, 51.652823159184535 ], [ -115.35693847678607, 51.652896097130174 ], [ -115.357236152167161, 51.652915765798383 ], [ -115.358631836739846, 51.652970147350921 ], [ -115.359075299866547, 51.65303482972152 ], [ -115.360829883462614, 51.653289731620177 ], [ -115.361218991795681, 51.653358587156184 ], [ -115.364249719406359, 51.653562319751131 ], [ -115.365450063987112, 51.653649382460372 ], [ -115.365642814440847, 51.653646416862998 ], [ -115.366038530098166, 51.653627290354024 ], [ -115.366944734787822, 51.65354660394339 ], [ -115.368608208366169, 51.653552580391953 ], [ -115.37125521416219, 51.653787628004736 ], [ -115.373608359851431, 51.653969292117672 ], [ -115.374282310868878, 51.654063972344836 ], [ -115.375481620707674, 51.654232435385666 ], [ -115.376112266665515, 51.654352788353492 ], [ -115.376817725316755, 51.65448741007912 ], [ -115.37724645734977, 51.654549931326322 ], [ -115.378751586595058, 51.654798497470587 ], [ -115.37986975124042, 51.655080469025997 ], [ -115.380628471934074, 51.655237514067366 ], [ -115.381148803428204, 51.655300670169758 ], [ -115.382418437314044, 51.655545433491007 ], [ -115.384370026171482, 51.656000808172685 ], [ -115.385844210290117, 51.656327855770762 ], [ -115.386067216312696, 51.656366965968921 ], [ -115.386687598962979, 51.656433382968132 ], [ -115.387346510701249, 51.656487267849634 ], [ -115.387527555419467, 51.656508979871177 ], [ -115.38849342690402, 51.656624763266933 ], [ -115.388730587452457, 51.656653192211081 ], [ -115.389625996213894, 51.656738183745311 ], [ -115.391965579373789, 51.657185184342893 ], [ -115.392675141129573, 51.657331515637303 ], [ -115.393191541549371, 51.657409579542623 ], [ -115.393470133641031, 51.657443693009505 ], [ -115.393617563000447, 51.65744735671867 ], [ -115.394265940764001, 51.657444316527268 ], [ -115.396051523309055, 51.657406353226079 ], [ -115.398583179006977, 51.657396830779568 ], [ -115.399765651255393, 51.657420392227657 ], [ -115.400708106307818, 51.657511325104075 ], [ -115.402068346557627, 51.65760064338096 ], [ -115.403152891650095, 51.657671749941237 ], [ -115.404648559043096, 51.658103957123068 ], [ -115.405441417488802, 51.65822536797166 ], [ -115.40562997941521, 51.658253054340705 ], [ -115.406130328226538, 51.658278303211553 ], [ -115.406777420428213, 51.658264751286083 ], [ -115.408320509208508, 51.658367729917835 ], [ -115.409388684448956, 51.658607241024896 ], [ -115.410852171867745, 51.659079406901292 ], [ -115.413710663389267, 51.660293490447749 ], [ -115.41394845874558, 51.660407318458979 ], [ -115.414648258853447, 51.66061548969909 ], [ -115.415663633047984, 51.661129029836346 ], [ -115.416389594682073, 51.661543083746032 ], [ -115.417771991469024, 51.662172209479316 ], [ -115.418056385564114, 51.662254282695422 ], [ -115.419002673335712, 51.662613294246107 ], [ -115.419834099743881, 51.662831948787492 ], [ -115.42056929299973, 51.663070097392456 ], [ -115.421321547353614, 51.663281513027201 ], [ -115.421323014042443, 51.663281821681842 ], [ -115.421917733584905, 51.663381041952782 ], [ -115.422899851598643, 51.663622801188879 ], [ -115.424194496287029, 51.663983809441874 ], [ -115.425763025189653, 51.664596458662949 ], [ -115.426553019974492, 51.664885615470915 ], [ -115.426945775917972, 51.664935543937453 ], [ -115.428159117185956, 51.665144581355413 ], [ -115.429049432080461, 51.66533493901057 ], [ -115.42978273968204, 51.665440899441059 ], [ -115.43136333402218, 51.665823629098725 ], [ -115.432685636609776, 51.666400236633478 ], [ -115.434387450232435, 51.66739581754598 ], [ -115.434907270484786, 51.667912167470959 ], [ -115.434995678726708, 51.667981097220149 ], [ -115.436293189029726, 51.668757979067465 ], [ -115.437163858997849, 51.669263539318898 ], [ -115.437288443040543, 51.669351176652278 ], [ -115.437473226633841, 51.669437689223962 ], [ -115.438555351810905, 51.670047156179194 ], [ -115.439143752389356, 51.670437567597915 ], [ -115.439415909740063, 51.670643522630876 ], [ -115.439597463496568, 51.670735733411703 ], [ -115.440065419978268, 51.670937001351874 ], [ -115.44144833932917, 51.671696509801023 ], [ -115.443488771814003, 51.673033173715744 ], [ -115.444359088263141, 51.674122054020337 ], [ -115.444546888884275, 51.674542348973887 ], [ -115.444610415432152, 51.674632118593394 ], [ -115.444766944338681, 51.674762529362638 ], [ -115.445447268451161, 51.675442093182866 ], [ -115.44607331801619, 51.676266943772298 ], [ -115.446480689710853, 51.676655817591573 ], [ -115.44717564904586, 51.677398016456245 ], [ -115.448360809953343, 51.679051153777365 ], [ -115.448740420787587, 51.679773937466543 ], [ -115.448895549057355, 51.680036571907308 ], [ -115.449115116861293, 51.680279059367507 ], [ -115.44958315897766, 51.680963511793877 ], [ -115.450309450576299, 51.682257740557255 ], [ -115.45064766437325, 51.682727039783813 ], [ -115.450915168083412, 51.683376503750019 ], [ -115.451297778345406, 51.684072495392563 ], [ -115.451381463795869, 51.684265287037285 ], [ -115.451496412607966, 51.684426231896424 ], [ -115.451906493887094, 51.685185417934335 ], [ -115.452164333945973, 51.686002348168323 ], [ -115.452386359123039, 51.686260159505146 ], [ -115.452545497776043, 51.686616973834887 ], [ -115.452942345315364, 51.687176854492151 ], [ -115.453282037103222, 51.68752764723294 ], [ -115.454194655428878, 51.688258913263468 ], [ -115.4545151380009, 51.688500521304825 ], [ -115.455149346574586, 51.689102450832124 ], [ -115.455630858721534, 51.689638151789588 ], [ -115.456019148404707, 51.690001187119485 ], [ -115.456333668664954, 51.690361918011746 ], [ -115.456484875877791, 51.690491577271423 ], [ -115.457010461034685, 51.691029277902025 ], [ -115.457537081757835, 51.691850318807887 ], [ -115.457982350889935, 51.692717683902835 ], [ -115.458231247318523, 51.693632560541928 ], [ -115.458258803157761, 51.69447085460078 ], [ -115.458290918085652, 51.694667962030707 ], [ -115.458626874500183, 51.695087504261068 ], [ -115.459419813909577, 51.695810661044227 ], [ -115.460647226809002, 51.69710141854015 ], [ -115.46083938349696, 51.697265986606496 ], [ -115.461053244009562, 51.697501057164253 ], [ -115.461474108804538, 51.697875817033946 ], [ -115.462626416635558, 51.698779778127857 ], [ -115.462932611837388, 51.698970063764683 ], [ -115.463123608068699, 51.699097145313637 ], [ -115.463781654681611, 51.699483407342413 ], [ -115.464894956603885, 51.700384577941641 ], [ -115.465168337036786, 51.700582882063991 ], [ -115.465633560814339, 51.700992926089029 ], [ -115.466114152923055, 51.701401999665407 ], [ -115.46636377418659, 51.701653009069858 ], [ -115.466498083071158, 51.701739857592337 ], [ -115.468007216003201, 51.702578200916697 ], [ -115.468500843749652, 51.702973877997003 ], [ -115.468780238366108, 51.703256195647313 ], [ -115.469057948131351, 51.703375330368601 ], [ -115.469230115215666, 51.703452770396815 ], [ -115.469609913444287, 51.703626058999653 ], [ -115.470423003418603, 51.703938882907714 ], [ -115.470923011602821, 51.704212149400043 ], [ -115.47165512414486, 51.704563503569865 ], [ -115.472562109682158, 51.705100319355644 ], [ -115.473353985504104, 51.705693710977179 ], [ -115.473629469805502, 51.705879759803416 ], [ -115.473967519411019, 51.706144567346342 ], [ -115.474481463822002, 51.706480199893313 ], [ -115.474978860741743, 51.706889497113153 ], [ -115.475352773998651, 51.707252044667555 ], [ -115.475403141921092, 51.707295773975368 ], [ -115.475430653877197, 51.707316858314741 ], [ -115.476171905253693, 51.707723302883522 ], [ -115.476960157064227, 51.708372355031429 ], [ -115.478182820779722, 51.708841056228245 ], [ -115.478738451562847, 51.709189540045003 ], [ -115.47898831141822, 51.70924102955194 ], [ -115.480027234154392, 51.709863283696748 ], [ -115.480111877233753, 51.709920483886741 ], [ -115.480838806175953, 51.710211592027001 ], [ -115.482138864856935, 51.710676066212784 ], [ -115.482919709102788, 51.711044125587911 ], [ -115.483701384651241, 51.711497133561515 ], [ -115.484719415752622, 51.712283338165008 ], [ -115.484779825673712, 51.712406889828358 ], [ -115.485425708790643, 51.712787249699488 ], [ -115.4858282284018, 51.713006456909127 ], [ -115.486485366264347, 51.713440372198534 ], [ -115.487032516281744, 51.713897625545606 ], [ -115.487531150956016, 51.714406701335442 ], [ -115.487838317566499, 51.71483322042873 ], [ -115.488272776653119, 51.715211847802998 ], [ -115.488944166391718, 51.715680863852775 ], [ -115.489776294011207, 51.716191631615416 ], [ -115.490953081999763, 51.716786659199613 ], [ -115.491315072540942, 51.716995392810894 ], [ -115.492075019551052, 51.717218756034832 ], [ -115.492723387086343, 51.717377868911754 ], [ -115.493903646148112, 51.717734329041058 ], [ -115.495446531413563, 51.718453734013544 ], [ -115.496614989939999, 51.719103520408531 ], [ -115.496843691068989, 51.719255745611939 ], [ -115.497479941717174, 51.719487850937831 ], [ -115.498234903670806, 51.719878784748637 ], [ -115.498461605658406, 51.719974351996228 ], [ -115.499057343732261, 51.720191914958797 ], [ -115.4997293879415, 51.720446253914318 ], [ -115.50006295889014, 51.720566663070649 ], [ -115.500426106293901, 51.720697698159235 ], [ -115.501099786776038, 51.720978541373078 ], [ -115.501723378246197, 51.721293914024649 ], [ -115.501906906148392, 51.721380626629497 ], [ -115.501907002251698, 51.721380672992176 ], [ -115.502136518542457, 51.721489102921758 ], [ -115.502746367492037, 51.721742881515418 ], [ -115.502927917937171, 51.721826080364075 ], [ -115.503268622373142, 51.72194745693065 ], [ -115.504074417711834, 51.72231902374677 ], [ -115.504507716518873, 51.722495282962917 ], [ -115.506051184314586, 51.723190313992667 ], [ -115.507070828735138, 51.723687299479607 ] ] ] ] } },
{ "type": "Feature", "properties": { "PSCW_NAME": "Harold Creek Road Corridor", "PSCW_CODE": "CW002", "GlobalID": "{53F5D7BF-86DB-479D-B63B-C9C0D85893D0}" }, "geometry": { "type": "MultiPolygon", "coordinates": [ [ [ [ -114.845367789847302, 51.476545992636069 ], [ -114.845368152837111, 51.47480458927636 ], [ -114.845368186528347, 51.47462382140192 ], [ -114.845369686857367, 51.467392663958279 ], [ -114.845369991753572, 51.465886167300802 ], [ -114.84538046939133, 51.465885608061051 ], [ -114.846294996095637, 51.465936790479041 ], [ -114.847181401511932, 51.466086380850058 ], [ -114.848012759082565, 51.466329832966792 ], [ -114.848763812190228, 51.466659751936525 ], [ -114.849411743338706, 51.467066115349411 ], [ -114.849936862684146, 51.467536577947435 ], [ -114.850323214561456, 51.468056846331443 ], [ -114.850559055947684, 51.468611114687761 ], [ -114.850579625788839, 51.468691527867357 ], [ -114.851495460938267, 51.469753983173156 ], [ -114.852413154971671, 51.470757182863395 ], [ -114.852529277754542, 51.470891237839687 ], [ -114.852843758567133, 51.471275277230966 ], [ -114.852960844665787, 51.471418258170644 ], [ -114.853710449261584, 51.472333597408806 ], [ -114.853795630528992, 51.472442512895604 ], [ -114.853927846206588, 51.472619773157803 ], [ -114.854248982234168, 51.473003790861661 ], [ -114.854385861407295, 51.473133983663701 ], [ -114.855891184627424, 51.47400216822269 ], [ -114.856033446592789, 51.474087346617971 ], [ -114.857209793407549, 51.474818527677215 ], [ -114.857670630481081, 51.475105575245202 ], [ -114.858328078493145, 51.475604742453143 ], [ -114.858492666879442, 51.47575827072972 ], [ -114.858960438768648, 51.476297280486882 ], [ -114.85913029133998, 51.476545840171248 ], [ -114.859389203878848, 51.477024644910145 ], [ -114.859923706553289, 51.476920462906762 ], [ -114.860079112676914, 51.476903697783463 ], [ -114.8605228154656, 51.476775137421647 ], [ -114.860624617232574, 51.47675823248975 ], [ -114.861104025997776, 51.47666266486862 ], [ -114.861400353993204, 51.476603592615689 ], [ -114.861848095110204, 51.476531125206478 ], [ -114.862390529202898, 51.476469455987882 ], [ -114.862876048381381, 51.476428711337483 ], [ -114.863040656153132, 51.476419736682594 ], [ -114.863182174158496, 51.476394925630949 ], [ -114.863827226982494, 51.476308620056379 ], [ -114.864188213503127, 51.476274913153183 ], [ -114.864410147627524, 51.476243164384869 ], [ -114.864820381706821, 51.476177979924827 ], [ -114.865207860971282, 51.476142438257106 ], [ -114.865252391242379, 51.476138354064872 ], [ -114.865370241190362, 51.476120950639057 ], [ -114.865547629506963, 51.476050658546534 ], [ -114.865948204603271, 51.47583800724302 ], [ -114.866238349344997, 51.475699598259197 ], [ -114.866372339691438, 51.475625667353157 ], [ -114.866557048500709, 51.475501998193202 ], [ -114.866808954053823, 51.475311179774373 ], [ -114.867183306675557, 51.475025208476751 ], [ -114.867252762975326, 51.475011617457859 ], [ -114.86739860415976, 51.474886794901089 ], [ -114.867557442273522, 51.474750847828147 ], [ -114.867612919556194, 51.474709625123388 ], [ -114.868104637828125, 51.474344248485771 ], [ -114.868458529470928, 51.474127058329543 ], [ -114.869142925678119, 51.473772699393344 ], [ -114.869498665383162, 51.473618165297808 ], [ -114.869818730527427, 51.473489582776374 ], [ -114.87025597318555, 51.47332755875189 ], [ -114.870872972291764, 51.473131918567155 ], [ -114.871259740839903, 51.473028626407405 ], [ -114.871616859023888, 51.472953385065502 ], [ -114.871741426045247, 51.472922780048286 ], [ -114.8719149578409, 51.472804283215773 ], [ -114.872781716141304, 51.472324837096053 ], [ -114.872927292655859, 51.472247210460225 ], [ -114.873710835857977, 51.471844532970024 ], [ -114.875106222164632, 51.47109047418752 ], [ -114.876305419273294, 51.470371944884427 ], [ -114.877763063880636, 51.469395708807006 ], [ -114.878610555189695, 51.468937333822339 ], [ -114.87884531710732, 51.468835487051152 ], [ -114.880038865566405, 51.468448246113496 ], [ -114.880242132503881, 51.468401744451839 ], [ -114.881109167608955, 51.468254364489376 ], [ -114.881351654338289, 51.46822675296751 ], [ -114.882292598784872, 51.468173394393524 ], [ -114.882724501053985, 51.468173189994708 ], [ -114.882849985391303, 51.468151476763076 ], [ -114.883484171257038, 51.468006365285646 ], [ -114.884009953805119, 51.467905166161444 ], [ -114.884217586213566, 51.467872509369556 ], [ -114.885473869177858, 51.467772948393709 ], [ -114.885859945619984, 51.467771566174896 ], [ -114.886593835204664, 51.467800996923714 ], [ -114.888038004851197, 51.467922559541321 ], [ -114.888096308052127, 51.467903210098406 ], [ -114.888287787701458, 51.467854334591195 ], [ -114.889769538373585, 51.467625327657281 ], [ -114.889904303436836, 51.467617121201982 ], [ -114.891245999926568, 51.467642737040251 ], [ -114.89167494481606, 51.467685505620871 ], [ -114.891876291427849, 51.467708093458327 ], [ -114.892449516820733, 51.467781018016666 ], [ -114.892541542436277, 51.467792724864253 ], [ -114.892596401255403, 51.467791790766519 ], [ -114.892928190775606, 51.467790646142944 ], [ -114.893161829633172, 51.467758569231101 ], [ -114.893338307635588, 51.467734338985544 ], [ -114.894253157383517, 51.467685178578222 ], [ -114.895326720539217, 51.46768531716625 ], [ -114.896606005885488, 51.467653109132726 ], [ -114.897252276568466, 51.467637603850115 ], [ -114.898278450017074, 51.467675671470317 ], [ -114.898813102975538, 51.467728549326957 ], [ -114.899393649239471, 51.46780714210648 ], [ -114.90083350473742, 51.46805588562335 ], [ -114.90093636183714, 51.468074358615198 ], [ -114.901924513821285, 51.468258631683632 ], [ -114.902662778442789, 51.468434949942925 ], [ -114.902982858981275, 51.468529142467354 ], [ -114.903556951837842, 51.468731447903025 ], [ -114.903940090890998, 51.468698433601766 ], [ -114.905191862831785, 51.468583600351486 ], [ -114.905568614629502, 51.468557643258144 ], [ -114.906330568554964, 51.46852241677 ], [ -114.906937962641848, 51.468516267892376 ], [ -114.907637971212495, 51.468534412056876 ], [ -114.907809962805743, 51.468540630151431 ], [ -114.908041680920945, 51.468551384153741 ], [ -114.90849149886796, 51.468288733400975 ], [ -114.908927971238512, 51.468075581155794 ], [ -114.909544473120107, 51.467816097106272 ], [ -114.910377148175243, 51.467574356542649 ], [ -114.910551013484252, 51.467537111771357 ], [ -114.910747499003591, 51.467497399329133 ], [ -114.911460837926242, 51.467386882448722 ], [ -114.9123756614038, 51.467337580610035 ], [ -114.913290292641605, 51.467388240728063 ], [ -114.913865832718415, 51.467473117944017 ], [ -114.913908538787595, 51.467481020056702 ], [ -114.914042841019423, 51.467488113642865 ], [ -114.914519737433238, 51.467527063632033 ], [ -114.915406397351077, 51.46767613780932 ], [ -114.915489382784088, 51.467693959522258 ], [ -114.915693637214943, 51.467687103568693 ], [ -114.916079181217853, 51.467682987632074 ], [ -114.916568890627232, 51.467688956843524 ], [ -114.916685790288525, 51.467688193869108 ], [ -114.917426481065519, 51.467694314452338 ], [ -114.918277366212536, 51.467744651727536 ], [ -114.919164046229213, 51.467893699336209 ], [ -114.919573361101143, 51.467999449597592 ], [ -114.919885873312765, 51.468089978087797 ], [ -114.920111433115039, 51.46816861605496 ], [ -114.920172289365965, 51.468150270774721 ], [ -114.921100471378153, 51.467934986582442 ], [ -114.921329871156843, 51.467896646138158 ], [ -114.922785240918031, 51.467785330909891 ], [ -114.923328901322279, 51.467791361322853 ], [ -114.924516156730093, 51.467889565421572 ], [ -114.925011623104453, 51.467967126225602 ], [ -114.925066382094386, 51.467975893800634 ], [ -114.925612648179083, 51.468065306120884 ], [ -114.925803231312983, 51.468093674554737 ], [ -114.926848054065189, 51.468324009155026 ], [ -114.927078391655087, 51.468392559213505 ], [ -114.927247540804345, 51.468464881485801 ], [ -114.92785856111135, 51.468371208765532 ], [ -114.92836475203535, 51.468309834545934 ], [ -114.930629166240621, 51.468106488075023 ], [ -114.931246020425334, 51.468074037204609 ], [ -114.931860550246782, 51.468070716014708 ], [ -114.931997534761678, 51.468063310994403 ], [ -114.932836348338355, 51.468109313326835 ], [ -114.932912291564918, 51.468113478281346 ], [ -114.933483401422137, 51.468171382482574 ], [ -114.934164067987155, 51.468269704802232 ], [ -114.935843772102146, 51.468586916536353 ], [ -114.936768702826598, 51.468755518796669 ], [ -114.937096037953069, 51.468822512670393 ], [ -114.938026067020687, 51.469034121053063 ], [ -114.938332837243948, 51.469123661124279 ], [ -114.938554193863411, 51.469157421322819 ], [ -114.939634349460547, 51.469436136969342 ], [ -114.940123804134601, 51.469550327736158 ], [ -114.940212444317964, 51.469498042015516 ], [ -114.940492367738344, 51.469344256245513 ], [ -114.942454339187364, 51.46834096237594 ], [ -114.943443910866591, 51.467941296905813 ], [ -114.944214502897822, 51.467701677371082 ], [ -114.944746766973424, 51.467558408942935 ], [ -114.945502178540764, 51.467385179635372 ], [ -114.945970328136085, 51.46729303644355 ], [ -114.946916336355486, 51.467136689422716 ], [ -114.947539568440149, 51.467058464327231 ], [ -114.94810487769557, 51.467009446427127 ], [ -114.948681452846031, 51.466735316104227 ], [ -114.949271378902708, 51.466492062684125 ], [ -114.949792236639439, 51.466307363112755 ], [ -114.95064764078532, 51.466064236880271 ], [ -114.95096066242364, 51.465995575778635 ], [ -114.95215133229415, 51.465828001988093 ], [ -114.952723673743719, 51.465790138670926 ], [ -114.953127806409938, 51.465773182342453 ], [ -114.953634758215685, 51.465764117113068 ], [ -114.954065746120747, 51.465767427558959 ], [ -114.954535908549843, 51.465783069822201 ], [ -114.95585225396934, 51.465707203226955 ], [ -114.95745020186412, 51.465614385298821 ], [ -114.958124072334883, 51.46555370980861 ], [ -114.958347362615271, 51.465525306477168 ], [ -114.958482825753038, 51.465447084970819 ], [ -114.958593598310131, 51.465391232567903 ], [ -114.958612781105103, 51.465255160172624 ], [ -114.958716134802302, 51.464891665281769 ], [ -114.958755245858114, 51.464767931624557 ], [ -114.958861218172871, 51.464463503212976 ], [ -114.958941472559161, 51.464232946958376 ], [ -114.958984306462838, 51.463951271079338 ], [ -114.95905269812549, 51.463682962217767 ], [ -114.959010872025601, 51.463617430476255 ], [ -114.958676045349748, 51.462802075928678 ], [ -114.958628835509799, 51.462563183259952 ], [ -114.958662764006817, 51.461611953243249 ], [ -114.958738286297447, 51.461332729190815 ], [ -114.958765062635607, 51.461241566278133 ], [ -114.958838957874377, 51.461008524090666 ], [ -114.958889008515214, 51.460837892835819 ], [ -114.959090893095549, 51.460357564645847 ], [ -114.959164939688833, 51.460223528635694 ], [ -114.959570340323481, 51.459664913930027 ], [ -114.960082305824827, 51.45910500053958 ], [ -114.960523848466153, 51.458696524654599 ], [ -114.960791613190182, 51.458484912315832 ], [ -114.961232715628043, 51.458177999151935 ], [ -114.961398665224138, 51.458076166506835 ], [ -114.961719577207063, 51.457845016800121 ], [ -114.9623149985661, 51.457479256053766 ], [ -114.963067267618271, 51.457150538452957 ], [ -114.963158005094243, 51.457118591471762 ], [ -114.963386934784438, 51.457057295430708 ], [ -114.963459086214158, 51.457023055840644 ], [ -114.964309375526611, 51.456808981068676 ], [ -114.964548383118512, 51.456758216730123 ], [ -114.964752356561618, 51.456714893332475 ], [ -114.965192083291171, 51.45665439552689 ], [ -114.966106635956891, 51.456604674935875 ], [ -114.967021114078463, 51.456654917112409 ], [ -114.967148377719866, 51.456676258943588 ], [ -114.967494215494554, 51.456708293197366 ], [ -114.967687538044373, 51.456735839547513 ], [ -114.967770539835939, 51.456733629400901 ], [ -114.96812447663936, 51.45672420670271 ], [ -114.96875983930633, 51.456746980784686 ], [ -114.969649379903174, 51.456812728370181 ], [ -114.969870998635329, 51.456832544057619 ], [ -114.970136520743893, 51.456830755196748 ], [ -114.970893707244699, 51.456859784761633 ], [ -114.971133601525665, 51.456879892183984 ], [ -114.972181919664351, 51.457037320736276 ], [ -114.972531126116763, 51.457114108578736 ], [ -114.972809737455606, 51.45718591292183 ], [ -114.973095033164682, 51.457127361517571 ], [ -114.973490980261204, 51.457034797089904 ], [ -114.973586727014862, 51.45694799428302 ], [ -114.973723388043283, 51.456843014318686 ], [ -114.973837716302185, 51.456689986413863 ], [ -114.974364530864904, 51.456220304480574 ], [ -114.974763938868577, 51.455954541664113 ], [ -114.974945249883675, 51.455846563376475 ], [ -114.975195172986787, 51.455706935081864 ], [ -114.975947320111487, 51.455378134158885 ], [ -114.976419383321627, 51.455240723679843 ], [ -114.976474205580288, 51.455083787229164 ], [ -114.976572309076559, 51.454889350890255 ], [ -114.977205037308053, 51.454061065543385 ], [ -114.9774017577883, 51.453875586853407 ], [ -114.977657294354728, 51.453690539783139 ], [ -114.97769572606974, 51.453597558221503 ], [ -114.978236669339992, 51.452772214746105 ], [ -114.97838244288495, 51.452614832282116 ], [ -114.978652650670199, 51.452375221843184 ], [ -114.978756142238495, 51.45206742190841 ], [ -114.978815992641344, 51.451948490024719 ], [ -114.978891627259316, 51.451809159179156 ], [ -114.979240883030158, 51.451341537959379 ], [ -114.979295788490333, 51.451213654469072 ], [ -114.979547138105062, 51.450851672447897 ], [ -114.979842291031218, 51.45048802942906 ], [ -114.980244796685128, 51.450071621492214 ], [ -114.980428179088037, 51.449910207133016 ], [ -114.981064678115686, 51.44944764412412 ], [ -114.981219504738618, 51.449354245909213 ], [ -114.981493161781756, 51.449200343359422 ], [ -114.982245156375114, 51.448871500036709 ], [ -114.982996056783136, 51.448648132522791 ], [ -114.98312066853903, 51.44861835515303 ], [ -114.983201695935506, 51.44859946782951 ], [ -114.983169992063509, 51.448562290560915 ], [ -114.983183111689641, 51.447778757386089 ], [ -114.983331017760406, 51.447038075516645 ], [ -114.983604778917822, 51.446332345201476 ], [ -114.984070554203726, 51.445565539449021 ], [ -114.984156879207234, 51.445463850586329 ], [ -114.984741092010509, 51.444916145705207 ], [ -114.984979518164252, 51.444734926344196 ], [ -114.985121182895824, 51.444631675621721 ], [ -114.985396225904296, 51.44443940350321 ], [ -114.985518808329587, 51.444340866334727 ], [ -114.986367559564158, 51.443800531603252 ], [ -114.986653852064791, 51.443656040791282 ], [ -114.987692423099887, 51.443246851048428 ], [ -114.988080076221237, 51.443131120819672 ], [ -114.988960840694531, 51.442926258343832 ], [ -114.989421290225252, 51.442847566291853 ], [ -114.989839689079133, 51.442782912758183 ], [ -114.990312445912679, 51.442709858359123 ], [ -114.990495572813671, 51.442699860399117 ], [ -114.992571561322819, 51.442509701553746 ], [ -114.993022290674134, 51.442482457918842 ], [ -114.99371250194605, 51.442459397361233 ], [ -114.994505273135857, 51.442470277015154 ], [ -114.994859539376023, 51.44249189295342 ], [ -114.995636430118239, 51.442576373535161 ], [ -114.996021083437952, 51.442637045347794 ], [ -114.997426394705229, 51.44300025564182 ], [ -114.99768576274208, 51.443096771386706 ], [ -114.998376421541266, 51.443403349240647 ], [ -114.998818051465861, 51.443679341939635 ], [ -114.999090715581133, 51.443647135494011 ], [ -114.999904313823095, 51.443551031399863 ], [ -115.000438166861443, 51.44353365810781 ], [ -115.001896541002395, 51.443613554745241 ], [ -115.002140014087402, 51.443648684800927 ], [ -115.002756144109711, 51.443762734382716 ], [ -115.003587923371512, 51.444005092831823 ], [ -115.004339731828594, 51.444334025318952 ], [ -115.004651561164849, 51.444511283761067 ], [ -115.004715413548425, 51.444550611451632 ], [ -115.004812094387475, 51.444611735718759 ], [ -115.004940514299065, 51.444695073915568 ], [ -115.005079171555209, 51.444797566554413 ], [ -115.005317275828261, 51.444861822153761 ], [ -115.006088391108122, 51.445153867407249 ], [ -115.006354742474898, 51.445254740152421 ], [ -115.006596446904055, 51.445360481085814 ], [ -115.006850892995317, 51.445471795315726 ], [ -115.007296192048827, 51.445749212991267 ], [ -115.007448999990743, 51.445844409342108 ], [ -115.007500970758656, 51.445876786327986 ], [ -115.007700247919104, 51.445790076235852 ], [ -115.008532001457326, 51.445547640702692 ], [ -115.008586615159942, 51.445538492028078 ], [ -115.008824884096043, 51.445498578094188 ], [ -115.009425943830223, 51.445422014381101 ], [ -115.010386232023748, 51.445299684967843 ], [ -115.01060244137831, 51.445295047843061 ], [ -115.012032761575611, 51.445387120609141 ], [ -115.012536431236697, 51.445464013811424 ], [ -115.012895912213381, 51.445527415518669 ], [ -115.01297941910731, 51.445544163313947 ], [ -115.013665254188368, 51.445681686636959 ], [ -115.014685364993511, 51.445991828529657 ], [ -115.015027447962623, 51.445989714351086 ], [ -115.016004131792158, 51.446040675597835 ], [ -115.01660352225413, 51.446107478826228 ], [ -115.017748331908152, 51.446321104504499 ], [ -115.018132374977668, 51.446423667320047 ], [ -115.019366905360641, 51.446887209749356 ], [ -115.019535276470819, 51.446971986391581 ], [ -115.020489697080279, 51.447598579979676 ], [ -115.020741498568427, 51.447814889749033 ], [ -115.020931508971657, 51.447989646172189 ], [ -115.021162463008693, 51.448217465741919 ], [ -115.021625019145546, 51.448790809462757 ], [ -115.021971716764355, 51.449350649871135 ], [ -115.022693681900378, 51.449386202101266 ], [ -115.022812739199225, 51.4493929151404 ], [ -115.022871787937973, 51.449396667508836 ], [ -115.023336214415068, 51.449410266571832 ], [ -115.023470003761147, 51.449402925984252 ], [ -115.023732301922337, 51.449251752236506 ], [ -115.024483991497405, 51.448922642416932 ], [ -115.025328876664929, 51.448677103941769 ], [ -115.02559064850287, 51.448617998628471 ], [ -115.026902241439089, 51.448435742067808 ], [ -115.027012330561263, 51.448429471465914 ], [ -115.027224981013504, 51.44830017548356 ], [ -115.028122515992195, 51.447811488645243 ], [ -115.028518631330911, 51.447600637456262 ], [ -115.028620294111576, 51.447537061516613 ], [ -115.029371920348993, 51.447207920980716 ], [ -115.030203584753735, 51.446965332413733 ], [ -115.030811293456338, 51.446863412356748 ], [ -115.031090022843586, 51.446816664493845 ], [ -115.032002517644813, 51.446755953454812 ], [ -115.032485758880298, 51.446723797754082 ], [ -115.03285252027834, 51.446731424508705 ], [ -115.033172985032564, 51.446744209439032 ], [ -115.033669586262363, 51.44677354379003 ], [ -115.034009199562476, 51.446656578785621 ], [ -115.03450225216902, 51.446477281421309 ], [ -115.034552955113938, 51.446455073797473 ], [ -115.03538457834928, 51.446212448331998 ], [ -115.035572871767542, 51.446180859857208 ], [ -115.035564244258779, 51.446252959657052 ], [ -115.035602791250156, 51.446535872987099 ], [ -115.035850868082932, 51.447169325543868 ], [ -115.036149427948885, 51.447742112597837 ], [ -115.036205002850011, 51.447781754981591 ], [ -115.036512716953425, 51.448001246059469 ], [ -115.03677097475375, 51.448180893534655 ], [ -115.037037858312971, 51.448371845091145 ], [ -115.03720088311087, 51.448465045817827 ], [ -115.037565805321492, 51.448677249549846 ], [ -115.03783276687254, 51.448860961491299 ], [ -115.038229637517901, 51.449031422780443 ], [ -115.038436701888585, 51.449120359863848 ], [ -115.039208603880738, 51.449437255479332 ], [ -115.040091538839121, 51.44976637738435 ], [ -115.040446053775426, 51.449910724406926 ], [ -115.040683969545526, 51.450007595400251 ], [ -115.041633878495929, 51.4504356925883 ], [ -115.042181568427424, 51.450688619273123 ], [ -115.042557463173594, 51.450883879455013 ], [ -115.042265258222386, 51.451144945759992 ], [ -115.041616576381571, 51.451550714934967 ], [ -115.041302748997623, 51.451703190871989 ], [ -115.041116228454996, 51.451786950969236 ], [ -115.040551474713268, 51.452008102603777 ], [ -115.040175818168507, 51.452135266247879 ], [ -115.039308695269966, 51.452332550192629 ], [ -115.039167051956767, 51.452393975295379 ], [ -115.038283122389302, 51.452698414283368 ], [ -115.037675417263387, 51.452877150263198 ], [ -115.036676514903419, 51.453123637616592 ], [ -115.036024427190625, 51.45325461533757 ], [ -115.035661655511674, 51.453311516454782 ], [ -115.034200526512905, 51.453396649984732 ], [ -115.033777864084868, 51.453676619364728 ], [ -115.033596772215489, 51.453783316063877 ], [ -115.032701039294878, 51.454207969616334 ], [ -115.032241614786159, 51.454380864741495 ], [ -115.031851641251151, 51.454513946947422 ], [ -115.031445555672178, 51.454638928979605 ], [ -115.031248256694795, 51.454679959202785 ], [ -115.03121442734647, 51.45473350928598 ], [ -115.031057745798677, 51.454982732763149 ], [ -115.030964755127613, 51.455121535932754 ], [ -115.030938547743077, 51.455188218258321 ], [ -115.030498636036512, 51.45569021222542 ], [ -115.030323671755824, 51.455889864307814 ], [ -115.030245005936791, 51.455960113976154 ], [ -115.030007549308024, 51.456172165570763 ], [ -115.029358687435291, 51.456577866060847 ], [ -115.028606907167074, 51.456907006437973 ], [ -115.027775053557235, 51.457149582718834 ], [ -115.026888405895576, 51.457298223802013 ], [ -115.026380194307848, 51.457334081188442 ], [ -115.02617756946897, 51.457348376603782 ], [ -115.025974216408585, 51.457353338111609 ], [ -115.025770506215892, 51.457358308339501 ], [ -115.025056451394505, 51.457319433915046 ], [ -115.024855953708894, 51.457308517650468 ], [ -115.023969137455396, 51.457160262274286 ], [ -115.023774516090882, 51.457103170956771 ], [ -115.023115749739247, 51.456900693494944 ], [ -115.022950661236379, 51.456849952190318 ], [ -115.022198513281154, 51.456521137860591 ], [ -115.021549197790364, 51.456115718926114 ], [ -115.021332290917144, 51.45592230551604 ], [ -115.020868178842818, 51.455943245431669 ], [ -115.020600404255376, 51.455945450871837 ], [ -115.019450560378147, 51.455875747888257 ], [ -115.019177084356855, 51.455839931594724 ], [ -115.018229045829131, 51.455656042197475 ], [ -115.017995362252208, 51.455595101692488 ], [ -115.017293432019969, 51.455372194543529 ], [ -115.016544410398282, 51.455088430773543 ], [ -115.016044594299004, 51.454873535451938 ], [ -115.015436439433586, 51.45457841048232 ], [ -115.01491209830219, 51.454286957437589 ], [ -115.014038488271709, 51.45373192171057 ], [ -115.013415542195887, 51.453253737107779 ], [ -115.013175644187157, 51.453029558360953 ], [ -115.012844898595233, 51.45267429315021 ], [ -115.012702414501206, 51.452496550284749 ], [ -115.01256150594179, 51.452486310209615 ], [ -115.012366313435223, 51.452610416816832 ], [ -115.012199335847384, 51.452701081327795 ], [ -115.012130686874514, 51.452737714267286 ], [ -115.011378845739131, 51.453066744221239 ], [ -115.010546970589274, 51.453309198374917 ], [ -115.010180022602157, 51.453383290444243 ], [ -115.009805567696603, 51.45344954150471 ], [ -115.009538491738056, 51.453574330085083 ], [ -115.009296028466409, 51.453676130020455 ], [ -115.008992419894241, 51.453794448778019 ], [ -115.008160518861004, 51.454036885892975 ], [ -115.007590287019624, 51.454144207991185 ], [ -115.007357510078563, 51.454179184867321 ], [ -115.007085568352679, 51.454191018169254 ], [ -115.006578066625963, 51.454327633579624 ], [ -115.006339903287881, 51.454374384695967 ], [ -115.004596655343505, 51.454524044786361 ], [ -115.004362502727631, 51.454519462639368 ], [ -115.003613211549236, 51.454471119902529 ], [ -115.002726520601314, 51.454322704172824 ], [ -115.002170742628934, 51.454173219206766 ], [ -115.001960818447699, 51.45410758319251 ], [ -115.001684652223943, 51.454014707477178 ], [ -115.000932703763695, 51.45368575808633 ], [ -115.000283615564854, 51.453280220995723 ], [ -115.000108838512602, 51.45314279868564 ], [ -114.999954250585063, 51.453014359402637 ], [ -114.999377853412483, 51.452410445298547 ], [ -114.999276817994939, 51.452273035645618 ], [ -114.999113576369353, 51.452024803241073 ], [ -114.998876018100972, 51.451470827448532 ], [ -114.998807342899809, 51.451115060408391 ], [ -114.998761025316639, 51.450487929527355 ], [ -114.998100194698509, 51.450501747919454 ], [ -114.997849669604207, 51.450515510504808 ], [ -114.997669623218201, 51.45051560772729 ], [ -114.996929125147233, 51.450476269384581 ], [ -114.996780114616953, 51.450449464934664 ], [ -114.99647218589746, 51.450435687189831 ], [ -114.995675546997788, 51.450309308254802 ], [ -114.994990710712585, 51.450164281523463 ], [ -114.994441459826248, 51.450013992543425 ], [ -114.994747622700046, 51.450200039804656 ], [ -114.994946659011475, 51.450347271207995 ], [ -114.995668927230412, 51.451043740099102 ], [ -114.995795629308788, 51.451208258801714 ], [ -114.996128636616419, 51.451764100115049 ], [ -114.996232719498167, 51.452001038460303 ], [ -114.99634365475643, 51.452311777563814 ], [ -114.99647107891181, 51.452772627150395 ], [ -114.996535820050852, 51.453555867353742 ], [ -114.996527525206218, 51.453632107371071 ], [ -114.996275113951953, 51.454438653557467 ], [ -114.996206984232202, 51.454567831112087 ], [ -114.996153844055499, 51.454663598077339 ], [ -114.995765842840527, 51.455183369723898 ], [ -114.995239261865379, 51.45565314898797 ], [ -114.994956449756842, 51.455840942068221 ], [ -114.994915475560219, 51.455882459041405 ], [ -114.993802426800386, 51.456684130794415 ], [ -114.993599007733309, 51.456789939706397 ], [ -114.992862132083033, 51.45711093552827 ], [ -114.992030082802955, 51.457353263360758 ], [ -114.991541122473393, 51.457447870425412 ], [ -114.991286311501426, 51.45748880997089 ], [ -114.989837557505879, 51.457591378436589 ], [ -114.989442664135566, 51.457584952867229 ], [ -114.98801426639227, 51.457437335923821 ], [ -114.987808478314236, 51.457397307288481 ], [ -114.98772150465453, 51.457374540933664 ], [ -114.987859470552834, 51.45768169660635 ], [ -114.988055120414799, 51.458541037643471 ], [ -114.988057012221347, 51.458672451560098 ], [ -114.987860437505972, 51.459593016262595 ], [ -114.98780050897355, 51.45972609621613 ], [ -114.987679373519356, 51.459960931915901 ], [ -114.987291232220002, 51.460480673469107 ], [ -114.986993031786099, 51.460767628239466 ], [ -114.986939821924082, 51.460813427353294 ], [ -114.986711302697074, 51.460996202648374 ], [ -114.986061986200511, 51.461401666018325 ], [ -114.985470940211982, 51.461670026803922 ], [ -114.985287406393226, 51.461741761238173 ], [ -114.985126295622806, 51.461802259238567 ], [ -114.984294119764968, 51.462044532273893 ], [ -114.983407231755166, 51.462192849651359 ], [ -114.982690249500948, 51.462240415246853 ], [ -114.982456078003239, 51.462245874737803 ], [ -114.981073910612366, 51.462163699669965 ], [ -114.980546884498153, 51.462097694751201 ], [ -114.980271702170683, 51.462235962741431 ], [ -114.979616462508815, 51.462517101669611 ], [ -114.979135556667643, 51.462691631896718 ], [ -114.978823925935401, 51.462776692821329 ], [ -114.978324704830854, 51.46291295432907 ], [ -114.978031730941481, 51.46299927318114 ], [ -114.977985502204362, 51.463010080778602 ], [ -114.976686672844338, 51.463313732262044 ], [ -114.976484574424759, 51.463358074250159 ], [ -114.975285754712942, 51.463597256804711 ], [ -114.975129283051629, 51.463628474366686 ], [ -114.97440119377211, 51.463750170368272 ], [ -114.974348045298669, 51.463755682119007 ], [ -114.973919331476466, 51.463800141496137 ], [ -114.973489594123933, 51.463822798635626 ], [ -114.973083123335982, 51.463844227993093 ], [ -114.972688229853745, 51.463845325319902 ], [ -114.972085758782285, 51.46382541607548 ], [ -114.97143080680884, 51.46378016268612 ], [ -114.970897174270945, 51.463725850946503 ], [ -114.970449838895362, 51.463665453989258 ], [ -114.969978016488795, 51.463564996077785 ], [ -114.969884324434915, 51.464105201125236 ], [ -114.969819720832945, 51.464266030229894 ], [ -114.969415415374939, 51.464944915319549 ], [ -114.969399378877682, 51.465050511235091 ], [ -114.969302817493485, 51.465438386298466 ], [ -114.969155771811913, 51.465861100016852 ], [ -114.969082758921189, 51.466052785271906 ], [ -114.969063329395553, 51.466103799573006 ], [ -114.969057768269025, 51.466250551330319 ], [ -114.969023457946008, 51.466323801133591 ], [ -114.969031943069609, 51.46649545859416 ], [ -114.968986572436094, 51.466825173210836 ], [ -114.968933849669796, 51.467105343551374 ], [ -114.968838857570049, 51.467383265581972 ], [ -114.968574965376163, 51.467923291110331 ], [ -114.968494464827629, 51.468048392485713 ], [ -114.968152735028752, 51.468483677811975 ], [ -114.968032052525359, 51.468612431870682 ], [ -114.967571701481646, 51.469027000159478 ], [ -114.9674370577698, 51.46913032779284 ], [ -114.966986340532586, 51.469399803807953 ], [ -114.966714228685731, 51.469642283701347 ], [ -114.966626552277148, 51.469705819744512 ], [ -114.966370593608445, 51.469865043561128 ], [ -114.96607047766156, 51.470051734255023 ], [ -114.965468051378167, 51.470388053322836 ], [ -114.965375371211039, 51.470428699005289 ], [ -114.964992091612785, 51.470650035339844 ], [ -114.96473662213036, 51.470788335017673 ], [ -114.964359651404251, 51.470979528385328 ], [ -114.963603799019751, 51.471299240678185 ], [ -114.963239323099657, 51.471426134112903 ], [ -114.962376700948411, 51.471665948351614 ], [ -114.961973622712392, 51.47175191077865 ], [ -114.961322715295637, 51.471862230544879 ], [ -114.960077521607857, 51.472020626509547 ], [ -114.95977793282789, 51.472053140383991 ], [ -114.958821927094405, 51.472139219785205 ], [ -114.958558147272143, 51.472158743756346 ], [ -114.956824036159176, 51.472259469736386 ], [ -114.955122282213182, 51.472357545797863 ], [ -114.954358064876985, 51.472366804802327 ], [ -114.954239327671857, 51.472362854792273 ], [ -114.954070580821181, 51.472443088483296 ], [ -114.953461376003204, 51.472693149486027 ], [ -114.95306915672883, 51.472830875592145 ], [ -114.952490140957977, 51.473006045078343 ], [ -114.951832539509283, 51.473174857631626 ], [ -114.951180965194979, 51.473311831545274 ], [ -114.950550076159615, 51.473416388377792 ], [ -114.949923392649069, 51.473495186162218 ], [ -114.949303800114123, 51.473548913461663 ], [ -114.948903086641295, 51.473615139938701 ], [ -114.948664952783744, 51.473669749154915 ], [ -114.947311823194681, 51.474361745223845 ], [ -114.946729032131401, 51.474705541693055 ], [ -114.946448699011214, 51.47485954526379 ], [ -114.946097696900281, 51.475039001580498 ], [ -114.945284399803768, 51.475381151311282 ], [ -114.944553466535027, 51.475630292111134 ], [ -114.944022059278893, 51.475788044716765 ], [ -114.943123946204977, 51.476017191028539 ], [ -114.94292461804649, 51.476065126343045 ], [ -114.942480840164819, 51.476165443719751 ], [ -114.940932524522722, 51.476358330585448 ], [ -114.940601912481583, 51.476367938599388 ], [ -114.940313621172265, 51.476347489276414 ], [ -114.940240244859027, 51.476342284195482 ], [ -114.939327996462623, 51.476277571540351 ], [ -114.938940113655633, 51.476240926146311 ], [ -114.938823465914524, 51.476229905595012 ], [ -114.93843258873315, 51.476161618402124 ], [ -114.938338203621981, 51.476132860219707 ], [ -114.937905490386683, 51.476057275682336 ], [ -114.935862327004685, 51.475580608409246 ], [ -114.935694267945266, 51.475539334937238 ], [ -114.93463925756879, 51.475253632489078 ], [ -114.934416470700398, 51.475216262267317 ], [ -114.933651036773782, 51.475042101807503 ], [ -114.932867061476699, 51.474899191046156 ], [ -114.932818391932727, 51.474890159795237 ], [ -114.931625886961939, 51.474664955470665 ], [ -114.930119640850208, 51.474800215730269 ], [ -114.929269691665894, 51.474930515094876 ], [ -114.928288507379591, 51.475020896828802 ], [ -114.927632624845515, 51.475042286536294 ], [ -114.927302697815449, 51.475046582623904 ], [ -114.926726285954231, 51.475042808595127 ], [ -114.925932074879412, 51.474999941237563 ], [ -114.925148301864766, 51.474919971927193 ], [ -114.92490690678521, 51.474899947305197 ], [ -114.923973603104784, 51.474822518356376 ], [ -114.923809373899772, 51.474792952255541 ], [ -114.92346172891807, 51.474722115597437 ], [ -114.923233913855043, 51.474655593890809 ], [ -114.922277251100212, 51.474910693354097 ], [ -114.921925297848489, 51.474962461620919 ], [ -114.921626799238979, 51.475000712029605 ], [ -114.920711829807118, 51.475050083393988 ], [ -114.919997496440502, 51.475019214221632 ], [ -114.919526706946741, 51.474978650462965 ], [ -114.918819635124905, 51.474886513431557 ], [ -114.917389675947291, 51.474635201810386 ], [ -114.916608654063282, 51.474455262448423 ], [ -114.915959717910198, 51.474267955772262 ], [ -114.91571171014472, 51.474276280436548 ], [ -114.915026167180827, 51.47427139100116 ], [ -114.914890784921639, 51.474264958907149 ], [ -114.914341158117125, 51.474272203707883 ], [ -114.913842457751969, 51.47426251426387 ], [ -114.913657911478694, 51.474250554068867 ], [ -114.913424411991755, 51.474344169590488 ], [ -114.912521733233234, 51.474633558553371 ], [ -114.911895166660159, 51.474788855222954 ], [ -114.911061592129158, 51.47494705738891 ], [ -114.91022082346457, 51.475060203850944 ], [ -114.909510981201137, 51.475124536079718 ], [ -114.908911234830015, 51.475153050371212 ], [ -114.908120937589246, 51.475153498008851 ], [ -114.907114888749504, 51.475106810312596 ], [ -114.906804893911414, 51.475098774897084 ], [ -114.906535438987504, 51.475111232551058 ], [ -114.905448394760697, 51.475210953162474 ], [ -114.905402865071295, 51.475215003246092 ], [ -114.90457928997246, 51.475285967152153 ], [ -114.904011609575903, 51.475315464615178 ], [ -114.902565361710785, 51.475341589327172 ], [ -114.901332158371503, 51.475272969092806 ], [ -114.900972450242449, 51.475225877251368 ], [ -114.899955720054407, 51.475023827719504 ], [ -114.899633187052444, 51.474936397516224 ], [ -114.898812453350558, 51.474657507145807 ], [ -114.898324258911572, 51.474454641059836 ], [ -114.897972882621403, 51.4743891139073 ], [ -114.897015316699054, 51.474228425573983 ], [ -114.895644376744698, 51.474262945901387 ], [ -114.895431117008059, 51.474265615638245 ], [ -114.894853058396436, 51.474265540389048 ], [ -114.89478301338427, 51.47426553095827 ], [ -114.894545560896759, 51.474292172619229 ], [ -114.894215306197324, 51.474322943976446 ], [ -114.893581606703876, 51.474357736108146 ], [ -114.892731685010673, 51.474372215492359 ], [ -114.892616018232943, 51.474374177298543 ], [ -114.892138188364271, 51.47434823281845 ], [ -114.89166579919123, 51.47434485446184 ], [ -114.89151593523934, 51.47434378289055 ], [ -114.891197347497609, 51.474317641025948 ], [ -114.891060980101642, 51.474357094647218 ], [ -114.890860367981318, 51.474401905638466 ], [ -114.889963434910996, 51.474548157441767 ], [ -114.889740561494634, 51.474571662699105 ], [ -114.88874810491231, 51.474616813161717 ], [ -114.88847889765313, 51.474613136859041 ], [ -114.887320499831972, 51.47451633858325 ], [ -114.887088011204952, 51.474480166068439 ], [ -114.8867599124154, 51.474454606625876 ], [ -114.886708369734023, 51.474450430007657 ], [ -114.886140990547332, 51.474402672751516 ], [ -114.885868631166147, 51.474457298044044 ], [ -114.885144015570006, 51.474582684584625 ], [ -114.884403470394346, 51.474675729782177 ], [ -114.884270112086384, 51.474686346519434 ], [ -114.883911672539199, 51.474926425475793 ], [ -114.883706047726747, 51.475056693186986 ], [ -114.882303484340241, 51.475897155299073 ], [ -114.882103516772091, 51.476010966114877 ], [ -114.880556492331124, 51.476847036450366 ], [ -114.880456904935542, 51.476899524979977 ], [ -114.879696940516766, 51.477290114925921 ], [ -114.878739686921705, 51.477819661399977 ], [ -114.878452849104406, 51.477959334364101 ], [ -114.878398119511431, 51.477985984180542 ], [ -114.878048001363993, 51.478171705481792 ], [ -114.877577442628976, 51.478421310638169 ], [ -114.87723573949124, 51.478565784650627 ], [ -114.876501609108544, 51.478783803007133 ], [ -114.876079908157877, 51.478909034119035 ], [ -114.875670411396101, 51.479027744169429 ], [ -114.875527266971588, 51.479051532294307 ], [ -114.875481609743574, 51.479085660970135 ], [ -114.875302199078178, 51.479188225045213 ], [ -114.87494716034189, 51.479491345443606 ], [ -114.874585849021486, 51.479765074752905 ], [ -114.874373433588417, 51.479916329151919 ], [ -114.873905206988638, 51.480229856399944 ], [ -114.873540856206347, 51.480451357585473 ], [ -114.873075261100254, 51.480708276573701 ], [ -114.872785033964092, 51.480857261893057 ], [ -114.872349690704453, 51.481064949426568 ], [ -114.871880106979361, 51.481289897934928 ], [ -114.871733128463944, 51.481346493167678 ], [ -114.871685479904301, 51.481376877012643 ], [ -114.871359064114372, 51.481510283470676 ], [ -114.870925843661212, 51.481698982422259 ], [ -114.870788847422446, 51.481736931057554 ], [ -114.870553074889116, 51.481802240969891 ], [ -114.870369010452251, 51.481853226486407 ], [ -114.870127065886862, 51.48197230022847 ], [ -114.869807898513159, 51.482095423263829 ], [ -114.869771990237112, 51.482111387173113 ], [ -114.86945661923788, 51.482196539592842 ], [ -114.86893523488294, 51.482347637169319 ], [ -114.868083610758006, 51.482491075731552 ], [ -114.867517125159665, 51.482555321258552 ], [ -114.867457882476089, 51.482561822079141 ], [ -114.867212337922808, 51.482587863966678 ], [ -114.866947654332151, 51.48262992151178 ], [ -114.866824919702211, 51.482648448978054 ], [ -114.866344164238143, 51.482717223185126 ], [ -114.865946782688923, 51.482764128252796 ], [ -114.865712520457535, 51.482786002406066 ], [ -114.865414454993115, 51.482838258703879 ], [ -114.864448433343455, 51.48294827791468 ], [ -114.864203679177891, 51.482961622877085 ], [ -114.863714148316049, 51.483104629133649 ], [ -114.863403878512912, 51.483173737850805 ], [ -114.862786677477104, 51.483274968757421 ], [ -114.862447417897087, 51.483416688433735 ], [ -114.861603513289651, 51.483703415286172 ], [ -114.861205870381625, 51.483810455815124 ], [ -114.860417191836447, 51.483977981663912 ], [ -114.859996633115628, 51.484044690876175 ], [ -114.859346758810844, 51.484121043933257 ], [ -114.858885086619651, 51.484156738053358 ], [ -114.858129230206274, 51.484180980366524 ], [ -114.857410036446524, 51.484171746490425 ], [ -114.857311892952367, 51.484170486038359 ], [ -114.856495151367653, 51.484120078911928 ], [ -114.855938133556151, 51.484026162602859 ], [ -114.855607144547974, 51.483973553424484 ], [ -114.855458869825355, 51.483929564105487 ], [ -114.854916859295074, 51.483831404782073 ], [ -114.85456300131986, 51.483739955864131 ], [ -114.85412000333173, 51.483610111246904 ], [ -114.853746134943563, 51.483486989448174 ], [ -114.853304495559186, 51.483299957354362 ], [ -114.853215235064866, 51.483269457994723 ], [ -114.852990985795671, 51.483172434084914 ], [ -114.852472933452574, 51.482932843444345 ], [ -114.852282961571902, 51.482841603769018 ], [ -114.852248080396478, 51.482824851133287 ], [ -114.8520538780039, 51.482696338971941 ], [ -114.851788446829687, 51.482554334641989 ], [ -114.851764819442494, 51.482531321783462 ], [ -114.851019643056063, 51.482005151725005 ], [ -114.850827234157364, 51.481831674769587 ], [ -114.850340880294766, 51.48129032647347 ], [ -114.850193104786868, 51.481081889038251 ], [ -114.850060096840835, 51.480875730757226 ], [ -114.849905445981406, 51.480610512766525 ], [ -114.849864816251355, 51.480538228319134 ], [ -114.849694569961926, 51.480223662364232 ], [ -114.849666184680927, 51.480156618878304 ], [ -114.84945979379043, 51.479669159010754 ], [ -114.849453666417077, 51.479624363343099 ], [ -114.84934227344776, 51.479212793423784 ], [ -114.848669191126817, 51.478794381987456 ], [ -114.846994680809289, 51.477828528011649 ], [ -114.846567230146377, 51.477551327608523 ], [ -114.846173523696152, 51.477264130044325 ], [ -114.845771496104021, 51.476930045475683 ], [ -114.845367789847302, 51.476545992636069 ] ] ] ] } },
{ "type": "Feature", "properties": { "PSCW_NAME": "Highway 40 and Secondary Road 541 Corridor", "PSCW_CODE": "CW001", "GlobalID": "{6807D4DB-1083-40F1-8A26-0AB5EC7749E3}" }, "geometry": { "type": "MultiPolygon", "coordinates": [ [ [ [ -114.951175004541852, 50.571706469882216 ], [ -114.948093322674822, 50.568583742970127 ], [ -114.945433760003169, 50.565859532311691 ], [ -114.944922973104894, 50.565168352303822 ], [ -114.944249283712992, 50.563888876226812 ], [ -114.944058993486138, 50.563411564044095 ], [ -114.943981185773623, 50.562840109374427 ], [ -114.943992469600431, 50.562625208002522 ], [ -114.944121932582917, 50.561379666868675 ], [ -114.9441898086762, 50.561023202187528 ], [ -114.944423526574781, 50.560469258202531 ], [ -114.944698418491811, 50.560072622069761 ], [ -114.945658614138679, 50.558902498324713 ], [ -114.946190620414995, 50.558381019175897 ], [ -114.949370300711706, 50.55582903472267 ], [ -114.949878808566311, 50.555416138421727 ], [ -114.950533433668099, 50.554825083817349 ], [ -114.950716189821208, 50.554602593415865 ], [ -114.951468063691379, 50.553134045402373 ], [ -114.951523884325894, 50.553026494076228 ], [ -114.951894217020424, 50.552312963123974 ], [ -114.952090946496838, 50.551913301659461 ], [ -114.952193415738009, 50.551705123010343 ], [ -114.952307560043934, 50.550840682009294 ], [ -114.951974422079289, 50.550109074849395 ], [ -114.94866955056338, 50.546716154262846 ], [ -114.947915294321248, 50.545978801092986 ], [ -114.947727263222063, 50.545779986633789 ], [ -114.946954627349086, 50.544893738000809 ], [ -114.946828951720562, 50.544740194419013 ], [ -114.946187158833936, 50.543903060580682 ], [ -114.946066683485085, 50.543733974770703 ], [ -114.94520520189603, 50.542428183507418 ], [ -114.944263150781893, 50.541326601427336 ], [ -114.94315836227733, 50.540371384838892 ], [ -114.941287258290885, 50.539058749670822 ], [ -114.933735769344892, 50.533760032851383 ], [ -114.933662777593213, 50.533706697708887 ], [ -114.933598166321673, 50.533661584997041 ], [ -114.93308085611018, 50.53330038845295 ], [ -114.932552987139132, 50.532928089474396 ], [ -114.924056792393529, 50.526934697602933 ], [ -114.923508009493318, 50.526581179074228 ], [ -114.923176241970324, 50.526367454795107 ], [ -114.922875100051726, 50.526173450233564 ], [ -114.922823479186604, 50.526124349060503 ], [ -114.921115316198339, 50.525188461784992 ], [ -114.919150823897141, 50.524402169616771 ], [ -114.910742025283, 50.522020577149959 ], [ -114.909326869688798, 50.521726903828153 ], [ -114.908117974437999, 50.52175915768936 ], [ -114.904333775016994, 50.522217930149857 ], [ -114.90182026119821, 50.522701546710032 ], [ -114.898391211953367, 50.523697402676 ], [ -114.892613871209605, 50.525464912133984 ], [ -114.891819935454535, 50.525658302300272 ], [ -114.88902200088188, 50.526176108058941 ], [ -114.887820995726159, 50.526303064865203 ], [ -114.885166331546586, 50.526381157614068 ], [ -114.88431993184966, 50.526361705625121 ], [ -114.882655665172578, 50.526235741219942 ], [ -114.882330615430462, 50.526204416588548 ], [ -114.880398016181161, 50.525977814665779 ], [ -114.877367661302884, 50.525628143234613 ], [ -114.877265044618071, 50.525615616217678 ], [ -114.874181165741504, 50.525218426254519 ], [ -114.870818695987836, 50.524827064431221 ], [ -114.863033420209831, 50.523891945478553 ], [ -114.86298311559392, 50.523885901754483 ], [ -114.857439884691061, 50.523219742670143 ], [ -114.854201379373364, 50.522890265772844 ], [ -114.853228670084832, 50.522849351046773 ], [ -114.850497535973759, 50.522855117340704 ], [ -114.849341170402255, 50.522901491429792 ], [ -114.849006036717441, 50.522919756649138 ], [ -114.848572884502374, 50.522931712956314 ], [ -114.847379322665915, 50.522932666094604 ], [ -114.847200382910799, 50.522930829677087 ], [ -114.84656324125821, 50.522917243620931 ], [ -114.846050691902761, 50.522889966870352 ], [ -114.845055758721955, 50.522799747055195 ], [ -114.84493165310748, 50.52279034157548 ], [ -114.844833971153349, 50.522780700283406 ], [ -114.843687986310499, 50.522667583176954 ], [ -114.843318617167327, 50.522621337087102 ], [ -114.842612888229638, 50.522515803545645 ], [ -114.842180387790506, 50.522438323327229 ], [ -114.840304242896835, 50.522045290194782 ], [ -114.839689562110365, 50.521887994643059 ], [ -114.838991080160042, 50.521675126224167 ], [ -114.838557925246135, 50.521546933313147 ], [ -114.838393156844589, 50.521524015171742 ], [ -114.838127628221869, 50.521456908393887 ], [ -114.837771999237887, 50.521350187619781 ], [ -114.837322681717168, 50.521222610903159 ], [ -114.836264461915405, 50.52092213702106 ], [ -114.835899139952986, 50.520803802623767 ], [ -114.835535629908534, 50.520674231626664 ], [ -114.835409050909703, 50.520629112878886 ], [ -114.835215880836955, 50.520580844649956 ], [ -114.834981640588936, 50.52052231287626 ], [ -114.833936497942091, 50.520191165861227 ], [ -114.833575638445382, 50.520065151646698 ], [ -114.831749424207374, 50.519365665617769 ], [ -114.831094591028801, 50.519068262191439 ], [ -114.830801655908587, 50.518911911112824 ], [ -114.830637023990036, 50.518829235575211 ], [ -114.830449652111369, 50.518707561130753 ], [ -114.830179660065852, 50.518593485007841 ], [ -114.829908779506752, 50.518441546271326 ], [ -114.829813421863108, 50.518386702920125 ], [ -114.82972146023107, 50.518332473554928 ], [ -114.829331688960622, 50.518076259864877 ], [ -114.828596197673562, 50.517537116074287 ], [ -114.828446744129721, 50.517422409293978 ], [ -114.828213344413655, 50.517234781765332 ], [ -114.827315749419924, 50.516513226494162 ], [ -114.822785389996838, 50.513046192916839 ], [ -114.819382586125428, 50.510447866457255 ], [ -114.817053484578409, 50.508667584997134 ], [ -114.817026325791758, 50.508647160662072 ], [ -114.815672814874034, 50.507629280584609 ], [ -114.815560333488236, 50.507541691819739 ], [ -114.814083693755251, 50.506350568163235 ], [ -114.814012792487759, 50.506292032416056 ], [ -114.811216197255519, 50.503928641250099 ], [ -114.81112972244226, 50.503853361259402 ], [ -114.809719958365903, 50.502588812165449 ], [ -114.8095822446613, 50.502458825047796 ], [ -114.809308784455283, 50.502147023229142 ], [ -114.809250878741764, 50.502109901407664 ], [ -114.809087064317112, 50.50197592570138 ], [ -114.809040008088161, 50.501937440570039 ], [ -114.808963277497313, 50.501861934730599 ], [ -114.808717054672584, 50.501648506216419 ], [ -114.808166397799411, 50.501171184098581 ], [ -114.808067178204467, 50.501074979118222 ], [ -114.807819123502654, 50.500829355581836 ], [ -114.807674475976242, 50.500687140479648 ], [ -114.807611265695087, 50.500583574032163 ], [ -114.807505447179409, 50.500520953916997 ], [ -114.807393073878941, 50.500410469148733 ], [ -114.807136874727178, 50.500190730946024 ], [ -114.806779021933025, 50.499883801288256 ], [ -114.806563862650179, 50.499691321176464 ], [ -114.805920701442716, 50.499069866611379 ], [ -114.805854836744061, 50.499004559457084 ], [ -114.805075858793941, 50.498200688951378 ], [ -114.804708742806056, 50.497821829087592 ], [ -114.804594467220412, 50.497717146650778 ], [ -114.804526159319579, 50.497623063336363 ], [ -114.804150500519853, 50.497188920054363 ], [ -114.804007752239329, 50.497004251306599 ], [ -114.80328764034914, 50.49599413844124 ], [ -114.803198441598852, 50.495861354635188 ], [ -114.802490680006059, 50.494740380219447 ], [ -114.801583151590407, 50.493524718508588 ], [ -114.801453520193533, 50.493381313561756 ], [ -114.801041255891079, 50.492865334101261 ], [ -114.800308477562808, 50.492125888392103 ], [ -114.800224462475001, 50.492038100318496 ], [ -114.799796847785473, 50.49157515119343 ], [ -114.797244964273062, 50.48898139465858 ], [ -114.796662820836218, 50.488413056365538 ], [ -114.796516733150398, 50.488261649301684 ], [ -114.796029943157208, 50.487725186215265 ], [ -114.795491045923455, 50.487202101391418 ], [ -114.795342348218611, 50.487048771878108 ], [ -114.793876194172086, 50.485439975401334 ], [ -114.793685258750457, 50.485199346971072 ], [ -114.792304029873279, 50.483605603228213 ], [ -114.792261847547863, 50.483555927637738 ], [ -114.791118938880615, 50.482181883282486 ], [ -114.789379343014318, 50.480196191542653 ], [ -114.788205235764451, 50.47891103844443 ], [ -114.78746742656611, 50.478200090512438 ], [ -114.78658686810482, 50.477351551544665 ], [ -114.786397557103911, 50.477169121444817 ], [ -114.781943569904499, 50.473148196411692 ], [ -114.780159377748916, 50.471590505239853 ], [ -114.780122214465976, 50.471557634680885 ], [ -114.778845229808326, 50.470413356601576 ], [ -114.77660257128116, 50.468795931738541 ], [ -114.776419048887234, 50.468655926890577 ], [ -114.775595133111807, 50.467990716654782 ], [ -114.774674141488447, 50.467433551408064 ], [ -114.774070155890257, 50.466997173490114 ], [ -114.773196696501429, 50.466240485419725 ], [ -114.772986659877475, 50.46604403297561 ], [ -114.772064986003144, 50.46511124493238 ], [ -114.771449251394117, 50.464528218043952 ], [ -114.771156033990692, 50.464250569110185 ], [ -114.770946994331169, 50.464052633972607 ], [ -114.769670566307937, 50.462843959579885 ], [ -114.768323272467995, 50.461781892157624 ], [ -114.767110997992802, 50.460935195748633 ], [ -114.766577977772769, 50.460602949180995 ], [ -114.766453139748492, 50.460522406579443 ], [ -114.762671929406821, 50.457997153616425 ], [ -114.760807185767845, 50.456772046806954 ], [ -114.760454251085861, 50.456540163778982 ], [ -114.760181082521868, 50.456360678133507 ], [ -114.759705185223225, 50.456047985342479 ], [ -114.759632541521782, 50.455999267555121 ], [ -114.758041813541837, 50.454910343536348 ], [ -114.757878654840837, 50.454793174162802 ], [ -114.756810488964248, 50.453988249060409 ], [ -114.756677190239998, 50.453883517623872 ], [ -114.754259785916773, 50.451902422319165 ], [ -114.752886323883331, 50.451011831021077 ], [ -114.750912574327756, 50.449763784848528 ], [ -114.748783435229754, 50.44845015797101 ], [ -114.748589957676245, 50.448324205297347 ], [ -114.747244719522641, 50.44740013447251 ], [ -114.746544395612261, 50.446919385552789 ], [ -114.746290191715872, 50.446731093048022 ], [ -114.746069580488324, 50.446554618069406 ], [ -114.745977443454649, 50.446480912964276 ], [ -114.745885184636563, 50.446407112150553 ], [ -114.742864388013516, 50.443990415387489 ], [ -114.741563521001353, 50.443003313436328 ], [ -114.740660384028828, 50.44235688332801 ], [ -114.739861000139058, 50.44182938145498 ], [ -114.739700919556057, 50.441718788904126 ], [ -114.738341723715536, 50.440735537033952 ], [ -114.73787138659921, 50.440338344755709 ], [ -114.736873111334091, 50.439347481964596 ], [ -114.736390826100617, 50.438737706317802 ], [ -114.735904225755291, 50.437921353359002 ], [ -114.735798068416926, 50.437724787097174 ], [ -114.735141379959813, 50.436371516151098 ], [ -114.733995853026713, 50.434134895245414 ], [ -114.733094588443564, 50.432550738609528 ], [ -114.732055421165441, 50.430790042542974 ], [ -114.732028742717119, 50.430743792047544 ], [ -114.731517289688824, 50.429836206938937 ], [ -114.731111879644004, 50.429116757190265 ], [ -114.729925612505028, 50.42778421181616 ], [ -114.729882754233714, 50.427735093639122 ], [ -114.728855356626042, 50.426533608854818 ], [ -114.728637417853577, 50.426246452607401 ], [ -114.727782334629055, 50.424964920247682 ], [ -114.727542316451078, 50.424519032810196 ], [ -114.727086659408187, 50.423422595601913 ], [ -114.726113010429742, 50.421916144253821 ], [ -114.725896201127583, 50.421710140505375 ], [ -114.725634162786491, 50.421494237203234 ], [ -114.72559985648607, 50.421452041914826 ], [ -114.725015394875911, 50.420955617626674 ], [ -114.723355866943706, 50.419799768856919 ], [ -114.723189622054647, 50.419678113453003 ], [ -114.722779526200881, 50.419362710585837 ], [ -114.722647602305358, 50.419256895490342 ], [ -114.7219956389293, 50.418711305751991 ], [ -114.720666669671942, 50.417780253010669 ], [ -114.719104944752956, 50.416780487938496 ], [ -114.718813868460529, 50.416631430765413 ], [ -114.718602716033274, 50.416517216834336 ], [ -114.71824593880531, 50.416313470836599 ], [ -114.716565690743721, 50.415462604821684 ], [ -114.714959044919112, 50.414720846590868 ], [ -114.714823842766251, 50.414656242710976 ], [ -114.713324176373334, 50.413914834891173 ], [ -114.713128000408304, 50.413812829030071 ], [ -114.712319632748432, 50.413370970548307 ], [ -114.711772497073881, 50.413023284262209 ], [ -114.711255427194004, 50.412641335497874 ], [ -114.711055708265036, 50.41248429491224 ], [ -114.710655468563061, 50.412149021731594 ], [ -114.710509805338219, 50.412020704690995 ], [ -114.709756019118998, 50.411321855211561 ], [ -114.709583310420967, 50.411150619163067 ], [ -114.709006843350863, 50.410538220408938 ], [ -114.708800704656014, 50.410296954530871 ], [ -114.7084741065906, 50.409873556516828 ], [ -114.708283198437059, 50.409707724176698 ], [ -114.708093982611487, 50.409570967078366 ], [ -114.707859818633395, 50.409388989042014 ], [ -114.707638215988894, 50.409203623238092 ], [ -114.707420266139721, 50.409044472847647 ], [ -114.707237141383047, 50.408927866900839 ], [ -114.707152511677236, 50.40887676993767 ], [ -114.707026730966135, 50.408800826381878 ], [ -114.706794634508583, 50.408702329751598 ], [ -114.706711063987484, 50.408664979952185 ], [ -114.706431495503168, 50.408540029306558 ], [ -114.70620050087264, 50.408436787418857 ], [ -114.705370212945994, 50.40810843263943 ], [ -114.705060052039855, 50.40800991549861 ], [ -114.703041791402995, 50.407449231898795 ], [ -114.702899461454422, 50.407408037741789 ], [ -114.702303130620052, 50.40722842601631 ], [ -114.701427702907907, 50.406991557168119 ], [ -114.701205166399944, 50.406927499393028 ], [ -114.700861789084044, 50.406819974070238 ], [ -114.700617710437172, 50.406744046586056 ], [ -114.700546359006566, 50.406714160792198 ], [ -114.700373229377931, 50.406641644582351 ], [ -114.699751272512671, 50.40645786094148 ], [ -114.698653137076874, 50.405999934326019 ], [ -114.69801766193558, 50.405687270143289 ], [ -114.697009514939936, 50.405105940166436 ], [ -114.696769696617338, 50.404958387329131 ], [ -114.696288670300802, 50.404642648049787 ], [ -114.696065945186632, 50.404486744141003 ], [ -114.694709712862945, 50.403473958409393 ], [ -114.694569854262141, 50.403364865030177 ], [ -114.694000184900403, 50.402900553055765 ], [ -114.693734372668644, 50.402724594606653 ], [ -114.692930440193777, 50.402232846870511 ], [ -114.69272139912843, 50.402119998450488 ], [ -114.692078776682209, 50.401829841121909 ], [ -114.691814906765742, 50.401702382131255 ], [ -114.690422779920326, 50.400983868425733 ], [ -114.690310679825359, 50.40092431421899 ], [ -114.689326744979027, 50.400386339561045 ], [ -114.6884213044668, 50.399891255370974 ], [ -114.688006650880453, 50.399637612450313 ], [ -114.687842666055715, 50.399525458241158 ], [ -114.687432717163801, 50.399245080281247 ], [ -114.687230177172978, 50.399106552766995 ], [ -114.687022834762544, 50.398964740630909 ], [ -114.686785846087162, 50.398790812356943 ], [ -114.684850446040059, 50.39726553976724 ], [ -114.684806629248328, 50.397230522204062 ], [ -114.683441268662577, 50.396123925914814 ], [ -114.680456580481447, 50.394296932654314 ], [ -114.679920865557634, 50.394008251323378 ], [ -114.679603042544699, 50.393821875760572 ], [ -114.678468244658305, 50.393098147319044 ], [ -114.677803990035102, 50.392577650554678 ], [ -114.676777850747158, 50.391580893011415 ], [ -114.676552241291944, 50.39133994161584 ], [ -114.675805728888989, 50.390459438672885 ], [ -114.675559146645469, 50.390125001930727 ], [ -114.675081172510318, 50.389369313150979 ], [ -114.674622384670457, 50.38873150374279 ], [ -114.674377782262681, 50.388495780654395 ], [ -114.674121429744616, 50.388301384647448 ], [ -114.672251274173092, 50.386992525039119 ], [ -114.671936133859205, 50.386827161203215 ], [ -114.671506465766242, 50.386625916447436 ], [ -114.671198767620055, 50.386521001529552 ], [ -114.670173270315658, 50.386214902733883 ], [ -114.67010584223118, 50.386176755373832 ], [ -114.669744338423911, 50.386201104454614 ], [ -114.669640817449078, 50.38620807640077 ], [ -114.669413224764511, 50.386213874093066 ], [ -114.667432390366258, 50.386264315403537 ], [ -114.667225083410969, 50.386266919787737 ], [ -114.666197075091162, 50.386266589504018 ], [ -114.665114747609152, 50.386192643624995 ], [ -114.662669516275784, 50.385855465697837 ], [ -114.662505130580186, 50.385844706860986 ], [ -114.66178436763434, 50.385875844556914 ], [ -114.655920660956767, 50.386202170387342 ], [ -114.655618931454114, 50.386213258695044 ], [ -114.655137600616911, 50.386221892876918 ], [ -114.654099906023134, 50.386293134235174 ], [ -114.653861604462961, 50.386305920838858 ], [ -114.653339023965955, 50.386326356747936 ], [ -114.652851388466757, 50.386345424503887 ], [ -114.6527781615398, 50.386348287396338 ], [ -114.652432593740997, 50.386342117762162 ], [ -114.652291298308626, 50.386372144266275 ], [ -114.652158270404172, 50.386359416821705 ], [ -114.65181271480688, 50.386395592928011 ], [ -114.651666228920007, 50.386402770294893 ], [ -114.651260811840487, 50.386429632488301 ], [ -114.649574768123585, 50.386541333934062 ], [ -114.647830044201612, 50.386720613809253 ], [ -114.646614408819431, 50.386875599922298 ], [ -114.644006507411831, 50.387279904790503 ], [ -114.643828548416394, 50.387305366912855 ], [ -114.643150368372787, 50.387394359236112 ], [ -114.642830071749032, 50.387429690059442 ], [ -114.640954181523696, 50.387597790660621 ], [ -114.639942395759391, 50.387720205331746 ], [ -114.639448293162033, 50.387799116674771 ], [ -114.638823058464695, 50.387943703331544 ], [ -114.638630956201581, 50.38799943110395 ], [ -114.638461929910079, 50.388057365311035 ], [ -114.637638641648508, 50.388396883467983 ], [ -114.637555021608094, 50.388430644518756 ], [ -114.635882890513727, 50.38909145028579 ], [ -114.635614253641066, 50.389190584643202 ], [ -114.634925559177219, 50.389427333693327 ], [ -114.634320371251775, 50.389604153385648 ], [ -114.633021964127551, 50.389920372754084 ], [ -114.632650687420011, 50.390000585637452 ], [ -114.631664700762059, 50.390185532448982 ], [ -114.63138662367146, 50.390237691086199 ], [ -114.631297478009088, 50.39025563481885 ], [ -114.630802160437568, 50.390343657439331 ], [ -114.62914318023256, 50.390636886530892 ], [ -114.628889934538847, 50.390681646293103 ], [ -114.628773891033561, 50.390702156401495 ], [ -114.628659766633817, 50.390723619916145 ], [ -114.628608179805369, 50.390733432968929 ], [ -114.628455479793658, 50.390762480001335 ], [ -114.62835967168887, 50.390780704300106 ], [ -114.628284127046214, 50.390795075052495 ], [ -114.627997300800814, 50.390888345846463 ], [ -114.627907617759789, 50.390917268018782 ], [ -114.627739464941158, 50.390960037425316 ], [ -114.627675846253382, 50.390977394304329 ], [ -114.627637761444632, 50.390989315885285 ], [ -114.626985395305582, 50.391200583377291 ], [ -114.626618601017512, 50.391331975868511 ], [ -114.626121260094038, 50.391488269922171 ], [ -114.625609840155818, 50.391627664966151 ], [ -114.625130846086265, 50.391740624450605 ], [ -114.624341980168282, 50.391895483216935 ], [ -114.624144072902197, 50.391934332945802 ], [ -114.623970768190617, 50.391967964397324 ], [ -114.623601888350791, 50.392031045477772 ], [ -114.623477794644032, 50.392052266510298 ], [ -114.622965279027454, 50.392120442467458 ], [ -114.621357317165177, 50.392264893279673 ], [ -114.62121616618164, 50.39227757300381 ], [ -114.621154538060438, 50.392282686852944 ], [ -114.620257009319019, 50.392360172163144 ], [ -114.618817836372884, 50.39254049837465 ], [ -114.618554200694689, 50.392585121514081 ], [ -114.617731299381646, 50.392770574105334 ], [ -114.617282619036587, 50.392899567163489 ], [ -114.617087290708454, 50.392952655779574 ], [ -114.615445420213049, 50.393373546050462 ], [ -114.615318136618512, 50.393401614417023 ], [ -114.615244846359388, 50.393428753737552 ], [ -114.615143961354008, 50.393474753182304 ], [ -114.614451592172728, 50.393848226367282 ], [ -114.614179208951526, 50.394008703070156 ], [ -114.613970160185602, 50.394149963742429 ], [ -114.612918329153061, 50.394935059450511 ], [ -114.612598005634837, 50.395153233174149 ], [ -114.612103482156868, 50.395460751091115 ], [ -114.611527184729795, 50.395770064918942 ], [ -114.61100920901373, 50.396009097638597 ], [ -114.610568178927068, 50.396191489907118 ], [ -114.610458158107079, 50.396232056432012 ], [ -114.610019034377444, 50.396393966623528 ], [ -114.60978711347191, 50.396474485559608 ], [ -114.609134657827369, 50.3966873431661 ], [ -114.608641170104832, 50.396827987054856 ], [ -114.607481460346364, 50.397112862169678 ], [ -114.606890067941421, 50.397232536942049 ], [ -114.606177706528086, 50.397347015405927 ], [ -114.605589064418908, 50.397418624121308 ], [ -114.604337689186039, 50.397523055948355 ], [ -114.603901750610291, 50.397547444144244 ], [ -114.603288538726318, 50.397565007386596 ], [ -114.601055812095353, 50.397684015158511 ], [ -114.600917825940087, 50.397679292441929 ], [ -114.600814516104421, 50.397675756537311 ], [ -114.600766435337476, 50.397674111483497 ], [ -114.60027703103178, 50.397722032389701 ], [ -114.60019981546472, 50.397726394193199 ], [ -114.599903294142962, 50.397747726006408 ], [ -114.596696441574807, 50.397902849852869 ], [ -114.596461058889261, 50.397910773180996 ], [ -114.595121901750701, 50.397936212599561 ], [ -114.594438905612066, 50.397920170020015 ], [ -114.59386504090368, 50.397882192669307 ], [ -114.59334635800974, 50.397830667775054 ], [ -114.592782611800104, 50.397755675828215 ], [ -114.592057646059416, 50.397623180379178 ], [ -114.591516712352075, 50.397496261798608 ], [ -114.59125042871328, 50.397428346508079 ], [ -114.590708072235785, 50.397278697895779 ], [ -114.589945891399239, 50.397017846091281 ], [ -114.589505404991797, 50.396835118657172 ], [ -114.589186044415001, 50.396691343009813 ], [ -114.588786319482921, 50.396496473070265 ], [ -114.58849241055016, 50.396341876510441 ], [ -114.588042650578117, 50.396086900892193 ], [ -114.587813565245895, 50.395948798940744 ], [ -114.587462056798714, 50.395723516846104 ], [ -114.586833386404791, 50.39523436319692 ], [ -114.58660966204863, 50.395021416630371 ], [ -114.586250308441848, 50.394679383569731 ], [ -114.585765315599289, 50.394293076185178 ], [ -114.585494055417385, 50.394098706270512 ], [ -114.585371869158692, 50.394060348858531 ], [ -114.585158285560297, 50.394067583854145 ], [ -114.58439276255406, 50.394171910919319 ], [ -114.584189985732479, 50.394179990694234 ], [ -114.583753038606659, 50.394308341341564 ], [ -114.583550831817007, 50.394342201435222 ], [ -114.582896181770067, 50.394476039986394 ], [ -114.581584514777759, 50.394744188638199 ], [ -114.580154940808413, 50.395057369143537 ], [ -114.580037953303389, 50.395062124573727 ], [ -114.579994981531556, 50.395092410176382 ], [ -114.579917124164695, 50.395109465478761 ], [ -114.579824380604435, 50.395129782377737 ], [ -114.57963751062529, 50.395187019601842 ], [ -114.57929458164169, 50.395305652408254 ], [ -114.579111977413945, 50.39537930413249 ], [ -114.578458144675125, 50.395691860582268 ], [ -114.57805846627798, 50.39595265412278 ], [ -114.577788453849195, 50.39611653700463 ], [ -114.57596807654609, 50.397143957650904 ], [ -114.575796920005203, 50.397236395849788 ], [ -114.575262917305579, 50.397512294274783 ], [ -114.574939382211227, 50.39766645070592 ], [ -114.573853961371427, 50.398142483517439 ], [ -114.573465253430712, 50.398297170763492 ], [ -114.573146413000572, 50.398425273929121 ], [ -114.572865094407831, 50.39853830084418 ], [ -114.572770153685283, 50.398563161975773 ], [ -114.571481113817683, 50.399102670892297 ], [ -114.571351892782573, 50.399153359371269 ], [ -114.569700130364808, 50.399780039782435 ], [ -114.569560258040468, 50.399831231183875 ], [ -114.569001627837807, 50.400028320169753 ], [ -114.568264670076985, 50.400241893972563 ], [ -114.56707175723102, 50.400517633478572 ], [ -114.56634375604223, 50.400648165481407 ], [ -114.565778236125524, 50.400721434875734 ], [ -114.564787405468266, 50.400786955820195 ], [ -114.563552804109847, 50.400791838261867 ], [ -114.563002782676989, 50.400775188584142 ], [ -114.561802947899395, 50.400697593354629 ], [ -114.561471439244926, 50.400690823211896 ], [ -114.560616523616673, 50.400955144901751 ], [ -114.560419560845688, 50.401032326248981 ], [ -114.559192824189722, 50.40145291189333 ], [ -114.558900105819632, 50.401559701511694 ], [ -114.558536838184665, 50.401680252688784 ], [ -114.55836122410777, 50.401732975607835 ], [ -114.557639222191241, 50.402002409054489 ], [ -114.557433761322301, 50.402075116551984 ], [ -114.555422199281409, 50.402749085019238 ], [ -114.55493984609663, 50.402890931849946 ], [ -114.552979356984494, 50.403390858986015 ], [ -114.552310736558709, 50.403528381796818 ], [ -114.551659391962247, 50.403631613767018 ], [ -114.551461065495218, 50.403660400915456 ], [ -114.550193963965384, 50.403827564981938 ], [ -114.549952373225736, 50.403855614509901 ], [ -114.545743212637049, 50.404278235916522 ], [ -114.543338781072308, 50.404676131823472 ], [ -114.538431930774891, 50.40558905513678 ], [ -114.538244058233317, 50.40562155545318 ], [ -114.536057725646231, 50.405971543628134 ], [ -114.535369104977804, 50.406050456806391 ], [ -114.533761371419303, 50.406163336119029 ], [ -114.53346026401492, 50.406184474756103 ], [ -114.532869551146277, 50.406225936667219 ], [ -114.531653948113728, 50.406311249253676 ], [ -114.531358733793965, 50.406326488795841 ], [ -114.529189467487384, 50.406398396664308 ], [ -114.528918574057755, 50.406402332746744 ], [ -114.528920988811592, 50.404556035410195 ], [ -114.528927156095648, 50.399816824149873 ], [ -114.53067729685435, 50.399758807531981 ], [ -114.532035056952679, 50.3996635156198 ], [ -114.532336141829518, 50.399642381500996 ], [ -114.532926753423695, 50.399600918333917 ], [ -114.533896092616075, 50.399532860966353 ], [ -114.534052018748639, 50.39950790070818 ], [ -114.535647680663089, 50.399252465097717 ], [ -114.539937512341552, 50.398454354780434 ], [ -114.540534559453022, 50.398343260681656 ], [ -114.540683317990442, 50.398317119689281 ], [ -114.54340549554783, 50.397866641902276 ], [ -114.543897201293177, 50.397801435817051 ], [ -114.548232839231716, 50.397366122651292 ], [ -114.54927992381667, 50.397227984345392 ], [ -114.549490856326699, 50.397194553255105 ], [ -114.550877333966142, 50.396841006075483 ], [ -114.552549270683969, 50.396280843776957 ], [ -114.55336853362769, 50.395975124187622 ], [ -114.553775575807336, 50.395838425486204 ], [ -114.553974105254142, 50.395778825484534 ], [ -114.554147779347574, 50.395715468037388 ], [ -114.554266334575871, 50.395673529928011 ], [ -114.555519980699515, 50.395243733686399 ], [ -114.555888485944479, 50.395106026470827 ], [ -114.55778351090423, 50.394520135134854 ], [ -114.558687241195159, 50.394304861006013 ], [ -114.558967171278198, 50.394256703358373 ], [ -114.559235970059532, 50.394213318100974 ], [ -114.559535251448992, 50.394174270018546 ], [ -114.559779111735196, 50.394158882512237 ], [ -114.560375257927305, 50.394116771966075 ], [ -114.561105145866918, 50.394098539452322 ], [ -114.562309036219148, 50.394123125763912 ], [ -114.562662921014208, 50.394138164186991 ], [ -114.563764852863457, 50.394209430215696 ], [ -114.564090759250391, 50.394208141161627 ], [ -114.564381623630339, 50.394140909721948 ], [ -114.564514372404204, 50.394094075824292 ], [ -114.566031512123146, 50.393518493600929 ], [ -114.567030398056119, 50.393113621313091 ], [ -114.567079216788343, 50.393092639164415 ], [ -114.567209754521272, 50.393036533236476 ], [ -114.567798146105545, 50.392783638191837 ], [ -114.568218344091449, 50.392632572161034 ], [ -114.568948255666754, 50.392312471825463 ], [ -114.569238058892907, 50.392162752329931 ], [ -114.570834749609205, 50.391261652755759 ], [ -114.571124547941068, 50.39107257517793 ], [ -114.571389002625153, 50.390910252640545 ], [ -114.571771995869085, 50.390675168280438 ], [ -114.571984735274114, 50.390581100341485 ], [ -114.572358518350626, 50.390398170572283 ], [ -114.57249120608526, 50.390333232350123 ], [ -114.573109965909779, 50.39003040438589 ], [ -114.573445921959461, 50.389882700787673 ], [ -114.573946619627392, 50.389680758005504 ], [ -114.574243530151506, 50.389569694627134 ], [ -114.574981035001755, 50.389314570278565 ], [ -114.575081662529172, 50.389282163331089 ], [ -114.575459360787363, 50.389199471987624 ], [ -114.575617065200234, 50.389124001329286 ], [ -114.57579670854318, 50.389076475435779 ], [ -114.575950555393206, 50.389050611114861 ], [ -114.576451454928062, 50.388911640747871 ], [ -114.576545388698136, 50.388885579007855 ], [ -114.57661085926415, 50.388871444504112 ], [ -114.576750805937735, 50.388841231497302 ], [ -114.578362832835921, 50.388493194129168 ], [ -114.578464431952469, 50.38847216732276 ], [ -114.58024825675588, 50.388115996541664 ], [ -114.580481742965631, 50.388062782632176 ], [ -114.580910582033454, 50.38796504395382 ], [ -114.581406124533999, 50.387866858235398 ], [ -114.581944445380273, 50.387778935151808 ], [ -114.582145449452298, 50.38774883616729 ], [ -114.583408101887755, 50.387576758352139 ], [ -114.583554571541455, 50.387564375669271 ], [ -114.584208948695519, 50.387509049148626 ], [ -114.585536954029308, 50.387464059707419 ], [ -114.586400815387833, 50.387481243474475 ], [ -114.586988116304795, 50.387524673258902 ], [ -114.587995377788928, 50.387665621954085 ], [ -114.588471259714851, 50.387765028962683 ], [ -114.588796425289928, 50.38784077685338 ], [ -114.589287359699739, 50.387967246657524 ], [ -114.589632328069584, 50.388065667374207 ], [ -114.590196773363772, 50.388242857475348 ], [ -114.590517177199487, 50.388352577538015 ], [ -114.590973784656029, 50.388522464436974 ], [ -114.591521766588372, 50.388757644915621 ], [ -114.592041902771186, 50.389013257420466 ], [ -114.592579445587489, 50.389317830534026 ], [ -114.592948833406595, 50.389558562164986 ], [ -114.593124109203643, 50.389678641767766 ], [ -114.593550056497193, 50.389985454228224 ], [ -114.593714415093118, 50.39010991415293 ], [ -114.59400587838509, 50.390342042413231 ], [ -114.594285703345435, 50.390564896503093 ], [ -114.594415919298001, 50.390668596052876 ], [ -114.5946747192028, 50.390893628740933 ], [ -114.595081160204785, 50.391280412947751 ], [ -114.595208099457707, 50.391350211698992 ], [ -114.595708775105123, 50.391340700565863 ], [ -114.596037317839347, 50.391334458271302 ], [ -114.598945770767955, 50.391211433630396 ], [ -114.599187927264651, 50.391175626835704 ], [ -114.599292159561628, 50.391168378958064 ], [ -114.599910935673435, 50.39113370751862 ], [ -114.600080554216873, 50.391124203351595 ], [ -114.600339336279532, 50.391139573761912 ], [ -114.602531472593768, 50.39100105697942 ], [ -114.602728901625156, 50.390992971065742 ], [ -114.603222114874526, 50.390978845077477 ], [ -114.603958645109557, 50.390917378943819 ], [ -114.604078588001116, 50.390898103467947 ], [ -114.604695659420926, 50.390746526633279 ], [ -114.604989551105504, 50.390650649806609 ], [ -114.605195812215968, 50.390574601307378 ], [ -114.60525157605629, 50.390539927726003 ], [ -114.606233872730272, 50.389806817011696 ], [ -114.606404216519294, 50.389685868869542 ], [ -114.6068219799578, 50.389403605112669 ], [ -114.607072862453151, 50.389245318548177 ], [ -114.607557748455378, 50.388959668359327 ], [ -114.607726660486819, 50.388864443356177 ], [ -114.608665141631334, 50.388358250201776 ], [ -114.608995678960099, 50.388194191322739 ], [ -114.609465311106945, 50.387980068233944 ], [ -114.609874302505943, 50.387811643069419 ], [ -114.610408461848834, 50.387613855421471 ], [ -114.610831223931399, 50.387473594371762 ], [ -114.611212166063893, 50.387361188279101 ], [ -114.61161409653036, 50.387264835290829 ], [ -114.613157277470222, 50.386869251183171 ], [ -114.613705692053273, 50.386711587809479 ], [ -114.61410554814826, 50.386609264138528 ], [ -114.61532616168725, 50.386334185354613 ], [ -114.615720079609829, 50.386256597428442 ], [ -114.616345568186546, 50.386150726981185 ], [ -114.616673022660862, 50.386102554817654 ], [ -114.618438539971137, 50.385881337728392 ], [ -114.618763380643045, 50.385847488895116 ], [ -114.619621139196241, 50.385776021103752 ], [ -114.619762454005652, 50.385764246266348 ], [ -114.619824255223747, 50.385758619089223 ], [ -114.621064008299882, 50.385645730815959 ], [ -114.621182558287785, 50.385623700748972 ], [ -114.621235497838114, 50.385613862101266 ], [ -114.621828782832822, 50.385503608857761 ], [ -114.62204748460104, 50.385425267659237 ], [ -114.622237602271881, 50.385360470116538 ], [ -114.623199952062663, 50.385072933435865 ], [ -114.623333138955317, 50.385009805732373 ], [ -114.623501231629291, 50.384970159972227 ], [ -114.623639182068118, 50.38492913433678 ], [ -114.623685711352039, 50.384915297107433 ], [ -114.623887610131675, 50.384855791997886 ], [ -114.624153561328342, 50.384777408001206 ], [ -114.62445397593801, 50.384688866295306 ], [ -114.624881079592598, 50.384587944043851 ], [ -114.625156786913905, 50.384528403072615 ], [ -114.625418217279915, 50.384477161179362 ], [ -114.62566698444374, 50.384432129128314 ], [ -114.62589410687643, 50.384386125408263 ], [ -114.626034128354505, 50.384364339409622 ], [ -114.626277429011878, 50.384320732510353 ], [ -114.626529897068991, 50.384275481081332 ], [ -114.628187029062559, 50.383978447777032 ], [ -114.628465832684384, 50.383928470989531 ], [ -114.628555529632123, 50.383911524460046 ], [ -114.629047956977146, 50.383818489866009 ], [ -114.62954090381487, 50.383725354075168 ], [ -114.630344420579249, 50.383529665995063 ], [ -114.630602802442382, 50.383440846136175 ], [ -114.632100778799142, 50.382848887651832 ], [ -114.633057210600654, 50.382454479303576 ], [ -114.633415236683078, 50.382319599164731 ], [ -114.633917621270626, 50.382147409784068 ], [ -114.634222809169742, 50.3820509737047 ], [ -114.634754982600555, 50.3818965969039 ], [ -114.635131024390276, 50.381798752479419 ], [ -114.636194943926682, 50.381552723638059 ], [ -114.636698224551935, 50.381454624341437 ], [ -114.637592102811595, 50.381311867221754 ], [ -114.637882487537212, 50.381271147588578 ], [ -114.639161112433001, 50.381116449062837 ], [ -114.639403787207058, 50.381090911356743 ], [ -114.641240238037156, 50.380926346290366 ], [ -114.641669753174028, 50.380869984707061 ], [ -114.644291467766763, 50.380463537684903 ], [ -114.644497923761108, 50.380434385883703 ], [ -114.645911727599426, 50.380254133565025 ], [ -114.646101629940048, 50.380232279151279 ], [ -114.648084018309845, 50.380028577985861 ], [ -114.64837033399354, 50.380004403336685 ], [ -114.650410807413124, 50.379869219779565 ], [ -114.650751527222567, 50.379847587043429 ], [ -114.650898084428945, 50.37984271701324 ], [ -114.651305038841528, 50.3798217178363 ], [ -114.6515954645688, 50.379806731823749 ], [ -114.65208293479408, 50.379782104169848 ], [ -114.652156141975524, 50.379780369900089 ], [ -114.652490534994755, 50.379766743065971 ], [ -114.653119986878139, 50.379741089436521 ], [ -114.654240676643383, 50.379664148491088 ], [ -114.654645836917808, 50.379646633968605 ], [ -114.655179122436508, 50.379637068195819 ], [ -114.660941169832995, 50.379316393985199 ], [ -114.661040712459823, 50.379311473055466 ], [ -114.661881105335667, 50.379275166402927 ], [ -114.662021047762764, 50.379270343201327 ], [ -114.662491918331312, 50.379258221437581 ], [ -114.663271009100868, 50.379275950576385 ], [ -114.66407221908662, 50.379333250994229 ], [ -114.664585188418073, 50.379386822280772 ], [ -114.666749528896105, 50.379685273710727 ], [ -114.667126478042306, 50.379685393567073 ], [ -114.669231021659684, 50.379631798678737 ], [ -114.669385858274438, 50.379630047389163 ], [ -114.669458766015467, 50.379629222722947 ], [ -114.670642064031526, 50.379610946415944 ], [ -114.672043356896509, 50.379716475082795 ], [ -114.67281735798322, 50.379845352179295 ], [ -114.673220539772018, 50.379923886408307 ], [ -114.673816883614876, 50.380057336241812 ], [ -114.674293811412653, 50.380181515309978 ], [ -114.675676783985324, 50.380594304412782 ], [ -114.675921480497763, 50.380672468931024 ], [ -114.676673600640768, 50.380928906691999 ], [ -114.677293294137925, 50.381177898557262 ], [ -114.678133116516051, 50.381571227284468 ], [ -114.67835675751256, 50.381682135416739 ], [ -114.678915719153153, 50.381975417864254 ], [ -114.679176760972481, 50.382122086819365 ], [ -114.679474522558039, 50.382301129934966 ], [ -114.67975185525556, 50.382481210060398 ], [ -114.681795465569408, 50.383914260182905 ], [ -114.681926962517679, 50.384010132339107 ], [ -114.682438154355083, 50.384397729411717 ], [ -114.682792112850336, 50.384699660395377 ], [ -114.683420740146957, 50.385305361743058 ], [ -114.68380804728514, 50.385749620922844 ], [ -114.68448398144956, 50.386689055634605 ], [ -114.684579451996697, 50.386830354980802 ], [ -114.684994104102543, 50.387485723765302 ], [ -114.685497930730776, 50.388079847925113 ], [ -114.686112926157691, 50.388677131121504 ], [ -114.686721024163816, 50.389064913105578 ], [ -114.687216423247961, 50.389331848383762 ], [ -114.687458960272522, 50.389471166553953 ], [ -114.690820811512523, 50.391528835781578 ], [ -114.691302571742568, 50.391867801067818 ], [ -114.692868671925638, 50.393136924353179 ], [ -114.694538839640856, 50.394476113576538 ], [ -114.694651436231382, 50.394566392821169 ], [ -114.694954958036718, 50.394751053173962 ], [ -114.695157516104842, 50.394889575489366 ], [ -114.695332635862499, 50.39500933320182 ], [ -114.69601960057328, 50.395384926170244 ], [ -114.69694810506904, 50.395892555464542 ], [ -114.698154748119634, 50.39651529322331 ], [ -114.698843833154669, 50.396826410845563 ], [ -114.69919536160117, 50.397000125213978 ], [ -114.699696433091148, 50.397270603448725 ], [ -114.699934082758958, 50.397407182796556 ], [ -114.700926996982631, 50.398014472123805 ], [ -114.70107112603884, 50.398106175786594 ], [ -114.701591671774494, 50.398450722961513 ], [ -114.701939296738701, 50.398705844345507 ], [ -114.702604433172908, 50.399247896179524 ], [ -114.703781498101208, 50.400126779553702 ], [ -114.704031073092779, 50.400290580824219 ], [ -114.704616940163206, 50.400628382579143 ], [ -114.704990619831406, 50.400812618116717 ], [ -114.705051487635842, 50.400824667601228 ], [ -114.705225838473865, 50.400859183561394 ], [ -114.70556974610632, 50.400965297500143 ], [ -114.706412433122054, 50.401193301255503 ], [ -114.70660011842412, 50.401246930728163 ], [ -114.707218728417914, 50.40143324803725 ], [ -114.709286094449823, 50.402007557280726 ], [ -114.709525161020153, 50.402078672168045 ], [ -114.710054116945003, 50.402246679699665 ], [ -114.710167525757072, 50.402282697990017 ], [ -114.71058549659169, 50.402431294957466 ], [ -114.71175446392607, 50.402893568401048 ], [ -114.712019429593326, 50.403005717743099 ], [ -114.712368938290894, 50.403165735893282 ], [ -114.712738254615161, 50.403334819705464 ], [ -114.71282333160687, 50.403370673616102 ], [ -114.713098630760172, 50.403499861284494 ], [ -114.713225838071565, 50.403583860540778 ], [ -114.713477283327009, 50.403684941886439 ], [ -114.71399121231714, 50.403957238887287 ], [ -114.71433906380544, 50.404159356915201 ], [ -114.714813477456204, 50.404461415333103 ], [ -114.715053895752916, 50.404625311647301 ], [ -114.715500541440761, 50.404951421219039 ], [ -114.715717440030957, 50.405120836768688 ], [ -114.715931107260886, 50.405299539785943 ], [ -114.71615129429928, 50.405458660908877 ], [ -114.716441463589092, 50.405688341816287 ], [ -114.71684637301162, 50.406053239581794 ], [ -114.717024600879355, 50.406213852899469 ], [ -114.717360851037938, 50.406523250615066 ], [ -114.717504407320092, 50.406704302990462 ], [ -114.717766451776939, 50.407034785519414 ], [ -114.717942768294151, 50.407263303528595 ], [ -114.718326117343906, 50.407670466838987 ], [ -114.718919040049684, 50.408220086118924 ], [ -114.719147963784806, 50.408411823492337 ], [ -114.719308273556706, 50.408530227012669 ], [ -114.719726493209635, 50.408758809711337 ], [ -114.721059281085672, 50.409417671285517 ], [ -114.722690301011724, 50.410170636905974 ], [ -114.722873000969287, 50.410258995522121 ], [ -114.724762506642676, 50.411215763711297 ], [ -114.724995724035452, 50.411341206614786 ], [ -114.725363025033786, 50.411550946294433 ], [ -114.725768862421546, 50.411758754990629 ], [ -114.726193265058669, 50.412001897868151 ], [ -114.728038628448687, 50.413183126508429 ], [ -114.728198807779663, 50.413290380833047 ], [ -114.729757662071052, 50.414382362639991 ], [ -114.730045907891864, 50.414602883626301 ], [ -114.730770229495377, 50.415208942656754 ], [ -114.731031884578641, 50.415410154877037 ], [ -114.732799801519619, 50.416641353332373 ], [ -114.733162806066417, 50.41692421447911 ], [ -114.733763632191582, 50.417460038273873 ], [ -114.733888726283496, 50.417540538918509 ], [ -114.734196159924608, 50.417814430858776 ], [ -114.73441212010755, 50.418006827274468 ], [ -114.734950170793823, 50.418517969996557 ], [ -114.735436781675617, 50.419098211060259 ], [ -114.736738407791293, 50.421111498946182 ], [ -114.736955935069957, 50.421523026281129 ], [ -114.737404281608633, 50.422601341606871 ], [ -114.738016379407554, 50.423518429994608 ], [ -114.738902932568152, 50.424554972942211 ], [ -114.740286627807706, 50.42610895314602 ], [ -114.740655725310134, 50.426621157587178 ], [ -114.741211433597485, 50.427606979508866 ], [ -114.741709861153225, 50.428491129821374 ], [ -114.742746607857384, 50.430247120286261 ], [ -114.742768035288776, 50.430284080756628 ], [ -114.743708651750282, 50.431936812544336 ], [ -114.743763155537934, 50.43203763292896 ], [ -114.744947586581262, 50.434349287019117 ], [ -114.744972027962163, 50.434398278202188 ], [ -114.745592658962238, 50.435676701069511 ], [ -114.745830068774239, 50.436074863053385 ], [ -114.746325858910026, 50.436566881583694 ], [ -114.747348255261485, 50.43730640127734 ], [ -114.74813826760969, 50.437827663458705 ], [ -114.748280458820261, 50.437925367878293 ], [ -114.749302774572442, 50.438657017422607 ], [ -114.749400372879734, 50.438728931468454 ], [ -114.75079237246689, 50.439785053734987 ], [ -114.750877229295185, 50.439851156821071 ], [ -114.753939866613408, 50.442301002305271 ], [ -114.754032103205546, 50.44237477514433 ], [ -114.75412426851689, 50.442448492876629 ], [ -114.75422334700329, 50.442527739425444 ], [ -114.754792232158593, 50.442918217606454 ], [ -114.756044623937044, 50.443778418861392 ], [ -114.758097199267496, 50.445044688570555 ], [ -114.758142597641125, 50.445073040865616 ], [ -114.76016199352695, 50.446349827569151 ], [ -114.76020787951677, 50.446379206616648 ], [ -114.761813841419155, 50.447420448863255 ], [ -114.762207222867019, 50.447706923788338 ], [ -114.764743477001232, 50.449785137736278 ], [ -114.765663952080487, 50.450478684280704 ], [ -114.767135005207436, 50.451485574244174 ], [ -114.767494313445852, 50.451721637170685 ], [ -114.767847225722463, 50.45195349539852 ], [ -114.768120416326084, 50.452132967727863 ], [ -114.770079720617957, 50.453420069087883 ], [ -114.770109224704342, 50.453439611352195 ], [ -114.773843828470319, 50.455933480846497 ], [ -114.774418191497816, 50.456291463775976 ], [ -114.774621911631513, 50.456425861144901 ], [ -114.77603714942822, 50.457414203231131 ], [ -114.776238301916152, 50.457563401846635 ], [ -114.777824859341763, 50.458813911837318 ], [ -114.778093214178327, 50.459045444761671 ], [ -114.779411907976808, 50.460293934743817 ], [ -114.779705146624991, 50.460571551405963 ], [ -114.779914213171992, 50.460769482673761 ], [ -114.78065808704747, 50.461473722823058 ], [ -114.7807439069433, 50.461557701587793 ], [ -114.781608127746068, 50.462432183979743 ], [ -114.782099409001148, 50.462857725123072 ], [ -114.78295651608606, 50.463376190381048 ], [ -114.783454413710984, 50.463723796313666 ], [ -114.784419065475873, 50.464502532227272 ], [ -114.786747525498015, 50.466181631330016 ], [ -114.787086128493712, 50.466453433697467 ], [ -114.788502841480565, 50.4677227239426 ], [ -114.790292664808035, 50.469285091077637 ], [ -114.790340623771044, 50.4693276622206 ], [ -114.794864038261551, 50.47341060780991 ], [ -114.794952770734398, 50.473493335875219 ], [ -114.795185480827271, 50.47371755120421 ], [ -114.796066120466278, 50.474566020380998 ], [ -114.796885367080819, 50.475355299608488 ], [ -114.7970409624659, 50.475514923892675 ], [ -114.798312956817185, 50.476906937163626 ], [ -114.798359225305319, 50.476958639325517 ], [ -114.800149311170955, 50.479001520715187 ], [ -114.800203153859286, 50.479064570418927 ], [ -114.801351875584288, 50.480445285735726 ], [ -114.802777768470804, 50.482090198623183 ], [ -114.802901214899393, 50.48224998254183 ], [ -114.804188579675838, 50.483662300798606 ], [ -114.804730249175122, 50.484187981933069 ], [ -114.80488392782442, 50.484346751944038 ], [ -114.805374248076916, 50.484886997125187 ], [ -114.805906051248996, 50.485406096472509 ], [ -114.805957040100338, 50.485456876733529 ], [ -114.808572816929953, 50.488115076067317 ], [ -114.808648027406136, 50.488193935800808 ], [ -114.809071501336987, 50.488652308710279 ], [ -114.809888698162567, 50.489476785160214 ], [ -114.810124418188963, 50.489740850252431 ], [ -114.810597854223857, 50.490333250974956 ], [ -114.810799616359532, 50.490563511780991 ], [ -114.811873640027144, 50.492001821214025 ], [ -114.812001329642698, 50.492187315320052 ], [ -114.812726324811877, 50.49333522037174 ], [ -114.813304350486561, 50.494199670116203 ], [ -114.813455788398855, 50.494325875813608 ], [ -114.813632934508504, 50.49452776337732 ], [ -114.814565090376135, 50.495476276425016 ], [ -114.815072608386771, 50.495966581345265 ], [ -114.815454091176761, 50.496292175912281 ], [ -114.815578102400224, 50.496398017469303 ], [ -114.815828106658813, 50.496621345351826 ], [ -114.81597466157038, 50.496759947646872 ], [ -114.816086384821318, 50.496873606420088 ], [ -114.816125525926807, 50.496934257296601 ], [ -114.816429367960112, 50.497222526120218 ], [ -114.816480168529608, 50.497274205558824 ], [ -114.816633391468784, 50.497409306037063 ], [ -114.817177970357506, 50.49788946746304 ], [ -114.817295291825914, 50.497992907950433 ], [ -114.817382999426442, 50.498064629890727 ], [ -114.817424385553608, 50.498100870677646 ], [ -114.81771058416966, 50.498351484116832 ], [ -114.817753945410701, 50.498416704292488 ], [ -114.817943843428921, 50.498616893932024 ], [ -114.818200743958144, 50.498838796923295 ], [ -114.819496921114592, 50.500001277288483 ], [ -114.822214680213207, 50.502297707563507 ], [ -114.823600363829215, 50.503415310094098 ], [ -114.824921324401572, 50.504411859247689 ], [ -114.824950811835706, 50.504430760287491 ], [ -114.827304142671721, 50.506229335847081 ], [ -114.830714738770979, 50.508833287384398 ], [ -114.835285121159231, 50.512330500288051 ], [ -114.835363696502696, 50.51239211753402 ], [ -114.836300101472659, 50.513144768962384 ], [ -114.836460884312643, 50.513274004418513 ], [ -114.836884207661853, 50.513610332968057 ], [ -114.837122444619737, 50.51371719791581 ], [ -114.8372935302625, 50.513793939842365 ], [ -114.837400785766164, 50.513862629441952 ], [ -114.838714587294646, 50.514355823157167 ], [ -114.839364813771411, 50.514577027713543 ], [ -114.839519276581555, 50.514604078850148 ], [ -114.839620585274943, 50.51463161364741 ], [ -114.840261240477275, 50.514822271783629 ], [ -114.840335553615276, 50.514845063628677 ], [ -114.840757283869436, 50.51499538313761 ], [ -114.841709436316833, 50.515280128078054 ], [ -114.842069750729266, 50.515387878898181 ], [ -114.842259035380877, 50.515413941563757 ], [ -114.842579484674602, 50.515489461353994 ], [ -114.843011758361214, 50.515612977062524 ], [ -114.843387256927059, 50.515720268276901 ], [ -114.843841979975622, 50.515858846602754 ], [ -114.845189092095197, 50.516141048024593 ], [ -114.845492523415558, 50.516186422831872 ], [ -114.846425894204003, 50.516280019421423 ], [ -114.846549693918362, 50.516292433308656 ], [ -114.846647753586254, 50.516300806035652 ], [ -114.847165710034503, 50.516345029445446 ], [ -114.847456025241314, 50.516351219431975 ], [ -114.848342999223604, 50.516350512966206 ], [ -114.848519719995551, 50.516340880978483 ], [ -114.848635389248443, 50.516335409792596 ], [ -114.850002857275584, 50.516280570414843 ], [ -114.8503099165995, 50.516274096400366 ], [ -114.853373050634062, 50.516267628215139 ], [ -114.853730062501384, 50.516274750020443 ], [ -114.8551190318652, 50.516333174283666 ], [ -114.85559273320915, 50.5163671621711 ], [ -114.859138116403855, 50.51672786222008 ], [ -114.859281148864596, 50.51674372976845 ], [ -114.864844738250383, 50.517412336259561 ], [ -114.864895016483104, 50.517418377369935 ], [ -114.872715367309056, 50.518357709255589 ], [ -114.876082634633434, 50.518749574250862 ], [ -114.876178086694111, 50.518761274246039 ], [ -114.87925800019157, 50.519157953245902 ], [ -114.88225835637887, 50.519504174426373 ], [ -114.884036245601962, 50.519712637735836 ], [ -114.885115113507808, 50.519794295759432 ], [ -114.886732769125373, 50.519746710173074 ], [ -114.888532308065479, 50.519413676795104 ], [ -114.893971341646917, 50.51774970021674 ], [ -114.89406507728313, 50.517721753720316 ], [ -114.897856946457907, 50.51662055113794 ], [ -114.898505533009924, 50.516464781418591 ], [ -114.901611479908155, 50.51586718422476 ], [ -114.902138737409985, 50.515784744245259 ], [ -114.906560576141743, 50.515248669246368 ], [ -114.907309105975855, 50.515193604343096 ], [ -114.909824367994858, 50.515126491113705 ], [ -114.910046464033826, 50.515123613183569 ], [ -114.910942559128543, 50.51517429297806 ], [ -114.911637680011609, 50.515285201055612 ], [ -114.914191001884475, 50.515815067987354 ], [ -114.914689274871947, 50.51593696388386 ], [ -114.92367844371131, 50.518482873335536 ], [ -114.924327744634169, 50.518703300239196 ], [ -114.926948211009218, 50.519752098855363 ], [ -114.927597873534168, 50.52005986789576 ], [ -114.929739244637105, 50.52125125207445 ], [ -114.930014182414567, 50.521415871995643 ], [ -114.930182613679307, 50.521524369860252 ], [ -114.930514357775806, 50.521738069846613 ], [ -114.930815522571493, 50.521932059305847 ], [ -114.931477358656821, 50.522358362372856 ], [ -114.931638412851044, 50.522466922131443 ], [ -114.940213373661308, 50.528515200904117 ], [ -114.940737041467116, 50.528884493428052 ], [ -114.941299238226335, 50.529286076413371 ], [ -114.941379185714396, 50.52933511072866 ], [ -114.941518275426944, 50.529432711698384 ], [ -114.94893078970577, 50.534633311416393 ], [ -114.950979669715508, 50.536070494744585 ], [ -114.951314288609439, 50.536330784257281 ], [ -114.952785000203392, 50.537602189346735 ], [ -114.953162556328977, 50.537979926174792 ], [ -114.954398241623338, 50.539424548011468 ], [ -114.95462434291467, 50.539723907840198 ], [ -114.955530712730507, 50.54109732974986 ], [ -114.956048957034469, 50.541773137658105 ], [ -114.956667167072496, 50.5424820985073 ], [ -114.957353297509613, 50.543152731092434 ], [ -114.957414882547283, 50.543214409578908 ], [ -114.961124685152583, 50.547022291507382 ], [ -114.961696792127086, 50.547840678706216 ], [ -114.962494559704922, 50.549591854260846 ], [ -114.962621273146013, 50.549939376919987 ], [ -114.962699284747416, 50.550510820116273 ], [ -114.962681165188158, 50.550784558577469 ], [ -114.962439409071294, 50.552618457134983 ], [ -114.962221091887912, 50.553327256476415 ], [ -114.961948057092215, 50.553882206058489 ], [ -114.961739424312213, 50.554306227085974 ], [ -114.961714921295638, 50.554354708085285 ], [ -114.961289548037485, 50.555174439599334 ], [ -114.96123442903567, 50.555282143312233 ], [ -114.960404032108428, 50.556904706548252 ], [ -114.960069796838937, 50.557410254570065 ], [ -114.959885575235631, 50.557634538541478 ], [ -114.959528475243843, 50.558069377752645 ], [ -114.9591724589271, 50.558440808767102 ], [ -114.958244914265819, 50.55927841654367 ], [ -114.958088283893375, 50.559412492364537 ], [ -114.957471905531349, 50.5599129630817 ], [ -114.954588211526072, 50.562227723409677 ], [ -114.954396092290892, 50.562461903657557 ], [ -114.954527135996969, 50.562710683059287 ], [ -114.956861627559348, 50.565101448608438 ], [ -114.960883324120076, 50.569175772998967 ], [ -114.961060586379247, 50.569371195879377 ], [ -114.961205988214431, 50.569500812832324 ], [ -114.961409442060329, 50.569696584837928 ], [ -114.961687531519004, 50.56998610916898 ], [ -114.961755891757022, 50.570059394837941 ], [ -114.962136110475086, 50.570579375416358 ], [ -114.962368778821656, 50.571133504826349 ], [ -114.962446162057304, 50.571700113688188 ], [ -114.959271659262498, 50.571702017436195 ], [ -114.95290814444644, 50.571705566723558 ], [ -114.951175004541852, 50.571706469882216 ] ] ] ] } },
{ "type": "Feature", "properties": { "PSCW_NAME": "Highway 40 Corridor", "PSCW_CODE": "CW008", "GlobalID": "{6E585850-2D95-4658-A33C-6E7A81FD97FC}" }, "geometry": { "type": "MultiPolygon", "coordinates": [ [ [ [ -118.820649918450002, 53.927404828544695 ], [ -118.820350132711411, 53.927688960849238 ], [ -118.819701796914259, 53.928115250970116 ], [ -118.818937869401097, 53.928468617344365 ], [ -118.818081563636866, 53.928738319618702 ], [ -118.817597949130445, 53.928844640537555 ], [ -118.816273039549984, 53.92909530181813 ], [ -118.815558556392077, 53.929254256393406 ], [ -118.815110839259447, 53.929341275745699 ], [ -118.814408213334218, 53.929458632914347 ], [ -118.813768753136046, 53.929597119606605 ], [ -118.813513727525972, 53.929648252878692 ], [ -118.81269191158259, 53.929800046470547 ], [ -118.812012564931166, 53.929943192652523 ], [ -118.81173859245331, 53.929996242415392 ], [ -118.810808825966134, 53.93016065995095 ], [ -118.810668920450141, 53.930184229629589 ], [ -118.809228536239601, 53.930414903557448 ], [ -118.808818421453878, 53.930470851228449 ], [ -118.808098393118613, 53.930552288948157 ], [ -118.80763982217735, 53.930592556545946 ], [ -118.80673466076405, 53.930649424616966 ], [ -118.8064331403246, 53.930663492704817 ], [ -118.804944764621553, 53.930708959372637 ], [ -118.804657712422525, 53.930713351248535 ], [ -118.80373033765143, 53.930713421099888 ], [ -118.803432167347296, 53.930713441526365 ], [ -118.803123217066343, 53.930702420927823 ], [ -118.802759982504114, 53.930692289221241 ], [ -118.801903503852387, 53.930668395635493 ], [ -118.801343159467038, 53.930633161189327 ], [ -118.797416143892036, 53.930266765329691 ], [ -118.796598966374688, 53.930213268610672 ], [ -118.796230555925732, 53.930181761277439 ], [ -118.793711340893339, 53.929915264130564 ], [ -118.791826454665696, 53.929763259707272 ], [ -118.791629357069667, 53.929745235494828 ], [ -118.78993147306619, 53.929571524140606 ], [ -118.789173823779663, 53.929519384778544 ], [ -118.788765372514476, 53.929482160814196 ], [ -118.787664473057703, 53.929356980667968 ], [ -118.787046561004388, 53.929301564123286 ], [ -118.785615765037505, 53.929173211564702 ], [ -118.785208632555097, 53.929127479762514 ], [ -118.78474278365907, 53.929064464992649 ], [ -118.781958484143757, 53.92882222704921 ], [ -118.781764142924757, 53.928803238747484 ], [ -118.780798395131725, 53.928698480871297 ], [ -118.778676423664891, 53.928493438482533 ], [ -118.777286746617065, 53.928359129115307 ], [ -118.773913980732218, 53.928033078447335 ], [ -118.77331403324574, 53.92798978947598 ], [ -118.772228238648054, 53.927955227392658 ], [ -118.771727306991181, 53.927963340035284 ], [ -118.771457334616954, 53.927977573376999 ], [ -118.770409303607948, 53.928100702178895 ], [ -118.769753260259606, 53.928203770744851 ], [ -118.769466142012192, 53.92827406347142 ], [ -118.769148674287393, 53.928352090694531 ], [ -118.768108590070952, 53.92864894467278 ], [ -118.766441630514933, 53.929197322779231 ], [ -118.766161163352649, 53.929283517689285 ], [ -118.765631767501247, 53.929435095490497 ], [ -118.763311368331003, 53.930164443730831 ], [ -118.762721997167688, 53.930364959886489 ], [ -118.762481623055635, 53.930442158401128 ], [ -118.761629084501024, 53.930699442188455 ], [ -118.761208215653269, 53.930826451197596 ], [ -118.761072371608606, 53.930869376903424 ], [ -118.760769625831742, 53.930965056103204 ], [ -118.759765456110983, 53.931282403579566 ], [ -118.759512451969712, 53.931357537314177 ], [ -118.759050052233079, 53.931486262194724 ], [ -118.758787360401527, 53.931554562898931 ], [ -118.757659976242579, 53.931827423865002 ], [ -118.757257203820004, 53.931924902102431 ], [ -118.756840052096436, 53.932014570471743 ], [ -118.75513291765985, 53.932336638414014 ], [ -118.75484226874066, 53.93238637530866 ], [ -118.754150122116016, 53.932492873009203 ], [ -118.753510444067373, 53.932568001467502 ], [ -118.752147030568707, 53.932679621956872 ], [ -118.752024879236686, 53.932689622365686 ], [ -118.751778648671632, 53.932706494383403 ], [ -118.751657060627835, 53.932713210694182 ], [ -118.750637812461051, 53.932769433067584 ], [ -118.750516143250323, 53.932776148952755 ], [ -118.750394103647679, 53.932782883492372 ], [ -118.749670247520086, 53.932822768452247 ], [ -118.739212585656986, 53.933375999959715 ], [ -118.736950234275071, 53.933489829095876 ], [ -118.728243189883429, 53.933935879008295 ], [ -118.726464819485969, 53.934044940858776 ], [ -118.726321356739788, 53.934052632462254 ], [ -118.72342156600989, 53.934185746162491 ], [ -118.722227757587916, 53.934237442101889 ], [ -118.721785143918098, 53.934246187556866 ], [ -118.720110211499119, 53.934239948323814 ], [ -118.719704319915039, 53.934229688369506 ], [ -118.718412905121056, 53.934169127972631 ], [ -118.718243858685, 53.934171203851626 ], [ -118.717580087541606, 53.934155970798443 ], [ -118.716899827715864, 53.934116280661534 ], [ -118.716416349001065, 53.93407537030631 ], [ -118.715834281934676, 53.934010630914891 ], [ -118.714448908629791, 53.933856548701314 ], [ -118.713968537299536, 53.93380312308399 ], [ -118.713734208867251, 53.933773968993854 ], [ -118.71170173117126, 53.933494017003866 ], [ -118.711428440740832, 53.933452032400332 ], [ -118.71093974295421, 53.93337101254226 ], [ -118.710526749830024, 53.933331411788622 ], [ -118.709499433808602, 53.933209365802114 ], [ -118.70923873647655, 53.93317453209653 ], [ -118.706027260342921, 53.932697284006373 ], [ -118.705817610631613, 53.932670997059567 ], [ -118.705545591984318, 53.932636889295274 ], [ -118.702531177075201, 53.932258877735059 ], [ -118.702238254196047, 53.932217435990879 ], [ -118.700964300900793, 53.93201554127895 ], [ -118.697181159374409, 53.931506771904367 ], [ -118.696896309886981, 53.9314637611051 ], [ -118.6964885983691, 53.931395381136639 ], [ -118.694889445646211, 53.931202483871282 ], [ -118.694648826191013, 53.931170163818592 ], [ -118.693018622072799, 53.93092864238691 ], [ -118.689045740226376, 53.930394102484271 ], [ -118.684923143516698, 53.929833097010899 ], [ -118.682966665083498, 53.929566800127169 ], [ -118.681156903517049, 53.929308311391424 ], [ -118.677270113968248, 53.928804198595927 ], [ -118.67383823502071, 53.928314734810094 ], [ -118.671405871217843, 53.927987095626989 ], [ -118.668258429178564, 53.927576733324614 ], [ -118.664239027692091, 53.92712281508026 ], [ -118.662011535800318, 53.926904649047771 ], [ -118.657293356514259, 53.926363144485904 ], [ -118.65594133542784, 53.92617038039127 ], [ -118.655635874170159, 53.92612682638687 ], [ -118.655237390059028, 53.926060664684599 ], [ -118.653820241047313, 53.925791428787811 ], [ -118.653467879903673, 53.925716676545029 ], [ -118.651204007246676, 53.925184994311643 ], [ -118.650638696715461, 53.925030059475674 ], [ -118.650027738841231, 53.924837380209382 ], [ -118.640670486768684, 53.922427349821355 ], [ -118.638777550953947, 53.92197816941502 ], [ -118.638417961616938, 53.921883994337982 ], [ -118.636731095191379, 53.921399395717621 ], [ -118.636501101062024, 53.921346696471474 ], [ -118.63428195242227, 53.920776540626854 ], [ -118.631136518008503, 53.919968308744963 ], [ -118.629357426128891, 53.919511091303541 ], [ -118.629225905667639, 53.9194760859422 ], [ -118.625440721949303, 53.918433500228176 ], [ -118.625237924836725, 53.918377631047605 ], [ -118.624639983002453, 53.918185803820897 ], [ -118.622687841178646, 53.917464944279253 ], [ -118.622399088296746, 53.917350758338991 ], [ -118.62163936640745, 53.917029599572182 ], [ -118.621116234771762, 53.916778835812195 ], [ -118.62044274720509, 53.916413914893063 ], [ -118.620094347261698, 53.916207608023484 ], [ -118.618373714581125, 53.915094058364936 ], [ -118.61806253735628, 53.914874124947687 ], [ -118.617145818924342, 53.914165552126477 ], [ -118.616818915851567, 53.913912865089102 ], [ -118.61655506399967, 53.913711186728776 ], [ -118.615666664494981, 53.913032106792883 ], [ -118.614523701853003, 53.912175987552914 ], [ -118.614466808795285, 53.912132633398578 ], [ -118.612580762353531, 53.910670261161442 ], [ -118.612392914845358, 53.910524603670048 ], [ -118.612242829352468, 53.910417002100623 ], [ -118.611973954740805, 53.910224233283238 ], [ -118.61165322074406, 53.909994281019571 ], [ -118.611379117994332, 53.90978256737074 ], [ -118.610885920768638, 53.909340419926046 ], [ -118.610789670283467, 53.909293818857265 ], [ -118.610536622468885, 53.909103436114819 ], [ -118.610502063780757, 53.909077955503754 ], [ -118.610186509138714, 53.908845296524248 ], [ -118.608447492782034, 53.907563050221981 ], [ -118.608264478639953, 53.907420323650967 ], [ -118.607639047590155, 53.906903913423243 ], [ -118.606911447103727, 53.906389177477358 ], [ -118.606782916816996, 53.906294763327161 ], [ -118.605794300923918, 53.905540486240554 ], [ -118.605486940076588, 53.90530597315383 ], [ -118.605200531094653, 53.905087440047659 ], [ -118.599389084558439, 53.900652594526015 ], [ -118.599081774731218, 53.900418045558951 ], [ -118.598798170619062, 53.900198183068923 ], [ -118.597652157783941, 53.899309711369042 ], [ -118.59752201157778, 53.899204534374746 ], [ -118.596498849751967, 53.898342280530017 ], [ -118.596215099266743, 53.898077053117007 ], [ -118.59587721363944, 53.897725061407058 ], [ -118.595693607667783, 53.897516777804796 ], [ -118.595084115023468, 53.896760558393936 ], [ -118.594884924775059, 53.896480806071601 ], [ -118.594435748007442, 53.895758276345092 ], [ -118.594269647695754, 53.895442948955633 ], [ -118.594007211236985, 53.894839331778229 ], [ -118.593893341265172, 53.894507164071562 ], [ -118.593726460562337, 53.893846905699299 ], [ -118.593676868201797, 53.893571860529725 ], [ -118.593603842405471, 53.892898883376034 ], [ -118.593592666498594, 53.892659613810252 ], [ -118.593605378469547, 53.891810207383408 ], [ -118.593636121181149, 53.891493023222907 ], [ -118.593906266092262, 53.889986664951707 ], [ -118.594226200570461, 53.888029014512995 ], [ -118.595359890990579, 53.880265612512268 ], [ -118.595367235273628, 53.880219161304595 ], [ -118.595566140314986, 53.879050767729083 ], [ -118.595723438828259, 53.87808459084426 ], [ -118.596258897110701, 53.874795363035133 ], [ -118.596272131329755, 53.874714195833647 ], [ -118.596278498971344, 53.874676141169438 ], [ -118.596284167758597, 53.874642358626964 ], [ -118.596390458227532, 53.874007467725356 ], [ -118.596631854861201, 53.872032450026339 ], [ -118.596637551242253, 53.871989724339215 ], [ -118.596877280522165, 53.87032976059362 ], [ -118.596881217128697, 53.870303719842617 ], [ -118.597451047934527, 53.866696501051614 ], [ -118.597604419924124, 53.865725395825407 ], [ -118.597728929538988, 53.864937121610694 ], [ -118.597708428645177, 53.864773909175135 ], [ -118.597657029092304, 53.864616145184769 ], [ -118.597519136464456, 53.86435677717202 ], [ -118.597384779046834, 53.864172779312874 ], [ -118.597198647405406, 53.86397658016984 ], [ -118.597009544638908, 53.863821538411429 ], [ -118.596707085584868, 53.863619195979496 ], [ -118.596515816924182, 53.863518487614009 ], [ -118.590046646128215, 53.860839726279465 ], [ -118.578854922638456, 53.856239038683604 ], [ -118.578672499784574, 53.856164030175542 ], [ -118.57422414956811, 53.854334786901276 ], [ -118.574121632219175, 53.854291599570516 ], [ -118.572098543660687, 53.853418712166459 ], [ -118.569106173228334, 53.852257337303435 ], [ -118.568913917824119, 53.852179254864204 ], [ -118.567452314842626, 53.851558537294366 ], [ -118.56737399955793, 53.851524660293286 ], [ -118.56580570738717, 53.850833736323281 ], [ -118.564279597885971, 53.850253200890158 ], [ -118.562742564483457, 53.849746954242015 ], [ -118.561221741156359, 53.849288386058092 ], [ -118.558343695687526, 53.848607144413748 ], [ -118.558222974665583, 53.848577589433688 ], [ -118.554885803638641, 53.847733205740241 ], [ -118.551397830535151, 53.846912105693278 ], [ -118.548993313575565, 53.846432952750135 ], [ -118.547579964094268, 53.846362654480501 ], [ -118.546313029695085, 53.84642974760235 ], [ -118.545164430308176, 53.846592244024386 ], [ -118.541071971827279, 53.847616133532064 ], [ -118.540878826175202, 53.847661950105234 ], [ -118.539093887146748, 53.848062572014925 ], [ -118.538325201658253, 53.848198465978314 ], [ -118.53787950692201, 53.848256921335135 ], [ -118.53737014642553, 53.848309163873047 ], [ -118.536329626709943, 53.848386607183635 ], [ -118.53572891658996, 53.848411868433352 ], [ -118.534619474099301, 53.848422879919781 ], [ -118.534203681243881, 53.848417803549658 ], [ -118.533292300261735, 53.848386469833272 ], [ -118.532712705925121, 53.848348420468255 ], [ -118.531765879562457, 53.848256307909367 ], [ -118.531131789100712, 53.848171840715466 ], [ -118.530473613341485, 53.84805988850615 ], [ -118.529878573822785, 53.847936670638326 ], [ -118.529121527166936, 53.847750771567675 ], [ -118.528570228457284, 53.847593827124498 ], [ -118.52775401600698, 53.847327792536824 ], [ -118.527291970339405, 53.847159292181679 ], [ -118.526141238912388, 53.846692269471575 ], [ -118.52573474359194, 53.846510533736925 ], [ -118.524192516416306, 53.845752864400147 ], [ -118.524001073402417, 53.845658808791136 ], [ -118.521018398265838, 53.844193464955495 ], [ -118.520526193824992, 53.843920096740156 ], [ -118.519457413653811, 53.843249693942141 ], [ -118.51928848475184, 53.84313878806126 ], [ -118.518348828586412, 53.842492956159781 ], [ -118.5180723224845, 53.84228675122452 ], [ -118.517201755787426, 53.841581228566405 ], [ -118.516900760783017, 53.841310146630697 ], [ -118.516157917400321, 53.840563220304333 ], [ -118.515914808670971, 53.840290196666437 ], [ -118.51522139397477, 53.839413966620022 ], [ -118.515036842732641, 53.83915181322886 ], [ -118.514964092424037, 53.83903441898893 ], [ -118.514295062486283, 53.837954761602482 ], [ -118.513793516320092, 53.836881249485153 ], [ -118.513401010952606, 53.83617574072909 ], [ -118.513107264092227, 53.835728632923235 ], [ -118.512610098738634, 53.835161454190747 ], [ -118.511964016757645, 53.834537192174167 ], [ -118.511341562151401, 53.834063464937991 ], [ -118.510389252757733, 53.833438011205537 ], [ -118.509201097112921, 53.832801895824161 ], [ -118.504421745037405, 53.830171475331014 ], [ -118.503101080947204, 53.829251606245229 ], [ -118.502021600707735, 53.828334512916882 ], [ -118.501164268353577, 53.827418016247002 ], [ -118.500391202134907, 53.826378189383639 ], [ -118.499911897650989, 53.825544835414476 ], [ -118.499545511266348, 53.824612035280261 ], [ -118.49931623360429, 53.82374688346308 ], [ -118.49928453098623, 53.82360796043146 ], [ -118.499223596539892, 53.823289910968626 ], [ -118.499157669985053, 53.822722756401426 ], [ -118.499145326993116, 53.82261653269336 ], [ -118.499032089154042, 53.821642256918743 ], [ -118.499026023829458, 53.821590048856628 ], [ -118.498753922178025, 53.819964612283663 ], [ -118.498686675984644, 53.819755839390595 ], [ -118.498555432949544, 53.819499097835518 ], [ -118.498432016744545, 53.819325510262587 ], [ -118.498312978007746, 53.819198826716821 ], [ -118.498126562215688, 53.819043995280353 ], [ -118.497901300691481, 53.81889126026983 ], [ -118.497645105641425, 53.818750919726085 ], [ -118.497444193094125, 53.818671783142683 ], [ -118.497355801764613, 53.818636967035346 ], [ -118.497216639944725, 53.818582152326528 ], [ -118.497037673993788, 53.818524383936662 ], [ -118.496908161913439, 53.818482579444975 ], [ -118.496856667371631, 53.818456554991414 ], [ -118.496474197184455, 53.818374331857214 ], [ -118.491833251526941, 53.81751557689973 ], [ -118.490992210330177, 53.817359928765136 ], [ -118.487519557315125, 53.816746470009612 ], [ -118.487442581729454, 53.816732510490226 ], [ -118.482019630993577, 53.815723390175982 ], [ -118.481765509564156, 53.815672068712274 ], [ -118.480116352340076, 53.815312426781745 ], [ -118.479781029265183, 53.815231860482527 ], [ -118.478103592713168, 53.814790612036184 ], [ -118.477774379750429, 53.814696206357169 ], [ -118.476362166826476, 53.814256662454312 ], [ -118.476039959358062, 53.814148098162676 ], [ -118.474655630505268, 53.813644710940899 ], [ -118.474368911688288, 53.81353308158063 ], [ -118.472313176196565, 53.812677666294505 ], [ -118.472171681201146, 53.812616792639602 ], [ -118.469844171968347, 53.811581861120061 ], [ -118.468533903944035, 53.81099921676315 ], [ -118.467023417803148, 53.810327504908457 ], [ -118.46412071050726, 53.809075069773961 ], [ -118.461252690021624, 53.807824399303442 ], [ -118.461146464767779, 53.807784550949428 ], [ -118.459130511178529, 53.806868080582198 ], [ -118.458916293952001, 53.806765591558111 ], [ -118.457232562445256, 53.805918290752032 ], [ -118.456977701538833, 53.80578176719348 ], [ -118.455854515822793, 53.805141549414877 ], [ -118.455587288498975, 53.804978313420932 ], [ -118.454365329774305, 53.804178260734517 ], [ -118.454209902439018, 53.804072013587856 ], [ -118.450652233747334, 53.801532085487857 ], [ -118.450245287893296, 53.801201674780046 ], [ -118.450180478774499, 53.801141521139598 ], [ -118.444415276546366, 53.796979917051161 ], [ -118.444352528589533, 53.796933774995416 ], [ -118.443357540469123, 53.796188425520526 ], [ -118.443062421394018, 53.795967335491895 ], [ -118.442730075775415, 53.795718357262601 ], [ -118.440423640752712, 53.793990359730728 ], [ -118.436686728498856, 53.791307423877853 ], [ -118.430314883573587, 53.786681034462923 ], [ -118.430274797607623, 53.786651579637628 ], [ -118.428884211188191, 53.785617660135827 ], [ -118.428629137733168, 53.785428001737216 ], [ -118.428281542039727, 53.785169546094345 ], [ -118.42796916172459, 53.784937271949005 ], [ -118.427517178452618, 53.784623834011413 ], [ -118.426700983935135, 53.784081166451564 ], [ -118.426479800316798, 53.783964794112315 ], [ -118.426414411884338, 53.783916510832086 ], [ -118.42617113558606, 53.783798419052729 ], [ -118.426068621690291, 53.783759444934333 ], [ -118.42595837919292, 53.783717532095984 ], [ -118.42480459238007, 53.783278867348905 ], [ -118.423951086437313, 53.782966085003615 ], [ -118.423563264701443, 53.782855787059987 ], [ -118.422635154599263, 53.782653977922799 ], [ -118.418432832230238, 53.78185350840544 ], [ -118.417200104006255, 53.781617379642697 ], [ -118.416914942626661, 53.781557663586419 ], [ -118.415215018507055, 53.781170502438158 ], [ -118.414877345826028, 53.781085909095154 ], [ -118.414466151012618, 53.780973271104422 ], [ -118.413311246261728, 53.78065686402747 ], [ -118.412992028441167, 53.780561903261919 ], [ -118.411295439370548, 53.780015991199889 ], [ -118.411042080058877, 53.779929263378747 ], [ -118.407606202332801, 53.778680324702158 ], [ -118.406494711267356, 53.778297568399481 ], [ -118.406250003371227, 53.778213298143477 ], [ -118.403918115795534, 53.777410221683873 ], [ -118.401176315792597, 53.776465856222828 ], [ -118.400344664581425, 53.776208423058293 ], [ -118.398989742445309, 53.775864577075922 ], [ -118.398447414300236, 53.77574497611517 ], [ -118.395912518752951, 53.775185903128474 ], [ -118.39572096858555, 53.775141241093571 ], [ -118.395257179991091, 53.775027169959699 ], [ -118.394892017432028, 53.774937359238479 ], [ -118.393065686398245, 53.774488080962826 ], [ -118.392466085057137, 53.774403881799181 ], [ -118.391689134828468, 53.774258346597733 ], [ -118.385870967130643, 53.772882521173564 ], [ -118.385713707137896, 53.772845320828928 ], [ -118.384030024856969, 53.772447116858991 ], [ -118.379043210802195, 53.771331350154327 ], [ -118.378914662790436, 53.771301496138875 ], [ -118.376113700062547, 53.770627033894918 ], [ -118.373728942590944, 53.770052723630954 ], [ -118.364830803273307, 53.7680192993137 ], [ -118.363156644140801, 53.767650995395513 ], [ -118.362646023065935, 53.767521065720153 ], [ -118.361672267086604, 53.767238260452139 ], [ -118.361373452550822, 53.767144680723057 ], [ -118.361097445869703, 53.767051762654134 ], [ -118.359279985461427, 53.766439766922602 ], [ -118.359078100685053, 53.766368388594572 ], [ -118.356225002671366, 53.765310374364006 ], [ -118.354843907929464, 53.764798185842544 ], [ -118.354476710424294, 53.764661999926979 ], [ -118.35447217108829, 53.764660316116036 ], [ -118.35457690307399, 53.7642214993556 ], [ -118.354789724852168, 53.7635622363862 ], [ -118.35499644745957, 53.763154019936032 ], [ -118.355359239062508, 53.762625111278609 ], [ -118.355780702053266, 53.762148259752109 ], [ -118.355921989624193, 53.761903927967559 ], [ -118.355967320897349, 53.761717475517848 ], [ -118.356094099194323, 53.761533169545146 ], [ -118.356231710324451, 53.761333102696462 ], [ -118.356241671194383, 53.761322516060865 ], [ -118.356816700012047, 53.76071088824871 ], [ -118.356848282066906, 53.76055208048512 ], [ -118.356833154870301, 53.76038489865504 ], [ -118.356677425839251, 53.760093763479439 ], [ -118.356078625366976, 53.759489469977296 ], [ -118.355785294410197, 53.759092135773351 ], [ -118.355713642666331, 53.758951290741742 ], [ -118.355675884893358, 53.75840613370071 ], [ -118.355718047659067, 53.7580904642303 ], [ -118.355783076692234, 53.758085248562232 ], [ -118.3567491711607, 53.758108151530443 ], [ -118.35769387612379, 53.758230110602391 ], [ -118.358588494716358, 53.758447420720465 ], [ -118.358973241655946, 53.758576804075688 ], [ -118.359583169815835, 53.758801432424903 ], [ -118.359973570082843, 53.758945207793168 ], [ -118.360403567533396, 53.75910467955056 ], [ -118.360730274981705, 53.759225842754518 ], [ -118.362111225901003, 53.759737955408738 ], [ -118.364864448814117, 53.760758887308683 ], [ -118.366579128486805, 53.761336249908211 ], [ -118.366707727426515, 53.761379541491785 ], [ -118.367279797382253, 53.761545681703375 ], [ -118.368725921880298, 53.761863813637525 ], [ -118.368791681628309, 53.7618785609124 ], [ -118.377768194769118, 53.763929860592228 ], [ -118.377861242320307, 53.763951692536139 ], [ -118.380292064873188, 53.764537086904348 ], [ -118.383028729745703, 53.765196055449067 ], [ -118.387999052517415, 53.766308113900507 ], [ -118.388096139328539, 53.766330452656881 ], [ -118.389828369958778, 53.766740131777844 ], [ -118.389985655401901, 53.766777337304312 ], [ -118.395423378542674, 53.768063187077601 ], [ -118.396060587278868, 53.768152665360425 ], [ -118.396908767520387, 53.768315377846953 ], [ -118.399147586512498, 53.768866122285679 ], [ -118.399512495648239, 53.768955868761601 ], [ -118.39988126636085, 53.769046568808847 ], [ -118.402319360822474, 53.769584282746095 ], [ -118.402987403457445, 53.769731604733501 ], [ -118.403236588124742, 53.769790659506462 ], [ -118.40491065878085, 53.770215487845128 ], [ -118.40529548815806, 53.770323679722026 ], [ -118.40642704446752, 53.770673935987574 ], [ -118.406646479635569, 53.77074564039674 ], [ -118.409496330106265, 53.771727184431953 ], [ -118.411583317772852, 53.772445894745083 ], [ -118.411827983395312, 53.772530148561046 ], [ -118.413241242458568, 53.773016803525699 ], [ -118.413354836936676, 53.773056999863869 ], [ -118.416722070695926, 53.774280938439816 ], [ -118.418132835465542, 53.774734892844791 ], [ -118.419125195886025, 53.775006778572653 ], [ -118.4193696718539, 53.775073751165912 ], [ -118.420757393292462, 53.77538982242806 ], [ -118.421839432172149, 53.775597094168255 ], [ -118.426140328239285, 53.77641633363617 ], [ -118.426354004759233, 53.776459893460363 ], [ -118.427638057307504, 53.776739095702332 ], [ -118.428128074984869, 53.776861728746709 ], [ -118.428366505795452, 53.776929550867784 ], [ -118.42902165288514, 53.777115871815354 ], [ -118.429539445914656, 53.777283757098381 ], [ -118.430701306387093, 53.777709527305227 ], [ -118.430814595677134, 53.77775217248454 ], [ -118.430876860461964, 53.777776241379748 ], [ -118.432387385804802, 53.778360133665785 ], [ -118.432698735601576, 53.778489709292245 ], [ -118.433116535550511, 53.778676597387268 ], [ -118.433437815300039, 53.778840556854639 ], [ -118.433754036583196, 53.779001932661764 ], [ -118.43384962497079, 53.77905071366169 ], [ -118.434047660026295, 53.779157657772025 ], [ -118.434158564037261, 53.779217546894316 ], [ -118.434426195809152, 53.779372331241504 ], [ -118.435719801679014, 53.780194653417986 ], [ -118.43587927529444, 53.780300516318498 ], [ -118.436470788486531, 53.780710658725354 ], [ -118.436591693256318, 53.780797455410358 ], [ -118.437055853806385, 53.781142537198797 ], [ -118.437310924865287, 53.781332168052352 ], [ -118.437658555397405, 53.781590606786402 ], [ -118.438936753467956, 53.78254082203037 ], [ -118.445279208806724, 53.7871452107116 ], [ -118.449024626828745, 53.789833795270425 ], [ -118.449097537242068, 53.789887256298371 ], [ -118.451504836803636, 53.791690548734962 ], [ -118.45177247470231, 53.791891021771342 ], [ -118.452067541144146, 53.792112037281981 ], [ -118.452104850068309, 53.792139982543148 ], [ -118.453031503604507, 53.792834037776686 ], [ -118.458975331201472, 53.797123945549679 ], [ -118.459363600798824, 53.79744090319911 ], [ -118.459420484415361, 53.797493690154695 ], [ -118.462681618220927, 53.799821579747892 ], [ -118.463695117894432, 53.800485067665086 ], [ -118.464556049132284, 53.800975751469622 ], [ -118.466003762250111, 53.801704223391617 ], [ -118.467811119584695, 53.802524796891483 ], [ -118.467911212924065, 53.80257023921633 ], [ -118.470677552270132, 53.803769494797436 ], [ -118.473597571472553, 53.805029312305493 ], [ -118.473662229946868, 53.805057634091675 ], [ -118.475204790720142, 53.805743566413298 ], [ -118.47651503523953, 53.806326164710242 ], [ -118.478772517505263, 53.807329896933737 ], [ -118.48061612326164, 53.808097001554671 ], [ -118.481696040778317, 53.808489679037798 ], [ -118.482781993498833, 53.808827666946065 ], [ -118.484126593068865, 53.809181356805816 ], [ -118.485479678113037, 53.809476430486889 ], [ -118.490735387802076, 53.810454428457014 ], [ -118.494203663648008, 53.811067115443052 ], [ -118.49427288754643, 53.81107963393498 ], [ -118.495148354335043, 53.811241653295539 ], [ -118.49999718905184, 53.812138871614096 ], [ -118.500408488998545, 53.812225607924198 ], [ -118.501235117801471, 53.812421923585418 ], [ -118.501725564864032, 53.812555114090443 ], [ -118.502367225720107, 53.81276664614866 ], [ -118.502442229185831, 53.8127848529939 ], [ -118.502535599620188, 53.812807518796305 ], [ -118.502627763710294, 53.81283913408285 ], [ -118.503072335278361, 53.812999050459851 ], [ -118.503197910603262, 53.813045531128893 ], [ -118.503361953798802, 53.813106249969444 ], [ -118.503973169808148, 53.813346984338281 ], [ -118.504308105395566, 53.813489808782258 ], [ -118.504531841008543, 53.813592900490406 ], [ -118.504655823940595, 53.81365003294799 ], [ -118.505017229680476, 53.813831759034088 ], [ -118.505139715082734, 53.813898882901888 ], [ -118.505663941784334, 53.814186018944753 ], [ -118.506075523537632, 53.814436782772539 ], [ -118.506675350878879, 53.814843432374992 ], [ -118.507014294690734, 53.815097445206042 ], [ -118.507539614194997, 53.815533683662863 ], [ -118.507870368470194, 53.815843555900372 ], [ -118.508287779173202, 53.816287662267072 ], [ -118.508553162365985, 53.816610311351248 ], [ -118.508907077887883, 53.817107930549717 ], [ -118.509103894797917, 53.817430872167797 ], [ -118.509404204085953, 53.818018055582996 ], [ -118.509543970848952, 53.81835429485011 ], [ -118.509712827719696, 53.818878109596497 ], [ -118.509784074830279, 53.819169493827133 ], [ -118.510089446172088, 53.820990783596763 ], [ -118.510103451437487, 53.821089396127981 ], [ -118.510115263101156, 53.821190848529611 ], [ -118.510228752825299, 53.822165045465574 ], [ -118.510258113422793, 53.822506480381151 ], [ -118.510274328345346, 53.822695042235374 ], [ -118.510284090949213, 53.822728880360629 ], [ -118.510323936761992, 53.822866994151497 ], [ -118.510383175070885, 53.823072317516463 ], [ -118.510458626353113, 53.82335674418033 ], [ -118.510608116660961, 53.823737088598222 ], [ -118.510754319628376, 53.823991176778414 ], [ -118.511130302816738, 53.824496738004271 ], [ -118.511465758070202, 53.824855255326064 ], [ -118.511914189564436, 53.82523615978635 ], [ -118.512467619104754, 53.825621583737508 ], [ -118.516713521857028, 53.827958171199157 ], [ -118.518055577284471, 53.828676614492281 ], [ -118.518455782882299, 53.828913901730424 ], [ -118.51973281736511, 53.829752530501558 ], [ -118.519991292765582, 53.829935160000268 ], [ -118.52092753236596, 53.83064758916845 ], [ -118.521279376739699, 53.830948496044222 ], [ -118.522190366066539, 53.831828534066418 ], [ -118.52238429826231, 53.832031732367312 ], [ -118.523110309533578, 53.832859761939808 ], [ -118.523356696149932, 53.833182109142008 ], [ -118.523812150887693, 53.833875096272934 ], [ -118.523911093092494, 53.834038249381976 ], [ -118.524391560902188, 53.834901483256523 ], [ -118.524469306612517, 53.835053421098777 ], [ -118.524885827112357, 53.835944469408489 ], [ -118.525388794054805, 53.836755790311578 ], [ -118.525869752013946, 53.83736336990038 ], [ -118.526341083830019, 53.837837185950079 ], [ -118.526918606360724, 53.838305141989551 ], [ -118.527630708718718, 53.838794510169599 ], [ -118.528380869734931, 53.83926500282692 ], [ -118.530912249195637, 53.840508535272861 ], [ -118.531103674569437, 53.84060256768489 ], [ -118.532641068427978, 53.841357811227383 ], [ -118.533357392840387, 53.841648513720649 ], [ -118.533667253007408, 53.841749505905995 ], [ -118.533849710661542, 53.841794308727692 ], [ -118.533891580550105, 53.841801431475503 ], [ -118.534229022161355, 53.841834259277285 ], [ -118.534641116921193, 53.841848428080866 ], [ -118.535240894662721, 53.841842476289024 ], [ -118.5356013140416, 53.841815652535459 ], [ -118.536837304005573, 53.841538246402003 ], [ -118.541257850080427, 53.840432300343771 ], [ -118.542130408115327, 53.840262716430423 ], [ -118.544120971310832, 53.839981111757382 ], [ -118.544918395065764, 53.839904012446574 ], [ -118.547069260389364, 53.839790113124096 ], [ -118.548030811910579, 53.839788579502518 ], [ -118.550595759369145, 53.839916161032654 ], [ -118.551904735753411, 53.840076682836759 ], [ -118.555088883066546, 53.840711199861211 ], [ -118.555369905143465, 53.840772227171833 ], [ -118.559062408265476, 53.841641466237704 ], [ -118.559193406873234, 53.841673451800553 ], [ -118.562535271090155, 53.842519012858162 ], [ -118.565586793809359, 53.843241302439843 ], [ -118.566046282188225, 53.843364646484829 ], [ -118.567882758089539, 53.843918378526574 ], [ -118.568062615238119, 53.843975087927845 ], [ -118.569842720374453, 53.84456137387194 ], [ -118.57014530931626, 53.844668606876269 ], [ -118.571980321273173, 53.845366616831527 ], [ -118.572294069962467, 53.845495173404188 ], [ -118.573976501407174, 53.846236338602004 ], [ -118.575303865709586, 53.846800015537482 ], [ -118.578313710562256, 53.847968110429264 ], [ -118.578540256433655, 53.848060855751307 ], [ -118.58062370291195, 53.848959734392054 ], [ -118.585202432820296, 53.85084247931848 ], [ -118.585384860085213, 53.850917485333014 ], [ -118.596417833880935, 53.855452670446525 ], [ -118.603160642898416, 53.858244572606502 ], [ -118.603669035365513, 53.858482319418222 ], [ -118.604351023601865, 53.85884137257105 ], [ -118.604819452392093, 53.859119348107399 ], [ -118.605524476186147, 53.859590946278239 ], [ -118.605867988354973, 53.859845026138558 ], [ -118.606403106099009, 53.860283679711564 ], [ -118.606742632931216, 53.860598205197917 ], [ -118.607224456418564, 53.861105969544077 ], [ -118.607479748933798, 53.861411020380807 ], [ -118.607842009491989, 53.861906956003594 ], [ -118.608041555677318, 53.862224060151149 ], [ -118.6083608129764, 53.862824281664345 ], [ -118.608516338280594, 53.863188087713198 ], [ -118.60868911404495, 53.863717986404929 ], [ -118.608774267723732, 53.864096127153132 ], [ -118.608853361403121, 53.864724507076986 ], [ -118.608844694077135, 53.865273350430975 ], [ -118.608677160941042, 53.866335800138849 ], [ -118.608524046111469, 53.867306911151495 ], [ -118.607957213165264, 53.870901187606862 ], [ -118.607722878797901, 53.872526789720986 ], [ -118.607479311650749, 53.874523893921676 ], [ -118.607466768162567, 53.874610687653607 ], [ -118.607353281441831, 53.875289635479881 ], [ -118.607347647971622, 53.875323265564518 ], [ -118.607342159168013, 53.875356118436429 ], [ -118.607331091574821, 53.875424208444237 ], [ -118.606796506935055, 53.878713441900302 ], [ -118.606635944264752, 53.879700946221867 ], [ -118.606440086060545, 53.880853246257487 ], [ -118.605309405792823, 53.888610140814812 ], [ -118.605304262073417, 53.888643443777056 ], [ -118.60497964636194, 53.890632963953678 ], [ -118.604974446420542, 53.890663356192086 ], [ -118.604730300067018, 53.89202676799848 ], [ -118.604721913216125, 53.892597386834666 ], [ -118.604767088781799, 53.893012703970868 ], [ -118.604857041497738, 53.893368226648612 ], [ -118.604978468416107, 53.893647353665642 ], [ -118.60524260567702, 53.894072066658779 ], [ -118.605656148386927, 53.894585013417604 ], [ -118.605764799432265, 53.894698174262786 ], [ -118.606572115667674, 53.895378405099571 ], [ -118.607579329176971, 53.896159375918351 ], [ -118.60788346791341, 53.89639519096324 ], [ -118.608169819173398, 53.896613710785211 ], [ -118.613981596597398, 53.901048126770725 ], [ -118.614288955732491, 53.901282609459869 ], [ -118.61457540022586, 53.901501129168409 ], [ -118.615522198104514, 53.902223391635218 ], [ -118.616317407993478, 53.902785877236042 ], [ -118.616571763869899, 53.902980100442775 ], [ -118.617230056225509, 53.903523552312336 ], [ -118.618966817308092, 53.904805579259722 ], [ -118.619222995973573, 53.904994674041284 ], [ -118.619258841856151, 53.905019460132543 ], [ -118.619570882134454, 53.905253954352283 ], [ -118.619716541284504, 53.905363524824658 ], [ -118.619893388398793, 53.905504110947575 ], [ -118.62035962425125, 53.905896149713783 ], [ -118.620756120116667, 53.906183101330583 ], [ -118.620952543009864, 53.906325254304335 ], [ -118.621103573020349, 53.906432395532967 ], [ -118.621362937905388, 53.906630339332821 ], [ -118.623295128549671, 53.908128254739701 ], [ -118.624426467020683, 53.908975537775362 ], [ -118.624460390556848, 53.909001203740026 ], [ -118.625336739974188, 53.909671086376498 ], [ -118.62566600603212, 53.909922768598868 ], [ -118.625928093290426, 53.910125322760102 ], [ -118.626762223185267, 53.91076996167677 ], [ -118.628152711062768, 53.911669740760559 ], [ -118.628395554098546, 53.911801311602083 ], [ -118.628739448543854, 53.911946679166995 ], [ -118.630255001234985, 53.912506305522392 ], [ -118.633867868929826, 53.913501417822225 ], [ -118.635580508314135, 53.913941554518736 ], [ -118.638725480687015, 53.914749661913156 ], [ -118.640789496183132, 53.915279959622154 ], [ -118.641354826138866, 53.915417709097042 ], [ -118.643113221608274, 53.91592285555312 ], [ -118.644898975746344, 53.91634659994417 ], [ -118.645049370100452, 53.916383805700285 ], [ -118.65468279108147, 53.918864922076409 ], [ -118.655080284190689, 53.918978556578814 ], [ -118.655610838489295, 53.91914587536332 ], [ -118.657410421012784, 53.919568511193226 ], [ -118.658451960641912, 53.91976638782635 ], [ -118.659664707829634, 53.919939301795687 ], [ -118.66398596852649, 53.92043525963804 ], [ -118.666129439319334, 53.920645198911899 ], [ -118.666264567681154, 53.920659444734738 ], [ -118.670428477374344, 53.921129696720442 ], [ -118.670583383944646, 53.921148537943751 ], [ -118.673310561685454, 53.921510221944608 ], [ -118.673862397387566, 53.921583399401364 ], [ -118.674259796722481, 53.921629668323348 ], [ -118.676350402123091, 53.921911272118571 ], [ -118.676419598313515, 53.921920866888954 ], [ -118.679773293588312, 53.922399188113062 ], [ -118.683604292616963, 53.922896069860251 ], [ -118.68371911826523, 53.922911714504913 ], [ -118.685527667001949, 53.923170033962563 ], [ -118.691540959130293, 53.923988390727963 ], [ -118.695552936104946, 53.924528187426077 ], [ -118.695671258318526, 53.924544909657634 ], [ -118.6972405466189, 53.92477740976225 ], [ -118.698924022405492, 53.924980479603192 ], [ -118.699331206829584, 53.92503909476531 ], [ -118.699799141922696, 53.925117576210042 ], [ -118.703542437969716, 53.925620990216167 ], [ -118.703749607269827, 53.925651324225157 ], [ -118.704980979436058, 53.925846473848132 ], [ -118.707860463045051, 53.92621113487349 ], [ -118.708328161530574, 53.926270356907331 ], [ -118.70853855593775, 53.926293957326422 ], [ -118.708809199416066, 53.926332760988892 ], [ -118.711828431241102, 53.926781446079886 ], [ -118.712519350933761, 53.926863529916957 ], [ -118.712764931564124, 53.926881520044034 ], [ -118.713618069529872, 53.926984505686661 ], [ -118.714370806346253, 53.927112259852983 ], [ -118.716148843611904, 53.927357168817238 ], [ -118.716511577315856, 53.927397512120116 ], [ -118.717896946486988, 53.92755159682612 ], [ -118.718238837270491, 53.927589624347689 ], [ -118.71834470525171, 53.927595801926792 ], [ -118.718460047560072, 53.927594385218299 ], [ -118.719017082609341, 53.927604004628847 ], [ -118.720383808378358, 53.927668103778849 ], [ -118.721633677788788, 53.927672763115837 ], [ -118.722594184208901, 53.927631171756808 ], [ -118.725385301852739, 53.927503025178737 ], [ -118.727138932310652, 53.927395483973022 ], [ -118.727233350270438, 53.927390172390183 ], [ -118.735995239610205, 53.926941343528739 ], [ -118.73825435968962, 53.926827679772963 ], [ -118.748664789120141, 53.926276945586245 ], [ -118.749357669662572, 53.926238750159754 ], [ -118.749479148709653, 53.926232046998109 ], [ -118.749601069129113, 53.926225319119489 ], [ -118.750617286208481, 53.926169267885975 ], [ -118.751656497346971, 53.926084194391599 ], [ -118.751886036110335, 53.926048876450039 ], [ -118.753237205120143, 53.92579397321272 ], [ -118.753434363507793, 53.925746258278096 ], [ -118.754428746769065, 53.925505595795514 ], [ -118.75463314910607, 53.925448695937014 ], [ -118.755534421379082, 53.925163879816246 ], [ -118.755815708320881, 53.925075462507571 ], [ -118.755952018633607, 53.925032616108012 ], [ -118.756060612785035, 53.925001741390489 ], [ -118.756209666425931, 53.924959363879559 ], [ -118.756397467411531, 53.924901567324454 ], [ -118.757278804101261, 53.924630325729112 ], [ -118.757830580379263, 53.924442609353285 ], [ -118.757994155314748, 53.924389099890796 ], [ -118.760489541806635, 53.923604786901699 ], [ -118.760676654559873, 53.923548619184153 ], [ -118.761158155639919, 53.92341076049096 ], [ -118.762828109684975, 53.922861422536144 ], [ -118.763115025440612, 53.922773382333162 ], [ -118.764440634694964, 53.922395050982317 ], [ -118.764724212366033, 53.922319807174439 ], [ -118.765192284982518, 53.922204771703967 ], [ -118.765829131755382, 53.922048856004274 ], [ -118.766530336088209, 53.921908634659218 ], [ -118.7677161762428, 53.921722336202265 ], [ -118.768061480245848, 53.921674979389778 ], [ -118.7695768287481, 53.92149695240024 ], [ -118.770168482929051, 53.921446749060216 ], [ -118.77090755506245, 53.921407786757086 ], [ -118.771250229178833, 53.921395990778372 ], [ -118.772149172239949, 53.921381432858617 ], [ -118.772601818025066, 53.921384967410596 ], [ -118.774102133668336, 53.921432729510769 ], [ -118.774477993123753, 53.921452248898021 ], [ -118.775377782375955, 53.921517175426608 ], [ -118.775602260626087, 53.92153611826069 ], [ -118.779086402132094, 53.921872944674746 ], [ -118.7804758070464, 53.922007231359203 ], [ -118.782650997883934, 53.922217420999708 ], [ -118.782757979490029, 53.922228390828963 ], [ -118.783680109022356, 53.922328419897369 ], [ -118.786584143728604, 53.922581077101754 ], [ -118.787016144439932, 53.922629008870544 ], [ -118.787494227185391, 53.922693679792999 ], [ -118.788719686165038, 53.922803613097805 ], [ -118.789446211826558, 53.92286877212517 ], [ -118.789663163989175, 53.922890826550017 ], [ -118.790668978899049, 53.923005198632943 ], [ -118.79137489134277, 53.923053778730029 ], [ -118.791681152050657, 53.92307996414759 ], [ -118.793433030995274, 53.923259205508444 ], [ -118.795333554856114, 53.923412475036287 ], [ -118.79556227374421, 53.923433785695565 ], [ -118.798011805168187, 53.92369291992771 ], [ -118.798772076289794, 53.923742691950402 ], [ -118.79902785822091, 53.92376298768928 ], [ -118.800553257100731, 53.923905330511467 ], [ -118.802803148923644, 53.92411524271396 ], [ -118.803134625844294, 53.924126115915733 ], [ -118.803431363924119, 53.924135848540878 ], [ -118.803740439670335, 53.924145985438152 ], [ -118.804102762371784, 53.924164891585903 ], [ -118.804385861274483, 53.92414828357785 ], [ -118.804527050896709, 53.924207000283815 ], [ -118.804961497725415, 53.924498864912586 ], [ -118.805357485303048, 53.92469423945353 ], [ -118.805458898545822, 53.9247442656782 ], [ -118.805841801462947, 53.924882337115655 ], [ -118.806247343599736, 53.924998318418531 ], [ -118.806465369463638, 53.925036356957641 ], [ -118.807064937795971, 53.925018016642916 ], [ -118.807308512640716, 53.924972358374838 ], [ -118.808122487701183, 53.924706515390397 ], [ -118.808301616158744, 53.924623127787903 ], [ -118.808584325439682, 53.924423812671272 ], [ -118.808899074784591, 53.924245503936064 ], [ -118.809166475192981, 53.924037781085801 ], [ -118.809384294080928, 53.923812420493924 ], [ -118.809530629915557, 53.923717072605136 ], [ -118.809743732606719, 53.923656189313711 ], [ -118.810002346014727, 53.923679905148447 ], [ -118.810848494876765, 53.923698442398717 ], [ -118.811086423730174, 53.923729855678751 ], [ -118.812656013207686, 53.924054258431291 ], [ -118.81359057489415, 53.924202853410236 ], [ -118.81416519489828, 53.924400124998215 ], [ -118.814374531328482, 53.924456511909675 ], [ -118.815097899515962, 53.924745938668984 ], [ -118.815177112080988, 53.92476348116211 ], [ -118.815206396523536, 53.924770436124447 ], [ -118.815328357814451, 53.924882571499673 ], [ -118.815422119971799, 53.925015571650917 ], [ -118.815542352667805, 53.925130364865069 ], [ -118.815709405225604, 53.925400242699986 ], [ -118.815763791790815, 53.925626423518153 ], [ -118.815818695297537, 53.925854785119036 ], [ -118.815935179711644, 53.926339191522757 ], [ -118.815885491158653, 53.926803093740091 ], [ -118.815880568713254, 53.926848977798478 ], [ -118.815920839858293, 53.927171778260913 ], [ -118.816056006756511, 53.927274280966962 ], [ -118.816655131681287, 53.927476443795484 ], [ -118.817439086204473, 53.927659915407325 ], [ -118.817546557247312, 53.927685064375552 ], [ -118.817754345867755, 53.927644658450305 ], [ -118.817898558341213, 53.927603039463015 ], [ -118.817969713567081, 53.927582509863655 ], [ -118.81822975760592, 53.927553297430677 ], [ -118.818792513499631, 53.927423969568345 ], [ -118.819376069018617, 53.927310686381745 ], [ -118.819636172483598, 53.927281468059455 ], [ -118.819930469030467, 53.927295320243267 ], [ -118.820649918450002, 53.927404828544695 ] ] ] ] } },
{ "type": "Feature", "properties": { "PSCW_NAME": "Cadomin Road Corridor", "PSCW_CODE": "CW021", "GlobalID": "{8BAA218B-4B92-49D7-9FED-B20C1AC70383}" }, "geometry": { "type": "MultiPolygon", "coordinates": [ [ [ [ -117.498287169550167, 53.12688841253707 ], [ -117.496336833459807, 53.126890110981513 ], [ -117.496335164974511, 53.1268901702703 ], [ -117.481832020866747, 53.12697652859493 ], [ -117.481675794521337, 53.126817793699537 ], [ -117.480782951393223, 53.126035617619003 ], [ -117.480602436599199, 53.125877456973221 ], [ -117.479506039798565, 53.124999608440866 ], [ -117.479432032065702, 53.124927996027772 ], [ -117.479100665495267, 53.124607298815206 ], [ -117.47846453796879, 53.124225852549685 ], [ -117.477454282474966, 53.12332337961589 ], [ -117.477122787462193, 53.123027236676648 ], [ -117.476242052546141, 53.122086847502565 ], [ -117.476168613568674, 53.121999743230248 ], [ -117.475586312342372, 53.12130892841315 ], [ -117.475019815905526, 53.120547617666269 ], [ -117.474544572603094, 53.119746357792785 ], [ -117.474510780114414, 53.119679778164773 ], [ -117.473634399454497, 53.119679859514406 ], [ -117.473544630743476, 53.119679784483402 ], [ -117.468985702447483, 53.119679925195925 ], [ -117.468985710743297, 53.11967224582105 ], [ -117.459085523876993, 53.119655274279779 ], [ -117.45883302467503, 53.118717197208234 ], [ -117.458727765047982, 53.118248192938388 ], [ -117.458527221144863, 53.117134174317272 ], [ -117.458523986196354, 53.117116031308406 ], [ -117.458407191327169, 53.116454670075093 ], [ -117.458397877631796, 53.116400356188514 ], [ -117.458385815290299, 53.116324629385176 ], [ -117.458040131504745, 53.114053205258728 ], [ -117.457715481226998, 53.112121784373137 ], [ -117.457410603742417, 53.110482662839374 ], [ -117.457392190061867, 53.110378128661111 ], [ -117.457369118896182, 53.110226482118868 ], [ -117.457334576040708, 53.10997608133524 ], [ -117.457286700612485, 53.109753898557408 ], [ -117.456984816522152, 53.108806092377961 ], [ -117.45692116584955, 53.108592309301848 ], [ -117.456888644967293, 53.108469717065311 ], [ -117.456550844321512, 53.107137245271197 ], [ -117.456535237623072, 53.10707618791804 ], [ -117.454790665592114, 53.10706821866107 ], [ -117.4544385686048, 53.107064109373724 ], [ -117.454257098927087, 53.10706003880739 ], [ -117.452770051557536, 53.107021220584294 ], [ -117.452277188664922, 53.107003435893681 ], [ -117.451345764316144, 53.10696051332399 ], [ -117.451044527332769, 53.1069447830318 ], [ -117.450494507206457, 53.106906477486923 ], [ -117.449225780783763, 53.106803736451667 ], [ -117.448806412735678, 53.106766119231665 ], [ -117.447847358671794, 53.106652191287878 ], [ -117.447784652082021, 53.106643364551807 ], [ -117.447289306436531, 53.106572957964218 ], [ -117.44640740164418, 53.106430342542112 ], [ -117.445604463182775, 53.106269448284962 ], [ -117.445297127170662, 53.106201984290777 ], [ -117.445173945914235, 53.106174573756967 ], [ -117.444270283932326, 53.105950211693589 ], [ -117.444010642528582, 53.105877869629495 ], [ -117.443613131352294, 53.105774030532132 ], [ -117.442988951515531, 53.105593870203748 ], [ -117.441999168824111, 53.105291001861559 ], [ -117.44174602697872, 53.105211699575364 ], [ -117.440898802047357, 53.104918249407739 ], [ -117.440378935594936, 53.104715179949942 ], [ -117.438950598954193, 53.104131525641442 ], [ -117.43865696524422, 53.104008416567559 ], [ -117.437880681139049, 53.10365090547463 ], [ -117.437216632451651, 53.103303651082825 ], [ -117.436357712626801, 53.102827048668473 ], [ -117.436286005911299, 53.102786996347213 ], [ -117.435593944139981, 53.102371548653302 ], [ -117.435093920111427, 53.10203446771871 ], [ -117.433947974048692, 53.101571187910402 ], [ -117.433591701310831, 53.101422590175765 ], [ -117.433187787367487, 53.101242590411893 ], [ -117.43075675048344, 53.100120561214005 ], [ -117.430384488129789, 53.099943007828266 ], [ -117.430113080526596, 53.099806006839707 ], [ -117.428796802836374, 53.099125388633936 ], [ -117.428332598595645, 53.098875030059588 ], [ -117.427640675992123, 53.098459534274809 ], [ -117.427468879397253, 53.098347498094135 ], [ -117.425233852876431, 53.096864830642019 ], [ -117.425086124024929, 53.096765352408923 ], [ -117.423196284256647, 53.095473532493244 ], [ -117.421106355050966, 53.094062337014734 ], [ -117.420799873328434, 53.093848720352511 ], [ -117.419022696173784, 53.09256992755811 ], [ -117.41894283246063, 53.092511965955893 ], [ -117.418389572689833, 53.092081018313046 ], [ -117.417155786887449, 53.091057296562418 ], [ -117.41711333777728, 53.091021893406676 ], [ -117.41656960907477, 53.090533078741224 ], [ -117.416099891642901, 53.090045992148518 ], [ -117.415380631030999, 53.089243200791749 ], [ -117.415360903575504, 53.089221108115197 ], [ -117.414927850163224, 53.088693742569774 ], [ -117.414553024899334, 53.088150454169245 ], [ -117.414238030815056, 53.087593567636112 ], [ -117.413984214217606, 53.087025470398018 ], [ -117.413965372203677, 53.08697641010194 ], [ -117.413731793958192, 53.086360383924493 ], [ -117.413559088045446, 53.085832568040715 ], [ -117.413430621576993, 53.085249383376528 ], [ -117.413395578808093, 53.085002845919753 ], [ -117.413223056317747, 53.084911580529266 ], [ -117.412881868228197, 53.084725396109874 ], [ -117.412190324600672, 53.084309805174378 ], [ -117.411545418456313, 53.08386786794258 ], [ -117.410949910087822, 53.083401477565097 ], [ -117.410619147005477, 53.083112339009276 ], [ -117.410188563447178, 53.082719737787691 ], [ -117.409975770243889, 53.082520029448894 ], [ -117.409486495037385, 53.082010819821683 ], [ -117.409053587502484, 53.081483429828829 ], [ -117.408912059796819, 53.081289773734277 ], [ -117.408537126146001, 53.080759900834828 ], [ -117.408303973107536, 53.08041024617625 ], [ -117.407989118446025, 53.079853339998913 ], [ -117.407735432085346, 53.079285226406768 ], [ -117.407593607172387, 53.0788781892062 ], [ -117.407151722953799, 53.078838556292318 ], [ -117.405140023824643, 53.078688216350884 ], [ -117.404983546397119, 53.078676014857912 ], [ -117.403513798416171, 53.078556640691843 ], [ -117.402141142935548, 53.078485024434052 ], [ -117.400424227909383, 53.078412656815182 ], [ -117.39835546403269, 53.078649988201107 ], [ -117.394659517617313, 53.079096027372827 ], [ -117.392025427005919, 53.079449871846009 ], [ -117.391086272191743, 53.079611357124698 ], [ -117.390386691427423, 53.079720686471084 ], [ -117.389471935088693, 53.079831457834857 ], [ -117.388667531743707, 53.079925463663677 ], [ -117.388137048040136, 53.079972525142914 ], [ -117.386213720226749, 53.080121935881877 ], [ -117.38577566781764, 53.080152008080191 ], [ -117.384996325898783, 53.080186123973334 ], [ -117.383381593285719, 53.080231253169899 ], [ -117.383186089800418, 53.080235943072267 ], [ -117.382266272900452, 53.080237296951637 ], [ -117.38089995581349, 53.080213940278263 ], [ -117.380842797712276, 53.080212896764273 ], [ -117.379867882092711, 53.08017471219484 ], [ -117.37903912876132, 53.08011166452853 ], [ -117.378348005619159, 53.080047207622371 ], [ -117.378212529606856, 53.080034187585497 ], [ -117.377508648375041, 53.079964541575507 ], [ -117.377504201006815, 53.079964101558375 ], [ -117.376545918221225, 53.079849589357913 ], [ -117.375602129179441, 53.079697574537526 ], [ -117.375085433526309, 53.079597124718937 ], [ -117.373866850398741, 53.079345387229793 ], [ -117.37345830296799, 53.079256966227291 ], [ -117.372555568022818, 53.079032047735474 ], [ -117.372535206994826, 53.079026487429431 ], [ -117.371343099860511, 53.078700258488688 ], [ -117.370487111645701, 53.078445813349852 ], [ -117.369640889698502, 53.078151842895394 ], [ -117.368828418863018, 53.077825167386116 ], [ -117.368700831330031, 53.077769533537278 ], [ -117.367906183006383, 53.077419159196047 ], [ -117.367654254219758, 53.077305601221013 ], [ -117.365477860172263, 53.076302812406034 ], [ -117.365430844396855, 53.075971105242957 ], [ -117.365431349300806, 53.073572173456554 ], [ -117.36543150247833, 53.072844921405796 ], [ -117.365432552251391, 53.067864044716316 ], [ -117.365432967791023, 53.065920542927735 ], [ -117.365433047777998, 53.065535163193367 ], [ -117.365433350495707, 53.06411808239843 ], [ -117.36543466761826, 53.057928933024215 ], [ -117.365434962076307, 53.056549785891733 ], [ -117.365917094376869, 53.056549704183858 ], [ -117.366891464742338, 53.056588009078574 ], [ -117.36785959399424, 53.056664619866226 ], [ -117.368817340056466, 53.056779208155675 ], [ -117.369760601075058, 53.05693128297203 ], [ -117.370685342407569, 53.057120193810384 ], [ -117.371587604129886, 53.057345132276396 ], [ -117.372463526541708, 53.057605135165446 ], [ -117.372917220208507, 53.057757275230728 ], [ -117.373988285589633, 53.058131283528809 ], [ -117.37623241713851, 53.058882436271098 ], [ -117.376432379426575, 53.058950583078833 ], [ -117.377957890996271, 53.059479834346682 ], [ -117.378385535741813, 53.059633977822237 ], [ -117.379197729804389, 53.059960591851976 ], [ -117.379502633077522, 53.060095643654151 ], [ -117.380500803685706, 53.060549615213368 ], [ -117.380751028600585, 53.060665942139863 ], [ -117.383266987662296, 53.061861339279076 ], [ -117.383892769632368, 53.062149634968044 ], [ -117.38425142020246, 53.062087966958181 ], [ -117.38495073285408, 53.061978676297841 ], [ -117.38510009684569, 53.06195813037332 ], [ -117.38831900423601, 53.061525751871983 ], [ -117.38863638790977, 53.061485290344301 ], [ -117.392560023621641, 53.061011798497368 ], [ -117.392700302369349, 53.060995288251519 ], [ -117.395978818552308, 53.060619175674049 ], [ -117.3963977535673, 53.060565769370264 ], [ -117.397045835581778, 53.060492121954134 ], [ -117.398013912181966, 53.060414909778665 ], [ -117.3989882951102, 53.06037599786395 ], [ -117.399964815542248, 53.060375553867452 ], [ -117.400530273895001, 53.060392918095424 ], [ -117.40434812056489, 53.060553887527433 ], [ -117.404594560434774, 53.060565510663594 ], [ -117.406444168394913, 53.060662017561782 ], [ -117.406606753645903, 53.060671039084149 ], [ -117.407151064127262, 53.06070914152204 ], [ -117.408894575885256, 53.060850762051551 ], [ -117.411007881772846, 53.061008702111444 ], [ -117.411368665051, 53.061038358946028 ], [ -117.413759831212886, 53.061252817366416 ], [ -117.413979441800066, 53.061273519181285 ], [ -117.414678174830357, 53.061352941806888 ], [ -117.415845740319099, 53.06150308217012 ], [ -117.416104967150531, 53.061537871303919 ], [ -117.417048490253705, 53.061689567990811 ], [ -117.417822418794671, 53.061844509466766 ], [ -117.419017541159604, 53.06210581607818 ], [ -117.420525362008732, 53.062418569501531 ], [ -117.420909181658729, 53.06250172959912 ], [ -117.420986469441587, 53.062519343876417 ], [ -117.423409571140695, 53.063076184138943 ], [ -117.424071126705215, 53.063239238246481 ], [ -117.425611061243004, 53.063644965384135 ], [ -117.425774871955639, 53.063688830949751 ], [ -117.426651240956701, 53.063948429519328 ], [ -117.427162836361859, 53.064120556848437 ], [ -117.427933509649222, 53.064391936185885 ], [ -117.428268236685597, 53.064513370941292 ], [ -117.429080893117188, 53.064839638894171 ], [ -117.429655082185548, 53.065099677212451 ], [ -117.430083786989172, 53.065303735578368 ], [ -117.430285104719516, 53.065401276593718 ], [ -117.431020145443668, 53.065788636195478 ], [ -117.431711566492226, 53.066204120747848 ], [ -117.431925900902982, 53.066344588782194 ], [ -117.432384093824822, 53.066651341504517 ], [ -117.432814607108938, 53.066952702102164 ], [ -117.433410117527643, 53.067418984745807 ], [ -117.433953735751814, 53.067907726118335 ], [ -117.434202630059843, 53.068157041833828 ], [ -117.43454760247397, 53.068515604406848 ], [ -117.434788109147775, 53.068775396448942 ], [ -117.435221197029335, 53.069302691574521 ], [ -117.435596110744186, 53.06984591610226 ], [ -117.435607548404704, 53.069864209306566 ], [ -117.435920228796661, 53.070365966572588 ], [ -117.436223931275165, 53.070904503070722 ], [ -117.436477938903948, 53.071472552821525 ], [ -117.436669722833912, 53.072049391482238 ], [ -117.436798458659581, 53.07263254994605 ], [ -117.436863595012781, 53.073219530028055 ], [ -117.436865290922356, 53.073251190803134 ], [ -117.436888438711222, 53.073708360423282 ], [ -117.436960836455896, 53.073764836760326 ], [ -117.437643451102005, 53.074301711229189 ], [ -117.438685969502387, 53.07504863965606 ], [ -117.438785892403985, 53.075120994675018 ], [ -117.439381582039672, 53.07558724473158 ], [ -117.439925372986025, 53.076075956172836 ], [ -117.440107050102043, 53.076256047114946 ], [ -117.440912073641613, 53.077075510504869 ], [ -117.441219970997864, 53.077404498666048 ], [ -117.441653226811283, 53.077931767710155 ], [ -117.442028299400832, 53.078474969390591 ], [ -117.442343581065359, 53.079031780506014 ], [ -117.442379999972772, 53.079104830298107 ], [ -117.442757792493353, 53.079874462568334 ], [ -117.442975521195905, 53.080369446376032 ], [ -117.443167435092221, 53.080946272269784 ], [ -117.443296288983618, 53.081529421545362 ], [ -117.443355217075506, 53.082059589670465 ], [ -117.443552093821239, 53.082201199327869 ], [ -117.445516557311421, 53.083527223816958 ], [ -117.445577237165608, 53.083568433579238 ], [ -117.447424183888259, 53.084830503179155 ], [ -117.448961024685843, 53.085849687997168 ], [ -117.449258557135636, 53.086003501160562 ], [ -117.45098871419728, 53.086801901542259 ], [ -117.452657890117123, 53.087476599273877 ], [ -117.453014109966063, 53.087625140790507 ], [ -117.453790223625234, 53.087982555872621 ], [ -117.454023189984355, 53.088099703365167 ], [ -117.455282234680197, 53.088745990956561 ], [ -117.455784921761207, 53.089016043345275 ], [ -117.455920182720135, 53.089093031140422 ], [ -117.458013890602004, 53.089102586574853 ], [ -117.458851926140383, 53.089050956128609 ], [ -117.458884827658864, 53.089048951024402 ], [ -117.45985978857891, 53.089009533767452 ], [ -117.460601124680878, 53.089005287687506 ], [ -117.461317509361876, 53.089011887884347 ], [ -117.461553328178766, 53.089015181228639 ], [ -117.461614910326389, 53.08901641022468 ], [ -117.461988721608776, 53.089024338210649 ], [ -117.462902308464763, 53.089060617923586 ], [ -117.463112266570064, 53.089073759078858 ], [ -117.463426007533769, 53.089094745227712 ], [ -117.463739050055466, 53.089110144588183 ], [ -117.463961867714389, 53.089122117476883 ], [ -117.464697997494966, 53.089176156440672 ], [ -117.465305886564693, 53.089230030537593 ], [ -117.465538768336629, 53.089251799993697 ], [ -117.465783690225621, 53.089277149584177 ], [ -117.466318150491986, 53.089323754981642 ], [ -117.467276861681356, 53.089437538191163 ], [ -117.467438004900359, 53.089460549932966 ], [ -117.468186658987136, 53.089570103242252 ], [ -117.4687973834139, 53.08966775252312 ], [ -117.468838512604208, 53.089674892968823 ], [ -117.469270505318704, 53.089725139207289 ], [ -117.469803417179264, 53.089793214805447 ], [ -117.470747738183945, 53.08994447509167 ], [ -117.471163647509798, 53.090023955666226 ], [ -117.471850342930111, 53.090161859676833 ], [ -117.472360308619741, 53.090270487119433 ], [ -117.473263778609578, 53.090494638448341 ], [ -117.47414097171027, 53.090753875776237 ], [ -117.474599227087879, 53.0909069623169 ], [ -117.475318323544343, 53.091157215750023 ], [ -117.475442568950712, 53.091200935997357 ], [ -117.475677082320615, 53.091284372676661 ], [ -117.475941749154615, 53.091380777602225 ], [ -117.476755268088056, 53.091706707706493 ], [ -117.477531648010228, 53.092063964528514 ], [ -117.478267565264247, 53.092451019585951 ], [ -117.478670471720861, 53.092686013075649 ], [ -117.479084560910493, 53.09291006063367 ], [ -117.479259559858832, 53.093009959627551 ], [ -117.479464091333298, 53.093128619488439 ], [ -117.479981413037748, 53.093443911745368 ], [ -117.480627156199489, 53.093885467269551 ], [ -117.480659277757638, 53.093909017154786 ], [ -117.480995626240386, 53.094156475755256 ], [ -117.481559911675362, 53.094598954332298 ], [ -117.48210442033114, 53.095087462405289 ], [ -117.482594697299334, 53.095596359601295 ], [ -117.482636823866471, 53.095643922598121 ], [ -117.482947098179693, 53.095996778615586 ], [ -117.483338924352182, 53.096476322558544 ], [ -117.483614985382161, 53.096865170508615 ], [ -117.48372956021457, 53.097037673191828 ], [ -117.48382926147849, 53.097191885028032 ], [ -117.484145223138782, 53.097748575055554 ], [ -117.484204110566893, 53.097867539087382 ], [ -117.484318376608002, 53.09810433767651 ], [ -117.484514295840881, 53.098553308399431 ], [ -117.484706851177705, 53.099130057426422 ], [ -117.484736261697961, 53.099240181050149 ], [ -117.484862630367957, 53.099639540490244 ], [ -117.484915206881084, 53.099843239083008 ], [ -117.485380632846542, 53.101793456696321 ], [ -117.485435184514188, 53.102047736375688 ], [ -117.485542581504916, 53.102405717465487 ], [ -117.485561740084563, 53.102470951062564 ], [ -117.485751041437425, 53.103129642964227 ], [ -117.485765233754805, 53.103179870066995 ], [ -117.485795004982265, 53.103291378347009 ], [ -117.486080543199577, 53.10440545128764 ], [ -117.486083370400195, 53.104416526532191 ], [ -117.486380574187393, 53.105585718025665 ], [ -117.486714737518369, 53.106632631979011 ], [ -117.486778532240464, 53.106846397496085 ], [ -117.486858141400504, 53.107168863851356 ], [ -117.487008853583475, 53.107866077391463 ], [ -117.487058776452344, 53.108126702034312 ], [ -117.487081950533479, 53.108278341667315 ], [ -117.487127529790016, 53.108607107037741 ], [ -117.487418534645229, 53.11016587736232 ], [ -117.487435478153657, 53.110261214578088 ], [ -117.487776655148068, 53.112282673189391 ], [ -117.487778198052851, 53.112291864653912 ], [ -117.487790310591677, 53.112367587937314 ], [ -117.488134090285101, 53.114616320441527 ], [ -117.488238208028022, 53.115203605044236 ], [ -117.488395342826635, 53.116073171396657 ], [ -117.488486523107397, 53.116411069641032 ], [ -117.48855365275854, 53.116565680037539 ], [ -117.488733798437465, 53.116920232272342 ], [ -117.488896616546072, 53.117194594301708 ], [ -117.489076684374211, 53.117436484953451 ], [ -117.489421018911287, 53.117844827334089 ], [ -117.489849413090298, 53.118302096198931 ], [ -117.49008320878994, 53.118510900098933 ], [ -117.490633609231367, 53.118890511621778 ], [ -117.491230470997351, 53.119356484552128 ], [ -117.491775409853446, 53.119844941607155 ], [ -117.491791978082958, 53.119860933609139 ], [ -117.491849281421025, 53.119916375741106 ], [ -117.492549689809564, 53.120477042646151 ], [ -117.492732406663038, 53.1206264886113 ], [ -117.492921680531651, 53.120788419959148 ], [ -117.493995173326098, 53.12172864464015 ], [ -117.494350887682884, 53.122055159549717 ], [ -117.494535283550405, 53.122237491141576 ], [ -117.495512880984009, 53.123230464978086 ], [ -117.495819236979841, 53.123556970029377 ], [ -117.496253635975734, 53.124084022442652 ], [ -117.496428178293471, 53.124323616571857 ], [ -117.496447588833178, 53.124351353681554 ], [ -117.496604969823977, 53.124533159613762 ], [ -117.496949088842953, 53.124957523146882 ], [ -117.497073575102291, 53.125126429608372 ], [ -117.49785527730792, 53.126217159479609 ], [ -117.498106996227392, 53.126591260803245 ], [ -117.498190401477515, 53.126726973438977 ], [ -117.498287169550167, 53.12688841253707 ] ] ] ] } },
{ "type": "Feature", "properties": { "PSCW_NAME": "Peace River Pulp Resource Road", "PSCW_CODE": "CW011", "GlobalID": "{994E5115-EE3A-4553-8F70-CC32396511E0}" }, "geometry": { "type": "MultiPolygon", "coordinates": [ [ [ [ -116.956169920963291, 56.37076660173215 ], [ -116.966968016316656, 56.367834948304662 ], [ -116.968624550173217, 56.371044365841882 ], [ -116.969133403816073, 56.37203975290867 ], [ -116.969145695284524, 56.372064159802889 ], [ -116.969517824017061, 56.372814030779644 ], [ -116.969650252231105, 56.37314778543594 ], [ -116.969820641620856, 56.373716636277237 ], [ -116.969895907369391, 56.374121873858371 ], [ -116.970049567739025, 56.376216125049659 ], [ -116.970054470245017, 56.376351273124278 ], [ -116.970051515690272, 56.380112059173946 ], [ -116.970050902291376, 56.380895392397051 ], [ -116.970050554266919, 56.381344648253965 ], [ -116.970066134614925, 56.384527681639611 ], [ -116.970066553641331, 56.384612875018398 ], [ -116.970077320919543, 56.386814879824463 ], [ -116.970087114342306, 56.389748753292032 ], [ -116.970092713047549, 56.391427998659609 ], [ -116.970102487619968, 56.394363310712478 ], [ -116.970101648190393, 56.395436113625841 ], [ -116.970097841725604, 56.400300850172414 ], [ -116.970097033718417, 56.401326498331571 ], [ -116.970095756365566, 56.402819976937813 ], [ -116.970012334722568, 56.410093671999348 ], [ -116.969994443393801, 56.410328741577992 ], [ -116.969913306650085, 56.410904583607376 ], [ -116.969869377227411, 56.411216349863032 ], [ -116.969863867645287, 56.411252859257033 ], [ -116.969738877810556, 56.412028460938856 ], [ -116.969651321064447, 56.412369220712243 ], [ -116.969059193994667, 56.414040987560611 ], [ -116.968982199139873, 56.414229024858507 ], [ -116.968452634605427, 56.415366478630247 ], [ -116.968286276935004, 56.415664540204887 ], [ -116.96799423969577, 56.416111431647813 ], [ -116.967621516005138, 56.416681754144371 ], [ -116.967566830770522, 56.41676543118345 ], [ -116.965904159369359, 56.41930936736621 ], [ -116.965805241000524, 56.41945046894859 ], [ -116.964293038220475, 56.421468486918911 ], [ -116.962532809545195, 56.424417647887246 ], [ -116.962486589579527, 56.424492086300347 ], [ -116.960525770648218, 56.427530684777331 ], [ -116.96042284481554, 56.427835799924381 ], [ -116.960412477655552, 56.427866534842195 ], [ -116.960401515062998, 56.427916405265321 ], [ -116.960196954932044, 56.428847001926044 ], [ -116.959980326595542, 56.430129249390006 ], [ -116.959989667915366, 56.435608601777268 ], [ -116.960012103511005, 56.443856156852625 ], [ -116.959961816928143, 56.444288143261474 ], [ -116.959539797607221, 56.446071955913922 ], [ -116.959523107077089, 56.446137394430238 ], [ -116.959273158391369, 56.447050828956343 ], [ -116.959162109707705, 56.447357401403139 ], [ -116.958709758235443, 56.448356943762207 ], [ -116.958601026397375, 56.448567245621724 ], [ -116.957416091699812, 56.450600709385505 ], [ -116.957167074100781, 56.450956054695119 ], [ -116.956952199602213, 56.451216742419689 ], [ -116.956045002403371, 56.452317326620893 ], [ -116.95571646026869, 56.452660587658826 ], [ -116.953587384581866, 56.454598642363678 ], [ -116.95342904540685, 56.454742770090526 ], [ -116.95315916970101, 56.454985812136499 ], [ -116.953084614554157, 56.455052959854385 ], [ -116.953046509619554, 56.455087275789197 ], [ -116.950807498435324, 56.457019176570292 ], [ -116.948722786683319, 56.458817723719989 ], [ -116.948644972041691, 56.458883122712166 ], [ -116.946550144718188, 56.460598838943191 ], [ -116.94509410132018, 56.461855567457704 ], [ -116.943596857916305, 56.463579953995215 ], [ -116.94345785506934, 56.463740030208946 ], [ -116.942338325302487, 56.465530342055267 ], [ -116.942177109034716, 56.465963476271114 ], [ -116.940430837858074, 56.470654351687749 ], [ -116.94040648940063, 56.470716680323839 ], [ -116.938728245948738, 56.474819415082301 ], [ -116.937516741214907, 56.478005999065694 ], [ -116.937279214799716, 56.478630629957358 ], [ -116.936833426961371, 56.479784981053314 ], [ -116.935709665992434, 56.482694586166964 ], [ -116.9343599156484, 56.486188706580997 ], [ -116.933957637694036, 56.487282104159576 ], [ -116.932679784675983, 56.490754896957597 ], [ -116.932638836487897, 56.490857722239205 ], [ -116.930577406703833, 56.495665407788671 ], [ -116.928601259172737, 56.500533543713125 ], [ -116.928562977289289, 56.501559336971212 ], [ -116.928661897187126, 56.502645072407859 ], [ -116.929090142341394, 56.503628854966863 ], [ -116.93037646733724, 56.50630731635195 ], [ -116.930490320116377, 56.506596163883977 ], [ -116.931358052402217, 56.509397610550145 ], [ -116.931413971185293, 56.50962600567091 ], [ -116.931599162319571, 56.510651683380402 ], [ -116.931628486596964, 56.510961137005715 ], [ -116.931647607194634, 56.512998612742265 ], [ -116.931680654484111, 56.516520258659639 ], [ -116.931741473689698, 56.518688123015565 ], [ -116.931845295529854, 56.51884038245997 ], [ -116.931985102626484, 56.518981235176653 ], [ -116.93230029516063, 56.519351787155408 ], [ -116.932596608470689, 56.519900804153544 ], [ -116.932667875534207, 56.520135218493053 ], [ -116.932776205768562, 56.52059204095621 ], [ -116.932821511029658, 56.520882701150335 ], [ -116.932912921464649, 56.522097934039159 ], [ -116.932709224695458, 56.523097867656453 ], [ -116.932458836505191, 56.523606205330168 ], [ -116.932237287122348, 56.523970464445767 ], [ -116.931561029055146, 56.524898718875214 ], [ -116.931580179057207, 56.525395353469811 ], [ -116.931630035490045, 56.526688270547247 ], [ -116.931631370257719, 56.526765361790439 ], [ -116.931627888338852, 56.527662727688465 ], [ -116.931602253396377, 56.53427045568948 ], [ -116.931601886677939, 56.534365849583494 ], [ -116.931599927986923, 56.535569133835644 ], [ -116.931599644998002, 56.535598211279599 ], [ -116.931506134372157, 56.540900054534333 ], [ -116.931479633466324, 56.54240227574293 ], [ -116.931615033362391, 56.544052117309619 ], [ -116.931637389872407, 56.544324532031254 ], [ -116.93194889768057, 56.54527635757362 ], [ -116.93262703212288, 56.546592366209516 ], [ -116.933388719810054, 56.547547378910195 ], [ -116.935214775497585, 56.549099610171211 ], [ -116.938006571888138, 56.551198148377381 ], [ -116.947536500200954, 56.558181863295736 ], [ -116.95185785338451, 56.561332879176959 ], [ -116.954190688966619, 56.563033641060585 ], [ -116.954483498791518, 56.563267461493886 ], [ -116.955652953377353, 56.56429345277428 ], [ -116.955888362432759, 56.56451938276566 ], [ -116.957057675860199, 56.565752187222806 ], [ -116.9574103582855, 56.566203105069604 ], [ -116.958236228376975, 56.567521968029808 ], [ -116.958311584905474, 56.567650832828001 ], [ -116.958841288683146, 56.568624881151543 ], [ -116.959020840975469, 56.569060734340205 ], [ -116.959596297683547, 56.5710861924372 ], [ -116.959667622697353, 56.571641832522552 ], [ -116.959618742586898, 56.573555057774755 ], [ -116.959567955320793, 56.573939556352478 ], [ -116.958765788005408, 56.577287948091367 ], [ -116.958754451479948, 56.577335277261653 ], [ -116.958438664992983, 56.578653320757965 ], [ -116.958430174695707, 56.578687385563839 ], [ -116.95785767092508, 56.580898470828942 ], [ -116.956451617238884, 56.586327747222548 ], [ -116.955833484809858, 56.588772654159342 ], [ -116.955772202448841, 56.589015054312434 ], [ -116.955700873888873, 56.589565859386369 ], [ -116.955673694923433, 56.589973014457215 ], [ -116.95558644434341, 56.590425258307917 ], [ -116.955334846032585, 56.59119518713895 ], [ -116.955303929224314, 56.591289793010169 ], [ -116.955259522680151, 56.591417993426731 ], [ -116.955128948973723, 56.5917566640084 ], [ -116.95492601948844, 56.592269269700338 ], [ -116.954903316988933, 56.592366946639856 ], [ -116.954472443556142, 56.594220596393953 ], [ -116.954457869362173, 56.594279131869989 ], [ -116.954221269868583, 56.595169704728661 ], [ -116.954203198914641, 56.595211659640682 ], [ -116.953645344112445, 56.597150050770132 ], [ -116.953504531014687, 56.59750624351593 ], [ -116.952969839180767, 56.598571126632059 ], [ -116.952721452811218, 56.599065810245719 ], [ -116.952649136300636, 56.599198841812552 ], [ -116.952335245224091, 56.599735873287727 ], [ -116.952308437581195, 56.599781737986973 ], [ -116.952294219084081, 56.599807312162454 ], [ -116.951326887260038, 56.60154636175227 ], [ -116.95129096488904, 56.601610936533298 ], [ -116.95125289928778, 56.601682845464069 ], [ -116.950937963557706, 56.602277728940038 ], [ -116.950719356784163, 56.602690651303874 ], [ -116.950667956245766, 56.602811392656541 ], [ -116.949930710173078, 56.604058533366967 ], [ -116.948855235655017, 56.605833627981511 ], [ -116.94855786720467, 56.606362833617837 ], [ -116.947230173311979, 56.608725398904227 ], [ -116.947010469002436, 56.609116320449182 ], [ -116.946971230923438, 56.609183578748393 ], [ -116.943741298571965, 56.614521255799971 ], [ -116.94357423939492, 56.614810428763974 ], [ -116.943380665555154, 56.615145506096361 ], [ -116.942586327118832, 56.616520400686206 ], [ -116.93965713462633, 56.621589618251534 ], [ -116.93764318230329, 56.625445508108868 ], [ -116.937576440982923, 56.62557327622325 ], [ -116.936779653131225, 56.627098563996043 ], [ -116.936402168132645, 56.63328006780997 ], [ -116.936307917146692, 56.634823155281424 ], [ -116.936287191361259, 56.635542134312452 ], [ -116.93609240860583, 56.642296101797903 ], [ -116.936056373933624, 56.64329419653771 ], [ -116.935917680431317, 56.647136337482266 ], [ -116.935829832320479, 56.64956960323768 ], [ -116.935828478964964, 56.649600061285049 ], [ -116.935611283324064, 56.65370208546134 ], [ -116.935408408673837, 56.657533000360452 ], [ -116.935325410228984, 56.659245357762217 ], [ -116.93503638260583, 56.665206713926764 ], [ -116.934893524911104, 56.670194085466377 ], [ -116.935020371351982, 56.670766560644211 ], [ -116.935376163299736, 56.671454576216895 ], [ -116.935927927327484, 56.672448423106857 ], [ -116.937009880226512, 56.673628727639432 ], [ -116.938062952370302, 56.674683503988376 ], [ -116.938272459702446, 56.674893342068764 ], [ -116.939907706213916, 56.675944590293248 ], [ -116.940608751006181, 56.67639524637849 ], [ -116.940771100677196, 56.676504252270021 ], [ -116.943590123213369, 56.678481967926146 ], [ -116.946647748540116, 56.680626754419322 ], [ -116.947269874863437, 56.681063120680683 ], [ -116.952116710565988, 56.684477535030268 ], [ -116.956687836832842, 56.68769697758286 ], [ -116.958011593884308, 56.688629167862864 ], [ -116.960620326371199, 56.690452556695874 ], [ -116.962024742437535, 56.691434082561216 ], [ -116.964938143586082, 56.693470006670296 ], [ -116.965216909779713, 56.69368158719498 ], [ -116.966688148640458, 56.694897125368058 ], [ -116.966785639024266, 56.6949803569916 ], [ -116.96800646826506, 56.696057935014643 ], [ -116.96827540771686, 56.69632159259298 ], [ -116.969682868727261, 56.697863503592501 ], [ -116.973431275976054, 56.701844898635919 ], [ -116.974961277790328, 56.703469932352547 ], [ -116.976485430237574, 56.705118270116401 ], [ -116.978603999282598, 56.707409186895774 ], [ -116.981115027574901, 56.710124089095849 ], [ -116.981264256248593, 56.710297804505217 ], [ -116.981893855313828, 56.711089835470133 ], [ -116.982141229093031, 56.711401014694673 ], [ -116.98235065832877, 56.711704459310297 ], [ -116.983666006658595, 56.713936691236377 ], [ -116.983911718338021, 56.714545643679308 ], [ -116.984208933207569, 56.715864232866174 ], [ -116.984254241098256, 56.716251250018587 ], [ -116.984294720718736, 56.720482652833404 ], [ -116.984299344774598, 56.720965250436755 ], [ -116.984298331841615, 56.721045572429965 ], [ -116.98418931010545, 56.724171192377952 ], [ -116.984149404137, 56.725315290286105 ], [ -116.984347138378666, 56.729094862931078 ], [ -116.984358010660799, 56.729302752000166 ], [ -116.984772355373877, 56.730494218867221 ], [ -116.985502098294276, 56.731429036528695 ], [ -116.987281098612826, 56.732803537912908 ], [ -116.98955439761302, 56.734001390272745 ], [ -116.990138793206256, 56.734309299817269 ], [ -116.991448828153239, 56.734925797524163 ], [ -116.997741003817069, 56.737886400777434 ], [ -116.997826696177469, 56.737927497862984 ], [ -116.999222202786797, 56.738609698484929 ], [ -117.000815976182906, 56.739388776331019 ], [ -117.002729217366209, 56.740328105990343 ], [ -117.003593396398955, 56.740854996010682 ], [ -117.004847458607117, 56.741809279234047 ], [ -117.005050294090822, 56.741973891617455 ], [ -117.005734666358677, 56.74256716834271 ], [ -117.010619832601179, 56.746648124901853 ], [ -117.012469316840409, 56.748192859245464 ], [ -117.01257488653458, 56.748284271356432 ], [ -117.013733005669579, 56.749324541642274 ], [ -117.014734099886709, 56.750223694617667 ], [ -117.020602601308155, 56.755493558518573 ], [ -117.02914734391166, 56.763046056152909 ], [ -117.029482266436986, 56.763342009983532 ], [ -117.034996105466661, 56.767834555167262 ], [ -117.037993101111027, 56.770275892571611 ], [ -117.038136432341403, 56.770398401947716 ], [ -117.046394486035709, 56.777811734766814 ], [ -117.048255430328069, 56.779481841000518 ], [ -117.056291854234004, 56.786504944399603 ], [ -117.056665171208664, 56.786831124355658 ], [ -117.057275542209069, 56.787364375098967 ], [ -117.057308323132872, 56.787393348439963 ], [ -117.05960613862986, 56.789447700101192 ], [ -117.059739360539211, 56.789572906585228 ], [ -117.061992272064714, 56.791801695703043 ], [ -117.064720937555748, 56.794161556140978 ], [ -117.064748957262779, 56.794186549370806 ], [ -117.070542068556023, 56.799398760033796 ], [ -117.073430144591015, 56.802039569165117 ], [ -117.074389980738403, 56.802940057914803 ], [ -117.075574339380481, 56.804309810083616 ], [ -117.076140431739617, 56.805250368623703 ], [ -117.076604363507144, 56.806287558833453 ], [ -117.076823388958104, 56.807257768472219 ], [ -117.076949073754463, 56.808285667486217 ], [ -117.076878009868864, 56.809371268277353 ], [ -117.076645488766886, 56.810079974469765 ], [ -117.072626976767225, 56.810078646913738 ], [ -117.066065633967, 56.8100762101299 ], [ -117.064378064490427, 56.810075527439956 ], [ -117.064682211862632, 56.80943169932214 ], [ -117.064760887348797, 56.809192158987834 ], [ -117.064933352943598, 56.808667013094166 ], [ -117.064951749183734, 56.808387292049233 ], [ -117.064890064596597, 56.807881487444881 ], [ -117.06479914348273, 56.807478173170466 ], [ -117.064615000473438, 56.807066206146423 ], [ -117.064410478636177, 56.806726220930493 ], [ -117.063900901197343, 56.806121066751906 ], [ -117.063121106761187, 56.805389294286769 ], [ -117.060286639303612, 56.802796859606516 ], [ -117.054561373182921, 56.797644287896702 ], [ -117.051783222705026, 56.795241072645389 ], [ -117.051603115931044, 56.795074614838953 ], [ -117.04932912379715, 56.792824373847459 ], [ -117.047117020996765, 56.7908461776358 ], [ -117.046523198021902, 56.790327256322314 ], [ -117.046149888768738, 56.790001017787574 ], [ -117.038095861687097, 56.782960889866018 ], [ -117.038058720107685, 56.782927986098692 ], [ -117.036179666089268, 56.781241215350242 ], [ -117.027992023764369, 56.77388934207216 ], [ -117.025069502333466, 56.771508165479844 ], [ -117.019494525226932, 56.766964840227253 ], [ -117.019374405728385, 56.766862924022846 ], [ -117.018981192874932, 56.766515376417615 ], [ -117.010405144437968, 56.758933273081738 ], [ -117.004526750830223, 56.753653255531482 ], [ -117.003525782565376, 56.752754006115708 ], [ -117.002419211760468, 56.75175980260331 ], [ -117.000624080439962, 56.750260155226648 ], [ -116.995711891999193, 56.746155712536471 ], [ -116.995657373645784, 56.746109312611821 ], [ -116.995043061497768, 56.74557664839687 ], [ -116.994275077585854, 56.744992138978681 ], [ -116.992850834955163, 56.744292816278147 ], [ -116.991271797020701, 56.74352087305428 ], [ -116.989918722935911, 56.742859349898595 ], [ -116.983669489028202, 56.739918675040578 ], [ -116.982231807642719, 56.739242035363134 ], [ -116.981982971361404, 56.739118099328465 ], [ -116.981277292378024, 56.738746247957835 ], [ -116.978596723643562, 56.737333627520449 ], [ -116.977862525915469, 56.736866350778129 ], [ -116.975386205156084, 56.734952701093839 ], [ -116.974763723759466, 56.734343463857606 ], [ -116.973526137700759, 56.732757500097208 ], [ -116.973148192555882, 56.732078579481964 ], [ -116.972522337713229, 56.730277295269836 ], [ -116.972418641965874, 56.729754671686479 ], [ -116.972394127327021, 56.729283196869453 ], [ -116.972193493979347, 56.725424877646503 ], [ -116.972192175023523, 56.725267387900544 ], [ -116.972235215551166, 56.724044528878373 ], [ -116.972343811166283, 56.720959071599133 ], [ -116.972339709658982, 56.720516621400179 ], [ -116.972302365987133, 56.716479433151257 ], [ -116.97211893660932, 56.715664513474344 ], [ -116.971070768661022, 56.713884802788542 ], [ -116.970941780079897, 56.71372248142049 ], [ -116.970382322528579, 56.7130184376458 ], [ -116.967951069833447, 56.710388986929047 ], [ -116.965832978456717, 56.70809788349024 ], [ -116.964319231912668, 56.706460308054268 ], [ -116.962820048413064, 56.704867731970509 ], [ -116.959055343533095, 56.700867847775953 ], [ -116.959021555141135, 56.700831383478452 ], [ -116.957721136030131, 56.699406310672607 ], [ -116.956693569450664, 56.698499100705632 ], [ -116.95540409603575, 56.697433515989921 ], [ -116.95263790914936, 56.695500127999026 ], [ -116.951233576334005, 56.694518498225271 ], [ -116.948605179310675, 56.692681019607946 ], [ -116.9472749195685, 56.691744086816101 ], [ -116.942704102190319, 56.688524303249061 ], [ -116.937861602146782, 56.685112360211974 ], [ -116.937251579206787, 56.68468441984443 ], [ -116.934194153538215, 56.682539400905689 ], [ -116.931454351071025, 56.6806169437588 ], [ -116.930836637973059, 56.680219796975926 ], [ -116.928800927512484, 56.678910898633688 ], [ -116.928103811591924, 56.678356222607739 ], [ -116.927597762722883, 56.677849244962488 ], [ -116.926494327085422, 56.676743713774506 ], [ -116.926396459078106, 56.676641436623711 ], [ -116.925037359064603, 56.675158333676755 ], [ -116.924658014531701, 56.674638272081367 ], [ -116.923940470217673, 56.673345136388988 ], [ -116.923907940508755, 56.673284414092322 ], [ -116.923408942983897, 56.672318896260933 ], [ -116.923224865802254, 56.671816917914292 ], [ -116.922992193008099, 56.670765375785066 ], [ -116.922949148199606, 56.670315538918409 ], [ -116.923100642786281, 56.665084492341236 ], [ -116.92310203548864, 56.665048607902904 ], [ -116.923393821375228, 56.659069331663318 ], [ -116.923477975993066, 56.657344806698553 ], [ -116.923682274374016, 56.653509847528184 ], [ -116.923899947545834, 56.649423064147918 ], [ -116.923988012758173, 56.64700503024887 ], [ -116.924127918609443, 56.643162891106222 ], [ -116.924164023467711, 56.642171364183305 ], [ -116.924360315149045, 56.635437127759303 ], [ -116.924382123821189, 56.634688962231529 ], [ -116.924384763199043, 56.63463060051123 ], [ -116.924481292295056, 56.633058352650295 ], [ -116.924885722098693, 56.626469567848908 ], [ -116.925115417264323, 56.625670679123992 ], [ -116.926184108418042, 56.623626089394776 ], [ -116.926250876014137, 56.623498341675798 ], [ -116.928222316374857, 56.619726013471144 ], [ -116.928270954781041, 56.619637626944545 ], [ -116.931226981067624, 56.614524662428991 ], [ -116.93202168539969, 56.613149838838993 ], [ -116.932215364217541, 56.612814762162387 ], [ -116.932394911790965, 56.612504129951049 ], [ -116.932420254277645, 56.612461304244576 ], [ -116.935644268959919, 56.607136054708818 ], [ -116.935845114354265, 56.606778881131653 ], [ -116.937173460112831, 56.604416420296239 ], [ -116.937490370127591, 56.603852750130955 ], [ -116.937530524554816, 56.603784001807583 ], [ -116.938620282345894, 56.601986224335953 ], [ -116.939267523650543, 56.600891793043708 ], [ -116.939338697180872, 56.600754948118158 ], [ -116.939871202231018, 56.599747123417387 ], [ -116.939903525390974, 56.599682220779194 ], [ -116.939943157017296, 56.599610627279809 ], [ -116.940948579301434, 56.597807113443572 ], [ -116.940971005021822, 56.597760726374084 ], [ -116.940985759822553, 56.597735306997286 ], [ -116.941271120695788, 56.597243682137723 ], [ -116.941486031047305, 56.596815934071849 ], [ -116.941932645432104, 56.595927006011237 ], [ -116.942431771399853, 56.594214131065087 ], [ -116.942443642183449, 56.594169615680023 ], [ -116.94266095737629, 56.593354571398734 ], [ -116.943085579447924, 56.591530271334143 ], [ -116.943141526638101, 56.591289890919228 ], [ -116.943230430060055, 56.591006627007452 ], [ -116.94353551356221, 56.590236557019693 ], [ -116.94357268158636, 56.59014275020759 ], [ -116.943614894232894, 56.590014363865869 ], [ -116.943783099653544, 56.589502744993389 ], [ -116.943798931840362, 56.589266686893353 ], [ -116.943810078527392, 56.589153397048172 ], [ -116.943878277615326, 56.588628056070299 ], [ -116.943929353916957, 56.588301720717361 ], [ -116.943965546682122, 56.588070508808251 ], [ -116.944658878405434, 56.585397125164924 ], [ -116.946066591339388, 56.579967976318827 ], [ -116.946635359708424, 56.577773960212035 ], [ -116.946958817982193, 56.576425644553765 ], [ -116.946970172879674, 56.576378327932396 ], [ -116.947716102641365, 56.573268720658561 ], [ -116.947753356107569, 56.571828062719455 ], [ -116.94731969743637, 56.570300005306521 ], [ -116.946942129968249, 56.569605337939173 ], [ -116.946302352643372, 56.568583171438441 ], [ -116.94544974117025, 56.567684000221654 ], [ -116.944543469903678, 56.56688872516051 ], [ -116.942366366049299, 56.565301207689977 ], [ -116.938033323235786, 56.562141087512096 ], [ -116.928478600419893, 56.555137925136982 ], [ -116.928435903327809, 56.5551062279606 ], [ -116.9255219698384, 56.55291546300289 ], [ -116.92532765042229, 56.55276020988191 ], [ -116.923146783931642, 56.550905956190221 ], [ -116.92269109379653, 56.550440217444731 ], [ -116.921570530169916, 56.549034735092626 ], [ -116.921292971261067, 56.548609448398352 ], [ -116.92042275642099, 56.546919699806416 ], [ -116.920290451863693, 56.546604614209059 ], [ -116.919856411307592, 56.545277119964027 ], [ -116.919767738922971, 56.544841258994424 ], [ -116.919727511212301, 56.544349261819917 ], [ -116.919585233315146, 56.542608985652151 ], [ -116.91957947154394, 56.542428094077607 ], [ -116.919608068523729, 56.540835386743353 ], [ -116.919702985925511, 56.535548080637078 ], [ -116.919705105956396, 56.534454718847662 ], [ -116.919705292058893, 56.534359311759886 ], [ -116.919733424788845, 56.527648008025338 ], [ -116.919737021758536, 56.526789183295868 ], [ -116.9196890446986, 56.525534793697673 ], [ -116.919649828434999, 56.524509335162143 ], [ -116.919889299236203, 56.523514019912035 ], [ -116.920186732960431, 56.522954017357328 ], [ -116.920376728791553, 56.522651635980182 ], [ -116.920988532509014, 56.521812200226421 ], [ -116.920964815552495, 56.52149550781003 ], [ -116.920865504785141, 56.521376132742375 ], [ -116.920383658890472, 56.520669125741748 ], [ -116.920145447946538, 56.520228224708553 ], [ -116.920005845519981, 56.519883396605643 ], [ -116.919863023483259, 56.519216004159475 ], [ -116.919790578287831, 56.516604606028501 ], [ -116.919789951269692, 56.51657069622857 ], [ -116.919757851957385, 56.513032084558773 ], [ -116.919740777025382, 56.511149723458331 ], [ -116.919604398400466, 56.510393111665167 ], [ -116.918817802860332, 56.507851071274651 ], [ -116.917583093490848, 56.505278447040006 ], [ -116.91754909279399, 56.505204110794963 ], [ -116.916975328258815, 56.503885123793829 ], [ -116.916817963939224, 56.503281228935293 ], [ -116.91668102285405, 56.501772927338919 ], [ -116.916674829519735, 56.501539706108225 ], [ -116.916724451572634, 56.500221135784642 ], [ -116.916763166991942, 56.499908811867293 ], [ -116.916824413727156, 56.499618353470559 ], [ -116.916929001331226, 56.499278450387763 ], [ -116.918989844710438, 56.494205500779081 ], [ -116.91900596091962, 56.494166901344421 ], [ -116.921055063256702, 56.489391360484269 ], [ -116.922314938905032, 56.485970274010455 ], [ -116.922723331334595, 56.484861178946943 ], [ -116.922735188485305, 56.484829753103234 ], [ -116.924092026840015, 56.481320062758634 ], [ -116.925216637262395, 56.4784105649426 ], [ -116.925660804804096, 56.477261315879971 ], [ -116.925892711302552, 56.476651872176447 ], [ -116.927114504507159, 56.473440794612756 ], [ -116.927133891664425, 56.473391711346871 ], [ -116.928810626319716, 56.469295708580326 ], [ -116.930546630127466, 56.464636229818403 ], [ -116.930786066250505, 56.463993483528682 ], [ -116.930990708661554, 56.463581568103471 ], [ -116.932348942348995, 56.461410566393731 ], [ -116.932608527585657, 56.46106176846844 ], [ -116.932895461964833, 56.46073143556935 ], [ -116.9345505581298, 56.458825855635403 ], [ -116.934904279828459, 56.458475201249328 ], [ -116.936595434811295, 56.457015880035677 ], [ -116.936674210323346, 56.456949668206583 ], [ -116.938769786451275, 56.455233719237413 ], [ -116.940816567838851, 56.453468292880011 ], [ -116.943081520922291, 56.45154177966203 ], [ -116.943145329070973, 56.451474896064305 ], [ -116.943287582558227, 56.45132576881187 ], [ -116.94366669880921, 56.450980772395638 ], [ -116.945392676508916, 56.449410027789447 ], [ -116.946154161361818, 56.448486532219832 ], [ -116.94622590533595, 56.44839952723455 ], [ -116.947244749919093, 56.44665197670917 ], [ -116.94758056442619, 56.445910438696068 ], [ -116.947779447113092, 56.445184434638385 ], [ -116.948143294030672, 56.443648490950871 ], [ -116.948123941942626, 56.435615979889214 ], [ -116.948116078068253, 56.429979706341925 ], [ -116.948141995309584, 56.429670255753145 ], [ -116.948392875197442, 56.428188033337506 ], [ -116.948410598578079, 56.428096975801061 ], [ -116.94864326950028, 56.427039953427986 ], [ -116.948660985995502, 56.426959469894562 ], [ -116.948750110098132, 56.426753309074208 ], [ -116.94895398084725, 56.426059924760061 ], [ -116.949198270230525, 56.425560806139778 ], [ -116.951293631220153, 56.422315212784014 ], [ -116.953101490121639, 56.419287726989815 ], [ -116.953255125798236, 56.419059213350302 ], [ -116.95479988162711, 56.416998556057116 ], [ -116.95636195642571, 56.414609617717822 ], [ -116.956416667362689, 56.414525934823608 ], [ -116.956844216127763, 56.413872001471155 ], [ -116.95704036796964, 56.413571979724907 ], [ -116.957456298165653, 56.41267916967341 ], [ -116.957955423724272, 56.411271194559994 ], [ -116.958049987237814, 56.410685501978243 ], [ -116.958091432373976, 56.410391975028233 ], [ -116.958156183378762, 56.409933462091999 ], [ -116.958240373306481, 56.402787214085578 ], [ -116.958241979720754, 56.401322950041418 ], [ -116.958243102224472, 56.40029731005049 ], [ -116.958248425947161, 56.395432571891007 ], [ -116.95824959432295, 56.394363532208068 ], [ -116.958240749484602, 56.391439482383959 ], [ -116.958235671727081, 56.3897602510919 ], [ -116.958226802588271, 56.386829213646344 ], [ -116.958217118434007, 56.384715243552549 ], [ -116.958216725214484, 56.384630037478729 ], [ -116.958201698751665, 56.38134630536193 ], [ -116.958202196232733, 56.380891875228713 ], [ -116.958203054257311, 56.380108536805807 ], [ -116.958207100028886, 56.376415348805125 ], [ -116.958073918485425, 56.37459254393309 ], [ -116.958014446264002, 56.37439379574468 ], [ -116.957730403211897, 56.373821080356734 ], [ -116.956169920963291, 56.37076660173215 ] ] ] ] } }
]
}
